-- MySQL dump 10.13  Distrib 8.0.35, for Win64 (x86_64)
--
-- Host: 127.0.0.1    Database: virtuallab
-- ------------------------------------------------------
-- Server version	8.0.35

/*!40101 SET @OLD_CHARACTER_SET_CLIENT=@@CHARACTER_SET_CLIENT */;
/*!40101 SET @OLD_CHARACTER_SET_RESULTS=@@CHARACTER_SET_RESULTS */;
/*!40101 SET @OLD_COLLATION_CONNECTION=@@COLLATION_CONNECTION */;
/*!50503 SET NAMES utf8mb4 */;
/*!40103 SET @OLD_TIME_ZONE=@@TIME_ZONE */;
/*!40103 SET TIME_ZONE='+00:00' */;
/*!40014 SET @OLD_UNIQUE_CHECKS=@@UNIQUE_CHECKS, UNIQUE_CHECKS=0 */;
/*!40014 SET @OLD_FOREIGN_KEY_CHECKS=@@FOREIGN_KEY_CHECKS, FOREIGN_KEY_CHECKS=0 */;
/*!40101 SET @OLD_SQL_MODE=@@SQL_MODE, SQL_MODE='NO_AUTO_VALUE_ON_ZERO' */;
/*!40111 SET @OLD_SQL_NOTES=@@SQL_NOTES, SQL_NOTES=0 */;

--
-- Table structure for table `auth_factor`
--

DROP TABLE IF EXISTS `auth_factor`;
/*!40101 SET @saved_cs_client     = @@character_set_client */;
/*!50503 SET character_set_client = utf8mb4 */;
CREATE TABLE `auth_factor` (
  `id` bigint NOT NULL AUTO_INCREMENT COMMENT '认证因素ID',
  `user_id` bigint NOT NULL COMMENT '用户ID',
  `factor_type` varchar(20) NOT NULL COMMENT '认证类型：password-密码 sms-短信 email-邮箱 fingerprint-指纹',
  `factor_value` text COMMENT '认证值',
  `factor_code` varchar(10) DEFAULT NULL COMMENT '验证码',
  `expire_time` datetime DEFAULT NULL COMMENT '过期时间',
  `status` tinyint DEFAULT '1' COMMENT '状态：0-禁用 1-启用',
  `is_default` tinyint DEFAULT '0' COMMENT '是否默认认证方式：0-否 1-是',
  `create_time` datetime DEFAULT CURRENT_TIMESTAMP COMMENT '创建时间',
  `update_time` datetime DEFAULT CURRENT_TIMESTAMP ON UPDATE CURRENT_TIMESTAMP COMMENT '更新时间',
  PRIMARY KEY (`id`),
  KEY `idx_user_id` (`user_id`),
  KEY `idx_factor_type` (`factor_type`),
  KEY `idx_status` (`status`),
  KEY `idx_expire_time` (`expire_time`)
) ENGINE=InnoDB DEFAULT CHARSET=utf8mb4 COLLATE=utf8mb4_0900_ai_ci COMMENT='多因素认证表';
/*!40101 SET character_set_client = @saved_cs_client */;

--
-- Dumping data for table `auth_factor`
--

LOCK TABLES `auth_factor` WRITE;
/*!40000 ALTER TABLE `auth_factor` DISABLE KEYS */;
/*!40000 ALTER TABLE `auth_factor` ENABLE KEYS */;
UNLOCK TABLES;

--
-- Table structure for table `class`
--

DROP TABLE IF EXISTS `class`;
/*!40101 SET @saved_cs_client     = @@character_set_client */;
/*!50503 SET character_set_client = utf8mb4 */;
CREATE TABLE `class` (
  `id` bigint NOT NULL AUTO_INCREMENT COMMENT '班级ID',
  `name` varchar(100) NOT NULL COMMENT '班级名称',
  `department` varchar(100) DEFAULT NULL COMMENT '所属院系',
  `major` varchar(100) DEFAULT NULL COMMENT '专业',
  `grade` varchar(20) DEFAULT NULL COMMENT '年级',
  `instructor_id` bigint DEFAULT NULL COMMENT '班主任ID',
  `created_at` datetime DEFAULT CURRENT_TIMESTAMP COMMENT '创建时间',
  PRIMARY KEY (`id`),
  KEY `instructor_id` (`instructor_id`),
  CONSTRAINT `class_ibfk_1` FOREIGN KEY (`instructor_id`) REFERENCES `user` (`id`) ON DELETE SET NULL
) ENGINE=InnoDB AUTO_INCREMENT=7 DEFAULT CHARSET=utf8mb4 COLLATE=utf8mb4_0900_ai_ci COMMENT='班级表';
/*!40101 SET character_set_client = @saved_cs_client */;

--
-- Dumping data for table `class`
--

LOCK TABLES `class` WRITE;
/*!40000 ALTER TABLE `class` DISABLE KEYS */;
INSERT INTO `class` VALUES (1,'软件工程1班',NULL,NULL,NULL,NULL,'2025-06-28 10:48:08'),(2,'软件工程2班',NULL,NULL,NULL,NULL,'2025-06-28 10:48:08'),(3,'软件工程3班',NULL,NULL,NULL,NULL,'2025-06-28 10:48:08'),(4,'软件工程4班',NULL,NULL,NULL,NULL,'2025-06-28 10:48:08'),(5,'软件工程5班',NULL,NULL,NULL,NULL,'2025-06-28 10:48:08'),(6,'软件工程6班',NULL,NULL,NULL,NULL,'2025-06-28 10:48:08');
/*!40000 ALTER TABLE `class` ENABLE KEYS */;
UNLOCK TABLES;

--
-- Table structure for table `department`
--

DROP TABLE IF EXISTS `department`;
/*!40101 SET @saved_cs_client     = @@character_set_client */;
/*!50503 SET character_set_client = utf8mb4 */;
CREATE TABLE `department` (
  `id` bigint NOT NULL AUTO_INCREMENT COMMENT '主键ID',
  `name` varchar(100) NOT NULL COMMENT '院系名称',
  `code` varchar(50) NOT NULL COMMENT '院系编码',
  `description` text COMMENT '院系描述',
  `parent_id` bigint DEFAULT NULL COMMENT '父院系ID，用于院系层级结构',
  `level` int DEFAULT '1' COMMENT '院系级别：1-学院 2-系 3-专业',
  `status` int DEFAULT '1' COMMENT '状态：0-禁用 1-启用',
  `contact_person` varchar(50) DEFAULT NULL COMMENT '联系人',
  `contact_phone` varchar(20) DEFAULT NULL COMMENT '联系电话',
  `contact_email` varchar(100) DEFAULT NULL COMMENT '联系邮箱',
  `sort` int DEFAULT '0' COMMENT '排序',
  `create_time` datetime DEFAULT CURRENT_TIMESTAMP COMMENT '创建时间',
  `update_time` datetime DEFAULT CURRENT_TIMESTAMP ON UPDATE CURRENT_TIMESTAMP COMMENT '更新时间',
  PRIMARY KEY (`id`),
  UNIQUE KEY `uk_code` (`code`),
  KEY `idx_parent_id` (`parent_id`),
  KEY `idx_status` (`status`)
) ENGINE=InnoDB AUTO_INCREMENT=19 DEFAULT CHARSET=utf8mb4 COLLATE=utf8mb4_0900_ai_ci COMMENT='院系表';
/*!40101 SET character_set_client = @saved_cs_client */;

--
-- Dumping data for table `department`
--

LOCK TABLES `department` WRITE;
/*!40000 ALTER TABLE `department` DISABLE KEYS */;
INSERT INTO `department` VALUES (1,'计算机学院','CS','计算机科学与技术学院',NULL,1,1,NULL,NULL,NULL,0,'2025-06-30 04:04:25','2025-06-30 04:04:25'),(2,'软件工程系','SE','软件工程系',NULL,2,1,NULL,NULL,NULL,0,'2025-06-30 04:04:25','2025-06-30 04:04:25'),(3,'网络工程系','NE','网络工程系',NULL,2,1,NULL,NULL,NULL,0,'2025-06-30 04:04:25','2025-06-30 04:04:25'),(4,'数据科学系','DS','数据科学与大数据技术系',NULL,2,1,NULL,NULL,NULL,0,'2025-06-30 04:04:25','2025-06-30 04:04:25'),(5,'电子工程学院','EE01','电子工程与技术学院',NULL,1,1,NULL,NULL,NULL,0,'2025-07-02 14:04:07','2025-07-02 14:04:07'),(6,'机械工程学院','ME01','机械工程与自动化学院',NULL,1,1,NULL,NULL,NULL,0,'2025-07-02 14:04:07','2025-07-02 14:04:07'),(7,'材料科学与工程学院','MSE01','材料科学与工程学院',NULL,1,1,NULL,NULL,NULL,0,'2025-07-02 14:04:07','2025-07-02 14:04:07'),(8,'生物医学工程学院','BME01','生物医学工程学院',NULL,1,1,NULL,NULL,NULL,0,'2025-07-02 14:04:07','2025-07-02 14:04:07'),(9,'人工智能系','AI01','人工智能与机器学习',NULL,2,1,NULL,NULL,NULL,0,'2025-07-02 14:04:07','2025-07-02 14:04:07'),(10,'计算机系统结构系','CSA01','计算机硬件与系统架构',NULL,2,1,NULL,NULL,NULL,0,'2025-07-02 14:04:07','2025-07-02 14:04:07'),(11,'微电子系','MICRO01','微电子与集成电路',NULL,2,1,NULL,NULL,NULL,0,'2025-07-02 14:04:07','2025-07-02 14:04:07'),(12,'通信工程系','COMM01','现代通信技术',NULL,2,1,NULL,NULL,NULL,0,'2025-07-02 14:04:07','2025-07-02 14:04:07'),(13,'机器人工程系','ROBOT01','智能机器人与自动化',NULL,2,1,NULL,NULL,NULL,0,'2025-07-02 14:04:07','2025-07-02 14:04:07'),(14,'智能制造系','IM01','智能制造与工业4.0',NULL,2,1,NULL,NULL,NULL,0,'2025-07-02 14:04:07','2025-07-02 14:04:07'),(15,'纳米材料系','NANO01','纳米材料与技术',NULL,2,1,NULL,NULL,NULL,0,'2025-07-02 14:04:07','2025-07-02 14:04:07'),(16,'能源材料系','ENERGY01','新能源材料',NULL,2,1,NULL,NULL,NULL,0,'2025-07-02 14:04:07','2025-07-02 14:04:07'),(17,'生物信息系','BIOINFO01','生物信息与计算生物学',NULL,2,1,NULL,NULL,NULL,0,'2025-07-02 14:04:07','2025-07-02 14:04:07'),(18,'医学影像系','MEDIMG01','医学影像技术与应用',NULL,2,1,NULL,NULL,NULL,0,'2025-07-02 14:04:07','2025-07-02 14:04:07');
/*!40000 ALTER TABLE `department` ENABLE KEYS */;
UNLOCK TABLES;

--
-- Table structure for table `email_verification_code`
--

DROP TABLE IF EXISTS `email_verification_code`;
/*!40101 SET @saved_cs_client     = @@character_set_client */;
/*!50503 SET character_set_client = utf8mb4 */;
CREATE TABLE `email_verification_code` (
  `id` bigint NOT NULL AUTO_INCREMENT COMMENT '主键ID',
  `email` varchar(100) NOT NULL COMMENT '邮箱地址',
  `code` varchar(10) NOT NULL COMMENT '验证码',
  `create_time` datetime NOT NULL COMMENT '创建时间',
  `expire_time` datetime NOT NULL COMMENT '过期时间',
  `used` tinyint(1) NOT NULL DEFAULT '0' COMMENT '是否已使用：0-未使用，1-已使用',
  `type` varchar(20) NOT NULL COMMENT '验证码类型：REGISTER-注册, RESET_PASSWORD-重置密码, LOGIN-登录',
  PRIMARY KEY (`id`),
  KEY `idx_email_type` (`email`,`type`),
  KEY `idx_create_time` (`create_time`),
  KEY `idx_expire_time` (`expire_time`)
) ENGINE=InnoDB AUTO_INCREMENT=4 DEFAULT CHARSET=utf8mb4 COLLATE=utf8mb4_0900_ai_ci COMMENT='邮箱验证码表';
/*!40101 SET character_set_client = @saved_cs_client */;

--
-- Dumping data for table `email_verification_code`
--

LOCK TABLES `email_verification_code` WRITE;
/*!40000 ALTER TABLE `email_verification_code` DISABLE KEYS */;
/*!40000 ALTER TABLE `email_verification_code` ENABLE KEYS */;
UNLOCK TABLES;

--
-- Table structure for table `equipment`
--

DROP TABLE IF EXISTS `equipment`;
/*!40101 SET @saved_cs_client     = @@character_set_client */;
/*!50503 SET character_set_client = utf8mb4 */;
CREATE TABLE `equipment` (
  `equipment_id` int NOT NULL AUTO_INCREMENT COMMENT '设备ID',
  `lab_id` int NOT NULL COMMENT '所属实验室ID',
  `equipment_name` varchar(100) CHARACTER SET utf8mb4 COLLATE utf8mb4_unicode_ci NOT NULL COMMENT '设备名称',
  `model` varchar(50) CHARACTER SET utf8mb4 COLLATE utf8mb4_unicode_ci DEFAULT NULL COMMENT '设备型号',
  `category` varchar(50) CHARACTER SET utf8mb4 COLLATE utf8mb4_unicode_ci DEFAULT NULL COMMENT '设备类别',
  `serial_number` varchar(50) CHARACTER SET utf8mb4 COLLATE utf8mb4_unicode_ci DEFAULT NULL COMMENT '设备序列号',
  `purchase_date` date DEFAULT NULL COMMENT '购买日期',
  `price` decimal(10,2) DEFAULT NULL COMMENT '价格(元)',
  `manufacturer` varchar(100) CHARACTER SET utf8mb4 COLLATE utf8mb4_unicode_ci DEFAULT NULL COMMENT '生产厂家',
  `status` enum('normal','maintenance','scrapped','borrowed') CHARACTER SET utf8mb4 COLLATE utf8mb4_unicode_ci DEFAULT 'normal' COMMENT '设备状态',
  `description` text CHARACTER SET utf8mb4 COLLATE utf8mb4_unicode_ci COMMENT '设备描述',
  `created_at` timestamp NULL DEFAULT CURRENT_TIMESTAMP COMMENT '创建时间',
  `updated_at` timestamp NULL DEFAULT CURRENT_TIMESTAMP ON UPDATE CURRENT_TIMESTAMP COMMENT '更新时间',
  PRIMARY KEY (`equipment_id`),
  UNIQUE KEY `serial_number` (`serial_number`),
  KEY `lab_id` (`lab_id`),
  CONSTRAINT `equipment_ibfk_1` FOREIGN KEY (`lab_id`) REFERENCES `laboratories` (`lab_id`) ON DELETE CASCADE
) ENGINE=InnoDB AUTO_INCREMENT=45 DEFAULT CHARSET=utf8mb4 COLLATE=utf8mb4_unicode_ci COMMENT='实验设备信息表';
/*!40101 SET character_set_client = @saved_cs_client */;

--
-- Dumping data for table `equipment`
--

LOCK TABLES `equipment` WRITE;
/*!40000 ALTER TABLE `equipment` DISABLE KEYS */;
INSERT INTO `equipment` VALUES (1,1,'高性能工作站','ThinkStation P920','计算机','TS-P920-001','2024-01-15',25000.00,'联想','normal','32核64线程，128GB内存，RTX 4090显卡','2025-07-09 04:33:49','2025-07-09 04:33:49'),(2,1,'服务器','PowerEdge R750','服务器','DELL-R750-001','2024-02-20',58000.00,'戴尔','normal','双路至强，256GB内存，10TB SSD存储','2025-07-09 04:33:49','2025-07-09 04:33:49'),(3,1,'4K显示器','UltraFine 32EP950','显示器','LG-32EP950-001','2024-03-10',12000.00,'LG','normal','32英寸4K OLED专业显示器','2025-07-09 04:33:49','2025-07-09 04:33:49'),(4,1,'网络交换机','Catalyst 9300','网络设备','CISCO-9300-001','2023-12-05',35000.00,'思科','normal','48端口千兆交换机','2025-07-09 04:33:49','2025-07-09 04:33:49'),(5,1,'NAS存储','DS1821+','存储设备','SYNOLOGY-DS1821-001','2023-11-20',18000.00,'群晖','normal','8盘位NAS，80TB存储容量','2025-07-09 04:33:49','2025-07-09 04:33:49'),(6,2,'路由器','ISR 4451','网络设备','CISCO-4451-001','2023-10-15',42000.00,'思科','normal','企业级路由器','2025-07-09 04:33:49','2025-07-09 04:33:49'),(7,2,'防火墙','FortiGate 600E','安全设备','FORTINET-600E-001','2023-09-20',38000.00,'Fortinet','normal','下一代防火墙','2025-07-09 04:33:49','2025-07-09 04:33:49'),(8,2,'网络分析仪','NQA-7','测试设备','VIAVI-NQA7-001','2024-01-10',65000.00,'VIAVI','normal','便携式网络分析仪','2025-07-09 04:33:49','2025-07-09 04:33:49'),(9,2,'光纤熔接机','FSM-60S','网络工具','FURUKAWA-FSM60-001','2023-11-05',28000.00,'古河','normal','单芯光纤熔接机','2025-07-09 04:33:49','2025-07-09 04:33:49'),(10,3,'数字示波器','DSOX1204G','电子测量','KEYSIGHT-1204G-001','2023-11-05',38000.00,'Keysight','normal','200MHz带宽，4通道','2025-07-09 04:33:49','2025-07-09 04:33:49'),(11,3,'函数发生器','33622A','电子测量','KEYSIGHT-33622A-001','2023-10-15',42000.00,'Keysight','normal','120MHz函数/任意波形发生器','2025-07-09 04:33:49','2025-07-09 04:33:49'),(12,3,'光学平台','RS4000','光学实验','NEWPORT-RS4000-001','2023-09-20',85000.00,'Newport','normal','4英尺×6英尺光学平台','2025-07-09 04:33:49','2025-07-09 04:33:49'),(13,3,'激光器','HRS015B','光学设备','THORLABS-HRS015-001','2024-02-10',32000.00,'Thorlabs','normal','532nm DPSS激光器，15mW','2025-07-09 04:33:49','2025-07-09 04:33:49'),(14,4,'光谱仪','USB2000+','光学测量','OCEAN-USB2000-001','2023-12-15',28000.00,'Ocean Optics','maintenance','紫外-可见光谱仪','2025-07-09 04:33:49','2025-07-09 04:33:49'),(15,4,'电磁实验装置','EM-8099','电磁学设备','PASCO-EM8099-001','2024-01-20',18000.00,'PASCO','normal','电磁学综合实验装置','2025-07-09 04:33:49','2025-07-09 04:33:49'),(16,4,'真空泵','MVP015-2','真空设备','PFEIFFER-MVP015-001','2023-11-30',25000.00,'Pfeiffer','normal','旋片式真空泵','2025-07-09 04:33:49','2025-07-09 04:33:49'),(17,5,'气相色谱仪','7890B','分析仪器','AGILENT-7890B-001','2023-12-10',185000.00,'Agilent','normal','带FID检测器','2025-07-09 04:33:49','2025-07-09 04:33:49'),(18,5,'紫外分光光度计','Cary 60','分析仪器','AGILENT-Cary60-001','2024-01-05',68000.00,'Agilent','normal','紫外-可见分光光度计','2025-07-09 04:33:49','2025-07-09 04:33:49'),(19,5,'电子天平','MS105DU','测量仪器','METTLER-MS105-001','2023-11-15',15000.00,'梅特勒','normal','0.01mg精度分析天平','2025-07-09 04:33:49','2025-07-09 04:33:49'),(20,5,'恒温磁力搅拌器','RH basic 2','实验工具','IKA-RHbasic2-001','2024-02-05',8000.00,'IKA','normal','数字显示，1500rpm','2025-07-09 04:33:49','2025-07-09 04:33:49'),(21,6,'高效液相色谱','1260 Infinity II','分析仪器','AGILENT-1260-001','2024-01-15',220000.00,'Agilent','normal','四元泵系统','2025-07-09 04:33:49','2025-07-09 04:33:49'),(22,6,'红外光谱仪','Nicolet iS20','分析仪器','THERMO-iS20-001','2023-12-20',150000.00,'Thermo','normal','傅里叶变换红外光谱仪','2025-07-09 04:33:49','2025-07-09 04:33:49'),(23,6,'旋转蒸发仪','R-300','实验设备','BUCHI-R300-001','2023-11-25',35000.00,'Buchi','normal','全自动旋转蒸发仪','2025-07-09 04:33:49','2025-07-09 04:33:49'),(24,7,'PCR仪','ProFlex','分子生物学','THERMO-ProFlex-001','2024-02-15',75000.00,'Thermo Fisher','normal','三合一PCR系统','2025-07-09 04:33:49','2025-07-09 04:33:49'),(25,7,'生物显微镜','Eclipse Ni-E','光学仪器','NIKON-NiE-001','2023-11-20',98000.00,'Nikon','normal','正置荧光显微镜','2025-07-09 04:33:49','2025-07-09 04:33:49'),(26,7,'超低温冰箱','902-ULT','存储设备','THERMO-902ULT-001','2023-10-10',45000.00,'Thermo','normal','-86°C超低温保存箱','2025-07-09 04:33:49','2025-07-09 04:33:49'),(27,7,'生物安全柜','BSC-1300IIA2','安全设备','ESCO-BSC1300-001','2024-01-25',38000.00,'ESCO','normal','II级A2型生物安全柜','2025-07-09 04:33:49','2025-07-09 04:33:49'),(28,8,'电泳仪','PowerPac Basic','分子生物学','BIO-RAD-PPB-001','2023-12-05',12000.00,'Bio-Rad','normal','基础型电泳电源','2025-07-09 04:33:49','2025-07-09 04:33:49'),(29,8,'凝胶成像系统','ChemiDoc MP','成像设备','BIO-RAD-ChemiDoc-001','2024-01-15',85000.00,'Bio-Rad','normal','化学发光成像系统','2025-07-09 04:33:49','2025-07-09 04:33:49'),(30,8,'细胞培养箱','HERAcell 150i','培养设备','THERMO-HERA150-001','2023-11-30',42000.00,'Thermo','normal','CO2培养箱，150L','2025-07-09 04:33:49','2025-07-09 04:33:49'),(31,9,'数字示波器','MSO64','电子测量','TEK-MSO64-001','2023-12-15',125000.00,'Tektronix','normal','6GHz带宽','2025-07-09 04:33:49','2025-07-09 04:33:49'),(32,9,'逻辑分析仪','U4164A','电子测量','KEYSIGHT-U4164A-001','2024-02-05',98000.00,'Keysight','normal','64通道分析仪','2025-07-09 04:33:49','2025-07-09 04:33:49'),(33,9,'频谱分析仪','N9000B','测试设备','KEYSIGHT-N9000B-001','2023-11-20',150000.00,'Keysight','normal','26.5GHz频谱分析仪','2025-07-09 04:33:49','2025-07-09 04:33:49'),(34,9,'3D打印机','Fortus 450mc','制造设备','STRATASYS-F450-001','2024-01-25',650000.00,'Stratasys','normal','工业级FDM打印机','2025-07-09 04:33:49','2025-07-09 04:33:49'),(35,10,'CNC铣床','MDX-540','加工设备','ROLAND-MDX540-001','2023-10-15',280000.00,'Roland','normal','4轴数控铣床','2025-07-09 04:33:49','2025-07-09 04:33:49'),(36,10,'3D扫描仪','Einscan Pro 2X','测量设备','SHINING3D-Einscan-001','2024-01-10',65000.00,'Shining3D','normal','高精度三维扫描仪','2025-07-09 04:33:49','2025-07-09 04:33:49'),(37,10,'万能材料试验机','3369','测试设备','INSTRON-3369-001','2023-11-05',180000.00,'Instron','normal','50kN载荷能力','2025-07-09 04:33:49','2025-07-09 04:33:49'),(38,11,'GPU服务器','DGX A100','计算设备','NVIDIA-DGXA100-001','2024-03-01',1200000.00,'NVIDIA','normal','8×A100 GPU，320GB显存','2025-07-09 04:33:49','2025-07-09 04:33:49'),(39,11,'深度学习工作站','Z8 G4','计算机','HP-Z8G4-001','2023-12-20',85000.00,'HP','normal','双路至强，4×RTX 6000','2025-07-09 04:33:49','2025-07-09 04:33:49'),(40,11,'数据集存储','ES3200','存储设备','LENOVO-ES3200-001','2024-01-15',65000.00,'联想','normal','96TB NVMe全闪存存储','2025-07-09 04:33:49','2025-07-09 04:33:49'),(41,12,'图形工作站','Z6 G5','计算机','HP-Z6G5-001','2023-11-15',45000.00,'HP','normal','RTX A6000显卡','2025-07-09 04:33:49','2025-07-09 04:33:49'),(42,12,'4K摄像机','PXW-Z280','影像设备','SONY-PXWZ280-001','2024-02-10',58000.00,'索尼','normal','4K XDCAM摄录一体机','2025-07-09 04:33:49','2025-07-09 04:33:49'),(43,12,'调音台','XR18','音频设备','BEHRINGER-XR18-001','2023-12-05',12000.00,'Behringer','normal','18通道数字调音台','2025-07-09 04:33:49','2025-07-09 04:33:49'),(44,12,'VR头显','Vive Pro 2','虚拟现实','HTC-VIVEPRO2-001','2024-01-20',15000.00,'HTC','normal','5K分辨率VR头显','2025-07-09 04:33:49','2025-07-09 04:33:49');
/*!40000 ALTER TABLE `equipment` ENABLE KEYS */;
UNLOCK TABLES;

--
-- Table structure for table `experiment_project`
--

DROP TABLE IF EXISTS `experiment_project`;
/*!40101 SET @saved_cs_client     = @@character_set_client */;
/*!50503 SET character_set_client = utf8mb4 */;
CREATE TABLE `experiment_project` (
  `id` bigint NOT NULL AUTO_INCREMENT,
  `name` varchar(255) CHARACTER SET utf8mb4 COLLATE utf8mb4_unicode_ci NOT NULL,
  `category` varchar(255) CHARACTER SET utf8mb4 COLLATE utf8mb4_unicode_ci DEFAULT NULL,
  `description` text CHARACTER SET utf8mb4 COLLATE utf8mb4_unicode_ci,
  `level` varchar(50) CHARACTER SET utf8mb4 COLLATE utf8mb4_unicode_ci DEFAULT NULL,
  `image_url` varchar(255) CHARACTER SET utf8mb4 COLLATE utf8mb4_unicode_ci DEFAULT NULL,
  `video_url` text CHARACTER SET utf8mb4 COLLATE utf8mb4_unicode_ci,
  `created_at` datetime DEFAULT CURRENT_TIMESTAMP,
  `updated_at` datetime DEFAULT CURRENT_TIMESTAMP ON UPDATE CURRENT_TIMESTAMP,
  `audit_status` enum('draft','pending','approved','rejected') CHARACTER SET utf8mb4 COLLATE utf8mb4_unicode_ci NOT NULL DEFAULT 'draft' COMMENT '审核状态:草稿/待审核/已通过/已驳回',
  `audit_comment` text CHARACTER SET utf8mb4 COLLATE utf8mb4_unicode_ci COMMENT '审核意见',
  `auditor_id` bigint DEFAULT NULL COMMENT '审核人ID(管理员)',
  `audit_time` datetime DEFAULT NULL COMMENT '审核时间',
  `publish_status` enum('unpublished','published') CHARACTER SET utf8mb4 COLLATE utf8mb4_unicode_ci NOT NULL DEFAULT 'unpublished' COMMENT '发布状态',
  `publish_time` datetime DEFAULT NULL COMMENT '发布时间',
  `created_by` varchar(50) CHARACTER SET utf8mb4 COLLATE utf8mb4_unicode_ci DEFAULT NULL,
  `collaboration_type` enum('individual','team') CHARACTER SET utf8mb4 COLLATE utf8mb4_unicode_ci DEFAULT 'individual' COMMENT '协作类型：individual=个人，team=小组',
  `principle` text CHARACTER SET utf8mb4 COLLATE utf8mb4_unicode_ci COMMENT '实验原理',
  `purpose` text CHARACTER SET utf8mb4 COLLATE utf8mb4_unicode_ci COMMENT '实验目的',
  `method` text CHARACTER SET utf8mb4 COLLATE utf8mb4_unicode_ci COMMENT '实验方法',
  `steps` text CHARACTER SET utf8mb4 COLLATE utf8mb4_unicode_ci COMMENT '实验步骤',
  `scene_data` json DEFAULT NULL COMMENT '实验场景JSON',
  `experiment_params` json DEFAULT NULL,
  `screenshot` text COLLATE utf8mb4_unicode_ci COMMENT '实验截图',
  `scene_json_path` varchar(255) COLLATE utf8mb4_unicode_ci DEFAULT NULL COMMENT '3D场景JSON文件路径',
  PRIMARY KEY (`id`)
) ENGINE=InnoDB AUTO_INCREMENT=37 DEFAULT CHARSET=utf8mb4 COLLATE=utf8mb4_unicode_ci;
/*!40101 SET character_set_client = @saved_cs_client */;

--
-- Dumping data for table `experiment_project`
--

LOCK TABLES `experiment_project` WRITE;
/*!40000 ALTER TABLE `experiment_project` DISABLE KEYS */;
INSERT INTO `experiment_project` VALUES (1,'吸收过程3D虚拟仿真实验','化学','吸收单元操作实验是化工原理实验体系中重要的实验之一，本项目采用虚拟仿真的形式向学生展示化工中某些常见、然而有毒有害介质的吸收过程，旨在拓展化学工程与工艺等相关专业本科学生的视野。同时，本项目肩负着为文莱国培养化工人才，同美国威斯康星大学等著名高校开展暑期学术与文化交流的重任，在向“一带一路”沿线国家“传播好中国声音，讲好中国故事”，和向世界展现一个真实的中国、立体的中国、全面的中国发挥着重要作用。','初级','/images/experiments/experiemnt1.png','https://project.veryengine.cn/publish/OmSzZdjR/index.html?role=STUDENT&appendix=%7B%22content%22%3A%7B%22xbTaskId%22%3A1%2C%22end%22%3Afalse%7D%2C%22type%22%3A%22STU_VR_XB_TASK%22%2C%22uuid%22%3A%22f893f51aa3a344d98e7c89c2c35ccb18%22%7D&accessKey=DshEpGC9CoIV7FiV&signature=jYG%2F5s1F%2BaRipvXXT2ZaWuIZBi2zUBcQPdwnp6eYGSk%3D&serverAddress=https%3A%2F%2Fcelab.zju.edu.cn&id=tianliao&userName=%E9%95%BF%E5%AE%89&userId=6bb09067b29c4c77bb668e0f59df5e1c&timestamp=1750987414426','2025-06-27 19:40:08','2025-07-09 13:25:24','pending',NULL,NULL,NULL,'unpublished','2025-07-09 13:25:12',NULL,'individual','我是原理','我是目的','我是方法','我是步骤',NULL,NULL,NULL,NULL),(2,'拒绝服务攻击与防御虚拟仿真实验','计算机','拒绝服务攻击是当前最活跃的网络攻击方式之一，但开展拒绝服务攻击实验存在高成本、高风险的巨大挑战。本课程借鉴计算机游戏的思想开展仿真实验，支持学生以攻击者或防御者的虚拟角色进行实验闯关。该课程已经在多所大学和高职院校中使用，并且广受好评。实验任务涉及多种难度，有的任务稍加思索即可过关，有的需要您屡败屡战，还有的需要您学习和应用博弈论方法。快来尝试一下，看您能过几关？','初级','/images/experiments/experiment2.png','http://doscqu.cloud.vseclass.cn/dos/exp_attack_by_spoofIP.html?token=87144310d7f8420eaf7bd174fd79fe23&host=http://doscqu.cloud.vseclass.cn/virexp/&subExpId=VIRTUAL1625831281813','2025-06-27 19:40:08','2025-07-09 18:45:46','pending',NULL,NULL,NULL,'unpublished','2025-07-09 13:25:14','admin','individual','我是原理','我是目的','我是方法','我是步骤',NULL,NULL,NULL,NULL),(3,'低重力环境四足机器人运动特性虚拟仿真实验','物理','本实验以地外天体探测为背景，四足机器人总体力学设计为目标，通过机身负载、支撑腿几何设计及运动规划来实现机器人期望的运动，考察在随机坡度与低重力环境下的行走稳定特性。实验采用“虚实结合”手段，引导学生自主探索基础力学知识在机器人运动特性分析中的运用，帮助学生理解低重力环境对结构力学特性的影响。实验具有设计自由、交互性与扩展性强的特点，能培养学生综合运用基础理论知识解决复杂工程问题的能力。','中级','/images/experiments/experiment3.png','http://dzlszjqr.cloud.vseclass.cn/ycohgh/uploads/webproject/loadUnity.html?uiautoid=6&uiresourceautoid=1&mark=zdff0sdfds1750994196744','2025-06-27 19:40:08','2025-07-09 18:45:46','pending',NULL,NULL,NULL,'unpublished','2025-07-09 13:25:21','admin','individual','我是原理','我是目的','我是方法','我是步骤',NULL,NULL,NULL,NULL),(4,'大学计算机基础——农产品产销大数据虚拟仿真实验','计算机','实验遵循“两性一度”标准，项目设计以“高阶性”、“创新性”和“挑战度”为目标，内容设计融入了大数据技术和人工智能技术等热点知识，利用虚拟仿真实验平台优势，以直观的方式展现真实场景中无法提供的实验环境，让学生在虚拟环境中完成实验操作的全过程，通过实验数据和实验结果对实验的合理性及有效性进行分析，提升学生的科研能力和创新素养。','初级','/images/experiments/experiment4.png','https://xxxnfz.gsau.edu.cn/#/test/index?ticket=789Ug1QGzB0Z%2FRDERwzKBdEae3iUXKxcDL25luPbRdvaWZhK9B%2FzFBbfX7LR%2FAM90mlQslV2zQqLb7aiTEHFrfBBuhxf6usnFPcLXcjvOge7%2BDFS7ouw8e4%2By%2FxdoPv2&token=AAABl8Oo480BAAAAAAABlGs%3D.drm2%2BhE83IujzNjndo7aXGZxfZsn0M1f2fc35aM4oQ5OkLMO0sWTk2c3u%2FvTIvjkIC%2Fk%2BFbDA926Np998mcz%2F6Ncbb3AU5aykoxmegC%2FO6g%3D.JC3PRv2thzpdP3YU4S%2BIyanZz3SXf65fqU0OBknUxdg%3D','2025-07-01 10:33:23','2025-07-09 18:45:46','pending',NULL,NULL,NULL,'unpublished','2025-07-09 13:25:17','admin','individual','我是原理','我是目的','我是方法','我是步骤',NULL,NULL,NULL,NULL),(5,'钣金类产品加工虚拟仿真实验教学项目','机械','钣金类产品加工虚拟仿真实验教学项目以本科生工程训练基础中冲、焊、数控加工教学模块为对象，利用数字化技术建立车间、加工设备及加工过程数字化环境，学生可以在线学习、操作机床、制作产品。实验以一种典型的电气柜为载体，将工程识图、零件加工工艺、实训基础理论和操作有机结合，通过设置不同知识点和考核点，考察所学知识的运用能力，使学生了解产品的制造工艺，培养学生的工程素养，为学生的后续课程学习和创新奠定基础。','中级','/images/experiments/experiment5.png','http://tdjxxy.tju.shebei.owvlab.net/virexp/lab/handle/!edit?reservationId=2c918083975cfa230197c3b000407646&lectureId=2c918088652151c20165619f34a109e6','2025-07-01 10:33:23','2025-07-09 18:45:46','pending',NULL,NULL,NULL,'unpublished','2025-07-09 13:25:16','admin','individual','我是原理','我是目的','我是方法','我是步骤',NULL,NULL,NULL,NULL),(6,'蛋白质表达纯化及其结构解析虚拟仿真实验','基础医学','蛋白质表达纯化及其结构解析虚拟仿真实验是以凝血因子Ⅷ为例，设计开发的从蛋白质表达纯化到X射线衍射晶体学分析其空间结构的综合虚拟仿真实验。学生通过交互式操作，切身体验实验场景，探索不同实验参数设置和实验技术选择对实验结果的影响。通过完成该实验，可有效调动学生自主学习的积极性，并激发勇于创新的热情；最终使学生掌握蛋白质表达纯化及其空间结构解析的研究思路、基本流程和关键技术，提升解决复杂问题的综合能力。','中级','/images/experiments/experiment6.png','https://virtual-emulation.zhihuishu.com/webgl/2000102881/XJTU_ExperimentBuild(4)/index.html?experimentId=1559&courseId=2000102881&experId=4358188&token=AAABl8O6HIYBAAAAAAABieU%3D.mzQQn4e2Q9H%2BPrdsCc2jvtyJdHv5DKXksMinx6nUlSEOuxS99eMZsP%2BNPC%2BlHTfMBCH7VvOqutS3EUcT3sp6krsfLlRKoC5F7m0wfXlG7%2B8%3D.S6yUaEkFZ1koDegljv656T%2F3%2FFTosJ5OwHEIPPyhUeQ%3D&ticket=789Ug1QGzB0Z/RDERwzKBdEae3iUXKxcDL25luPbRdvaWZhK9B/zFBbfX7LR/AM9yPo1Ea42UjEa20jn3TQTOuhErbjc6ab+UxvgFTNgoJ9XzwzCnvlt3Cg6atxg7ZmL','2025-07-01 10:33:23','2025-07-09 18:45:46','pending',NULL,NULL,NULL,'unpublished','2025-07-09 13:25:15','admin','individual','我是原理','我是目的','我是方法','我是步骤',NULL,NULL,NULL,NULL),(7,'面向现代供应链的粮食物流系统布局与运作虚拟仿真实验','物流管理与工程','本虚拟仿真实验项目以粮食物流系统布局与运作为核心，通过虚实结合的方式，模拟粮食物流系统布局与运作中粮食物流网络现状评估、粮食物流仓储点选址、粮食物流中心设施设备规划以及粮食物流运输路径规划四个核心内容。本实验立足知识性、准确性、规范性、科学性，支撑起物流中心设计与运作课程中关于粮食物流系统布局与运作虚拟仿真教学内容，不仅解决了学生学习中的难题，也加强国内相关人员对粮食物流系统布局与运作的规范性。','中级','/images/experiments/experiment7.png','http://xdwlkc.nufe.edu.cn/home.html#/studentEntrance','2025-07-01 10:33:23','2025-07-09 18:45:46','approved','a',55,'2025-07-08 15:50:42','published','2025-07-08 15:50:42','admin','individual','我是原理','我是目的','我是方法','我是步骤',NULL,NULL,NULL,NULL),(8,'导弹末制导系统探测制导虚拟仿真实验','兵器','本项目利用虚拟仿真手段模拟攻防场景下导弹探测、跟踪、拦截目标的动态过程及参数对动态过程的影响。学生在学习导弹和导引头知识基础上，针对平台发布的拦截任务，设计合适的系统和信号处理参数，通过观察、测量和对比导弹拦截目标过程中的探测误差和拦截效果，理解导弹末制导系统中的关键理论知识。该项目是仿真环境下的真实验，核心要素逼真度高；通过随机设置的靶机特性，实现实验任务与学生设计的互动，富有趣味性和挑战度。','初级','/images/experiments/experiment8.png','http://mool.njust.edu.cn/course/details-expe/210.html?ticket=789Ug1QGzB0Z%2FRDERwzKBdEae3iUXKxcDL25luPbRdvaWZhK9B%2FzFBbfX7LR%2FAM9GOBtkDOL%2BVZAefyV%2FwYmBnkcTEyHleRVMr4KaWw7%2BVHHkR%2Bp%2BE6zwfR26fqlW1pB&token=AAABl8PHC%2BIBAAAAAAABkJs%3D.wR%2F5WnXZAtUUM6bKzIuqNeYJerZP4wP%2BBjjlJjYSlO5%2B51ZQOBjnLnmwuycm0K21tdR2dKdXAGIO1UOikEs1YHsq%2BHNvyVAFsiP4MGmTTVE%3D.ynCSdLp8BPAiqrBAmE2Bdwq75Dphh2MGMfonGDbHMAM%3D\r\n','2025-07-01 10:33:23','2025-07-09 18:45:46','approved','a',55,'2025-07-08 15:50:42','published','2025-07-08 15:50:42','admin','individual','我是原理','我是目的','我是方法','我是步骤',NULL,NULL,NULL,NULL),(9,'分布式发电与智能微电网虚拟仿真实验','电气',' 微电网是由分布式发电、储能、负荷等融合而成的小型自治电力系统，是未来电力能源清洁、可靠和可持续发展的重要支撑。项目以海岛和工业园区微电网工程为范例，以虚拟仿真的形式再现了微电网规划设计、能量管理和运行控制全过程，设计了三层次、五模块的实验教学方案。学生可开展设备自主选型、参数定制化设计、运行工况与场景自由变换等实验操作，观察实验现象，归纳实验结论，从而加深对教学内容的理解与认识，全面提升教学效果。','初级','/images/experiments/experiment9.png','http://119.23.40.38:13000/?ticket=789Ug1QGzB0Z%2FRDERwzKBdEae3iUXKxcDL25luPbRdvVvXN9yty3ZVXXg6GIdLGA8ISstb0GKAmhxVD6kN2jh4EbklYwmlq8YVbpDHpbgj%2F7%2FlBdVAPIdlX8O9R8i1xo&token=AAABl8R5ffEBAAAAAAABjtw%3D.W8ES2epMADz0ASx%2FD68TP%2FqLdSk6Qv0R0jsAykIk%2Bkc1zDEZJq5O%2BATnnTiTIlvs0k96W5fbBGJ16uIFHi5SmoDxQQrt48o%2ByTgosmqzlp0%3D.5F6BQwqodWv5pUj7l2fHauWqEl99IZp39P5LnptfN5Q%3D','2025-07-02 09:38:17','2025-07-09 18:45:46','approved','a',55,'2025-07-08 15:50:42','published','2025-07-08 15:50:42','admin','individual','我是原理','我是目的','我是方法','我是步骤',NULL,NULL,NULL,NULL),(10,'电气化铁路谐波检测与控制虚拟仿真实验','电气','电气化铁路谐波检测与控制是电网安全运行的技术保障，也是电气信息类专业学生掌握谐波检测与控制技术的重要教学内容。本项目以电气化铁路牵引供电系统及其谐波检测控制设备为原型，模拟实际工况，综合利用3D建模、动画、计算机仿真、智能检测与控制等现代技术，形成真实工程场景实验平台，通过在线实验，可使学生直观了解谐波的产生与危害,学习谐波检测方法，研讨电气化铁路谐波补偿与控制技术，提高工程能力，培养创新意识。','初级','/images/experiments/experiment10.png','http://xb.xnfzpt.hnu.edu.cn:8080/tuwpwg?ticket=789Ug1QGzB0Z%2FRDERwzKBdEae3iUXKxcDL25luPbRdvVvXN9yty3ZVXXg6GIdLGAgfT5B1JxH9WVQ9jDK6Hdyk90CNiLJwMYnEJiR4f7XRylukuF2FUN6lP4WkG71Egh&token=AAABl8R%2B1LgBAAAAAAABlZI%3D.WpX%2BR5HZWbxkOY0ZJm1rDgBrqd5Z05b3G4Zfjpjs%2FeTSv4Xb6Tr0Xq8n4UCkCnw6B5KrRF5ARuj2vkZ8MuzAWGvZwKeC4eLXbfpDHJudzPo%3D.iB7NeRtlzsgZsR3OUggQQmDKoVwOm0SazLqZfoig4e0%3D','2025-07-02 09:38:17','2025-07-09 18:45:46','approved','a',55,'2025-07-08 15:50:42','published','2025-07-08 15:50:42','admin','individual','我是原理','我是目的','我是方法','我是步骤',NULL,NULL,NULL,NULL),(11,'真空断路器预防性试验虚拟仿真教学项目','电气','本项目结合传统课程的不足及“新工科”对于人才培养的要求，以真空断路器的定位认知-断路器结构及原理-预防性试验操作规范为主线，开发了真空断路器预防性试验虚拟仿真教学软件，旨在通过三维模型全方位动态展示，让学生深化对真空断路器的认知；并创新性地设置多线操作途径，通过安全/不规范操作对应的结果展示，使学生深刻体会试验中安全操作的必要性以及不规范操作导致的严重后果，可提高学生的实践能力以及安全操作意识。','中级','/images/experiments/experiment11.png','http://119.23.40.38:16500?ticket=789Ug1QGzB0Z%2FRDERwzKBdEae3iUXKxcDL25luPbRdvVvXN9yty3ZVXXg6GIdLGA%2BgL88JPQDjONrBD87IW%2BNDiuPU7FIQ3UE4TFM1%2Fcysw0lAtttIc3ln9q1yyWsjG2&token=AAABl8SB0eIBAAAAAAABiW4%3D.Ry9%2BBeW3tAIrFDr6zt0qa9opd4A35s8RT3aybgEu1omQBPYghtvhAXc6wISz6TL981jjmAjMfUtAwIpby%2FxqBfg7QildgvvP5RCg6tqgzY4%3D.NUjdRiUQ0FV%2F8q6QfiqCUl97LhP24fUJ6S4vFTmXBk4%3D','2025-07-02 09:38:17','2025-07-09 18:45:46','approved','a',55,'2025-07-08 15:50:42','published','2025-07-08 15:50:42','admin','individual','我是原理','我是目的','我是方法','我是步骤',NULL,NULL,NULL,NULL),(12,'钢铁企业配电系统电能优化虚拟仿真实验','电气','本项目充分响应“节能减排、绿色发展”国家战略，以钢铁企业配电系统为应用背景,采用虚拟仿真技术和人性化设计，基于6大模块、14个交互性操作步骤，通过情景体验式、任务驱动式、容错探究式等教学方法，开展电能质量优化的综合训练，体现创新性、高阶性和挑战度；围绕“成本、效果、安全、可靠”四维工程要素，引导学生自主探究，培养学生精益求精的工匠精神，实现知识、能力、素质和德育目标的全面达成。','初级','/images/experiments/experiment12.png','http://svcvs.hyit.edu.cn/?ticket=789Ug1QGzB0Z%2FRDERwzKBdEae3iUXKxcDL25luPbRdvVvXN9yty3ZVXXg6GIdLGAtLTlS1sXXJiujeXOLaQZWz71DUdW3GDW4y0QRZdJ7pK2A81aS3QgIXx%2FGeO9sBr9&token=AAABl8SDPagBAAAAAAABl%2Bs%3D.xzCv5BFHjxHQOZwwoStzktjrx9OUdCNe1oDzgZnWdJGnj8Ia3Hwn0qPnhOFhNXd%2BuC%2FzsaHRnQMMwIYM4tHDEaCqSG1dWceNvgLBUHBEYs0%3D.G27uTYK5zNh2T8Dp0KcHIbYyxC45eELD%2F7X1TQmFjkI%3D','2025-07-02 09:38:17','2025-07-09 18:45:46','approved','a',55,'2025-07-08 15:50:42','published','2025-07-08 15:50:42','admin','individual','我是原理','我是目的','我是方法','我是步骤',NULL,NULL,NULL,NULL),(13,'智能仓储移动机器人控制虚拟仿真实验','自动化','本实验面向自动化、机器人工程等专业创新人才培养，以智能仓储AGV分拣投递为工程案例，聚焦移动机器人集群的自主控制与调度等核心问题，基于Web3D和数学模型的虚拟仿真技术，设计系统学习、AGV运动控制、AGV路径规划、多AGV协同调度、故障分析与处理等五个实验模块，重塑“智能+控制+移动机器人”的知识体系，有效培养学生综合运用模糊控制、路径规划以及调度优化等智能控制算法解决系统级复杂工程问题的能力。','中级','/images/experiments/experiment13.png','http://vr-aee.zust.edu.cn?ticket=789Ug1QGzB0Z%2FRDERwzKBdEae3iUXKxcDL25luPbRdsfrNFglpDm0XbX%2FiY8TbFtqSLGiuwSEj7F76IZaCDSpZYHhjsFHYjWxr2FQZvkqf%2FPSKygc06XND%2FPPLG9Dsag&token=AAABl8Sj4vUBAAAAAAABpDA%3D.unmNxmmhoaxDV5tryil7kF0kHgIUD73DLYfb12Ka9QuRMvaJLmhaPDLeGVwv6jKu3q98X529DZ5PbPzfEFSjPXmllBLoB8kYxGyC7%2BIQH%2B8%3D.%2B4O8FMfdvLCvd3Ou0xk%2Bg3IjWX3IaQaleYc1RVCjbTc%3D','2025-07-02 09:38:17','2025-07-09 18:45:46','approved','a',55,'2025-07-08 15:50:42','published','2025-07-08 15:50:42','admin','individual','我是原理','我是目的','我是方法','我是步骤',NULL,NULL,NULL,NULL),(14,'卫星网络攻防虚拟仿真实验','计算机','卫星网络攻防是发现安全威胁的重要手段，由于卫星网络建设成本高、卫星过境与地面通信窗口短、卫星网络安全人才稀缺等因素的影响，难以开展真实的、系统的卫星网络攻防实物实验。本实验构建了高度仿真的卫星网络攻防虚拟仿真实验环境，提供了卫星网络拒绝服务攻防和黑洞路由攻防实验，通过实验使学生认知卫星网络的动态拓扑，探究网络攻击对卫星网络鲁棒性的影响，激发学生的学习兴趣，为学生深入探究提供平台支持。','中级','/images/experiments/experiment14.png','https://lab.cust.edu.cn?ticket=789Ug1QGzB0Z%2FRDERwzKBdEae3iUXKxcDL25luPbRdvVvXN9yty3ZVXXg6GIdLGAq88bjoa072bvg2BA%2Fw%2BPnnxq%2B8JdB5IXLYgK3o3Tb0CNah%2FWsVCZkLHJW5RSP59P&token=AAABl8SM5%2BkBAAAAAAABpfg%3D.EKRwHzVtosfdB9h%2FwJflfxgONbE0Wj2UYL0rCM3CQd5BVH6BRWbsMRKGo5V74Pv3KGpzFz5Iaowg43CeqWhWf0I6QnHcu8%2B73FeSeWTPKK0%3D.fwZHKK1quhmw%2B%2Fh3bscfuiZyRKn6v4ZunAD9E43PN8Q%3D','2025-07-02 09:38:17','2025-07-09 18:45:46','approved','a',55,'2025-07-08 15:50:42','published','2025-07-08 15:50:42','admin','individual','我是原理','我是目的','我是方法','我是步骤',NULL,NULL,NULL,NULL),(15,'航空制导弹药制导系统虚拟仿真实验','自动化','本课程以航空制导弹药的制导系统为研究对象，构建知识体验式、时空开放性、能力多元化的虚拟仿真实验。采用高逼真的3D模型与六自由度动力学仿真算法相结合的手段，设计了五个逐层递进的实验环节。学员将以三种角色循序渐进地完成原理认知、算法设计到实战仿真的一体化实验内容：以初学者身份与装备“零距离”接触，以设计师身份参与导引律和控制律设计，以指战员身份参与武器系统实战模拟全过程。','中级','/images/experiments/experiment15.png','https://gncs.tianfuchuang.cn/webgl/index.html?ticket=789Ug1QGzB0Z%2FRDERwzKBdEae3iUXKxcDL25luPbRdsfrNFglpDm0XbX%2FiY8TbFtEKbGkNuEYdk8FjbcL4nk0FnQDa%2BrYGBQa%2FWVWsexpWM3mGEhhXKq34M436GQIhOB&token=AAABl8SpE14BAAAAAAABmBQ%3D.TT6La%2BgBpfXqaGTjgIogON%2BopTmr%2BGqVH6Dm%2Fd4DFL959jHI4abSWXB%2BRrotrPa8eLs76V0p2Rh5b7gKUFrRVoYIkZoKKe8ay11Cz6ah6Bg%3D.kToewnkQGW5qQonLO2qIV7M%2BDBV3oDU3ks5cF2XKSgA%3D','2025-07-02 09:38:17','2025-07-09 18:45:46','approved','a',55,'2025-07-08 15:50:42','published','2025-07-08 15:50:42','admin','individual','我是原理','我是目的','我是方法','我是步骤',NULL,NULL,NULL,NULL),(16,'交通运输安全监管与执法虚拟仿真实验','安全科学与工程','交通运输过程具有动态风险多、监管环节繁、执法难度大、应急处置难等特点，其安全问题一直都是社会关注的焦点，基于此设计了交通运输安全监管与执法虚拟仿真实验项目。本实验以系统安全思想为指导，以事故致因、风险防控为理论基础，以危货运输、城市客运、普货运输为案例背景，深度还原四类交通运输安全监管与执法场景。旨在针对交通运输过程中的违法违规及突发事件进行识别、管控与处置，以提升学生解决复杂安全工程问题的能力。','初级','/images/experiments/experiment16.png','https://jtxnfz.sdjtu.edu.cn/theme/vrlab/assets/course7/rar/webgl/index.html?ticket=789Ug1QGzB0Z%2FRDERwzKBdEae3iUXKxcDL25luPbRdsfrNFglpDm0XbX%2FiY8TbFtsY9xEi1pGaqJwnsBweZoQUOerqFV%2FsXB2kux6Zm7RC8Dx0OOHzodXHAwXwQauuKr&token=AAABl8SuAJkBAAAAAAABpN4%3D.N6CPB2I2ORMOMXro2iFb4%2FRaNWgjLUPAP%2BOe9FLExpfLMB2%2FGFOoCrRaKDS3khEsyHOeKfr2G%2BH719OwQnMG%2B90Fm3xezVszZf3kSqQjxNk%3D.wNUJae3IRuUmsAaMdm%2FBy03mogX%2FbhlRMe%2BN4pHXT3Q%3D','2025-07-02 09:38:17','2025-07-09 18:45:46','approved','a',55,'2025-07-08 15:50:42','published','2025-07-08 15:50:42','admin','individual','我是原理','我是目的','我是方法','我是步骤',NULL,NULL,NULL,NULL),(17,'低重力环境四足机器人运动特性虚拟仿真实验','力学','本实验以地外天体探测为背景，四足机器人总体力学设计为目标，通过机身负载、支撑腿几何设计及运动规划来实现机器人期望的运动，考察在随机坡度与低重力环境下的行走稳定特性。实验采用“虚实结合”手段，引导学生自主探索基础力学知识在机器人运动特性分析中的运用，帮助学生理解低重力环境对结构力学特性的影响。实验具有设计自由、交互性与扩展性强的特点，能培养学生综合运用基础理论知识解决复杂工程问题的能力。','初级','/images/experiments/experiment17.png','http://dzlszjqr.cloud.vseclass.cn?ticket=789Ug1QGzB0Z%2FRDERwzKBdEae3iUXKxcDL25luPbRdsfrNFglpDm0XbX%2FiY8TbFtSLb5LszhLHEzh%2Fu6MMiZC1z8bhSWDw1Kh%2BGvYz%2FxZcNhtqhgbZjvjiUv0TH1u21k&token=AAABl8SyYlsBAAAAAAABlIQ%3D.Ax5sQu1mwv5sJ5Etpp61EBIKzc9a%2FlfDkmsDje4zLKpGn3Q7u82A9fbCHUV2iYFWJKt1kHfhjk454shgTv70mHm06Rr4TLWa6VmZHXXi%2FCM%3D.osXseuj2zbwO3xZi8z7Q683WHqlEJScixXxkuAMDDOY%3D','2025-07-02 09:38:17','2025-07-09 18:45:46','approved','a',55,'2025-07-08 15:50:42','published','2025-07-08 15:50:42','admin','individual','我是原理','我是目的','我是方法','我是步骤',NULL,NULL,NULL,NULL),(18,'s','物理','123','初级','','','2025-07-03 18:58:08','2025-07-09 18:45:46','approved','a',55,'2025-07-08 15:50:42','published','2025-07-08 15:50:42','admin','team','我是原理','我是目的','我是方法','我是步骤',NULL,NULL,NULL,NULL),(19,'asa','化学','aaa','中级','/images/uploads/cea646f4-26f7-467c-8567-47b667df296a_微信图片_20250524051744.jpg','','2025-07-08 15:54:52','2025-07-10 10:37:17','approved','我通过了',55,'2025-07-08 15:57:28','published','2025-07-08 15:57:28','a','individual','我是原理','我是目的','我是方法','我是步骤',NULL,NULL,NULL,NULL),(20,'rosin的测试','物理','A','中级','','','2025-07-08 17:05:41','2025-07-10 10:37:17','approved','rosin是世界上最好的人',55,'2025-07-08 17:08:11','published','2025-07-08 17:08:11','a','individual','我是原理','我是目的','我是方法','我是步骤',NULL,NULL,NULL,NULL),(21,'3','physics','1','medium','',NULL,'2025-07-09 20:54:34','2025-07-09 23:11:06','draft',NULL,NULL,NULL,'published',NULL,'a','individual','','','','',NULL,'{\"gravity\": 9.8, \"friction\": 0.3, \"elasticity\": 0.8, \"simulationSpeed\": 1}','data:image/png;base64,iVBORw0KGgoAAAANSUhEUgAAAy4AAAKrCAYAAAAXudl0AAAAAXNSR0IArs4c6QAAIABJREFUeF7t1zERAAAMArHi33Rt/JAq4FIWdo4AAQIECBAgQIAAAQJxgcXziUeAAAECBAgQIECAAIEzXJSAAAECBAgQIECAAIG8gOGSf5GABAgQIECAAAECBAgYLjpAgAABAgQIECBAgEBewHDJv0hAAgQIECBAgAABAgQMFx0gQIAAAQIECBAgQCAvYLjkXyQgAQIECBAgQIAAAQKGiw4QIECAAAECBAgQIJAXMFzyLxKQAAECBAgQIECAAAHDRQcIECBAgAABAgQIEMgLGC75FwlIgAABAgQIECBAgIDhogMECBAgQIAAAQIECOQFDJf8iwQkQIAAAQIECBAgQMBw0QECBAgQIECAAAECBPIChkv+RQISIECAAAECBAgQIGC46AABAgQIECBAgAABAnkBwyX/IgEJECBAgAABAgQIEDBcdIAAAQIECBAgQIAAgbyA4ZJ/kYAECBAgQIAAAQIECBguOkCAAAECBAgQIECAQF7AcMm/SEACBAgQIECAAAECBAwXHSBAgAABAgQIECBAIC9guORfJCABAgQIECBAgAABAoaLDhAgQIAAAQIECBAgkBcwXPIvEpAAAQIECBAgQIAAAcNFBwgQIECAAAECBAgQyAsYLvkXCUiAAAECBAgQIECAgOGiAwQIECBAgAABAgQI5AUMl/yLBCRAgAABAgQIECBAwHDRAQIECBAgQIAAAQIE8gKGS/5FAhIgQIAAAQIECBAgYLjoAAECBAgQIECAAAECeQHDJf8iAQkQIECAAAECBAgQMFx0gAABAgQIECBAgACBvIDhkn+RgAQIECBAgAABAgQIGC46QIAAAQIECBAgQIBAXsBwyb9IQAIECBAgQIAAAQIEDBcdIECAAAECBAgQIEAgL2C45F8kIAECBAgQIECAAAEChosOECBAgAABAgQIECCQFzBc8i8SkAABAgQIECBAgAABw0UHCBAgQIAAAQIECBDICxgu+RcJSIAAAQIECBAgQICA4aIDBAgQIECAAAECBAjkBQyX/IsEJECAAAECBAgQIEDAcNEBAgQIECBAgAABAgTyAoZL/kUCEiBAgAABAgQIECBguOgAAQIECBAgQIAAAQJ5AcMl/yIBCRAgQIAAAQIECBAwXHSAAAECBAgQIECAAIG8gOGSf5GABAgQIECAAAECBAgYLjpAgAABAgQIECBAgEBewHDJv0hAAgQIECBAgAABAgQMFx0gQIAAAQIECBAgQCAvYLjkXyQgAQIECBAgQIAAAQKGiw4QIECAAAECBAgQIJAXMFzyLxKQAAECBAgQIECAAAHDRQcIECBAgAABAgQIEMgLGC75FwlIgAABAgQIECBAgIDhogMECBAgQIAAAQIECOQFDJf8iwQkQIAAAQIECBAgQMBw0QECBAgQIECAAAECBPIChkv+RQISIECAAAECBAgQIGC46AABAgQIECBAgAABAnkBwyX/IgEJECBAgAABAgQIEDBcdIAAAQIECBAgQIAAgbyA4ZJ/kYAECBAgQIAAAQIECBguOkCAAAECBAgQIECAQF7AcMm/SEACBAgQIECAAAECBAwXHSBAgAABAgQIECBAIC9guORfJCABAgQIECBAgAABAoaLDhAgQIAAAQIECBAgkBcwXPIvEpAAAQIECBAgQIAAAcNFBwgQIECAAAECBAgQyAsYLvkXCUiAAAECBAgQIECAgOGiAwQIECBAgAABAgQI5AUMl/yLBCRAgAABAgQIECBAwHDRAQIECBAgQIAAAQIE8gKGS/5FAhIgQIAAAQIECBAgYLjoAAECBAgQIECAAAECeQHDJf8iAQkQIECAAAECBAgQMFx0gAABAgQIECBAgACBvIDhkn+RgAQIECBAgAABAgQIGC46QIAAAQIECBAgQIBAXsBwyb9IQAIECBAgQIAAAQIEDBcdIECAAAECBAgQIEAgL2C45F8kIAECBAgQIECAAAEChosOECBAgAABAgQIECCQFzBc8i8SkAABAgQIECBAgAABw0UHCBAgQIAAAQIECBDICxgu+RcJSIAAAQIECBAgQICA4aIDBAgQIECAAAECBAjkBQyX/IsEJECAAAECBAgQIEDAcNEBAgQIECBAgAABAgTyAoZL/kUCEiBAgAABAgQIECBguOgAAQIECBAgQIAAAQJ5AcMl/yIBCRAgQIAAAQIECBAwXHSAAAECBAgQIECAAIG8gOGSf5GABAgQIECAAAECBAgYLjpAgAABAgQIECBAgEBewHDJv0hAAgQIECBAgAABAgQMFx0gQIAAAQIECBAgQCAvYLjkXyQgAQIECBAgQIAAAQKGiw4QIECAAAECBAgQIJAXMFzyLxKQAAECBAgQIECAAAHDRQcIECBAgAABAgQIEMgLGC75FwlIgAABAgQIECBAgIDhogMECBAgQIAAAQIECOQFDJf8iwQkQIAAAQIECBAgQMBw0QECBAgQIECAAAECBPIChkv+RQISIECAAAECBAgQIGC46AABAgQIECBAgAABAnkBwyX/IgEJECBAgAABAgQIEDBcdIAAAQIECBAgQIAAgbyA4ZJ/kYAECBAgQIAAAQIECBguOkCAAAECBAgQIECAQF7AcMm/SEACBAgQIECAAAECBAwXHSBAgAABAgQIECBAIC9guORfJCABAgQIECBAgAABAoaLDhAgQIAAAQIECBAgkBcwXPIvEpAAAQIECBAgQIAAAcNFBwgQIECAAAECBAgQyAsYLvkXCUiAAAECBAgQIECAgOGiAwQIECBAgAABAgQI5AUMl/yLBCRAgAABAgQIECBAwHDRAQIECBAgQIAAAQIE8gKGS/5FAhIgQIAAAQIECBAgYLjoAAECBAgQIECAAAECeQHDJf8iAQkQIECAAAECBAgQMFx0gAABAgQIECBAgACBvIDhkn+RgAQIECBAgAABAgQIGC46QIAAAQIECBAgQIBAXsBwyb9IQAIECBAgQIAAAQIEDBcdIECAAAECBAgQIEAgL2C45F8kIAECBAgQIECAAAEChosOECBAgAABAgQIECCQFzBc8i8SkAABAgQIECBAgAABw0UHCBAgQIAAAQIECBDICxgu+RcJSIAAAQIECBAgQICA4aIDBAgQIECAAAECBAjkBQyX/IsEJECAAAECBAgQIEDAcNEBAgQIECBAgAABAgTyAoZL/kUCEiBAgAABAgQIECBguOgAAQIECBAgQIAAAQJ5AcMl/yIBCRAgQIAAAQIECBAwXHSAAAECBAgQIECAAIG8gOGSf5GABAgQIECAAAECBAgYLjpAgAABAgQIECBAgEBewHDJv0hAAgQIECBAgAABAgQMFx0gQIAAAQIECBAgQCAvYLjkXyQgAQIECBAgQIAAAQKGiw4QIECAAAECBAgQIJAXMFzyLxKQAAECBAgQIECAAAHDRQcIECBAgAABAgQIEMgLGC75FwlIgAABAgQIECBAgIDhogMECBAgQIAAAQIECOQFDJf8iwQkQIAAAQIECBAgQMBw0QECBAgQIECAAAECBPIChkv+RQISIECAAAECBAgQIGC46AABAgQIECBAgAABAnkBwyX/IgEJECBAgAABAgQIEDBcdIAAAQIECBAgQIAAgbyA4ZJ/kYAECBAgQIAAAQIECBguOkCAAAECBAgQIECAQF7AcMm/SEACBAgQIECAAAECBAwXHSBAgAABAgQIECBAIC9guORfJCABAgQIECBAgAABAoaLDhAgQIAAAQIECBAgkBcwXPIvEpAAAQIECBAgQIAAAcNFBwgQIECAAAECBAgQyAsYLvkXCUiAAAECBAgQIECAgOGiAwQIECBAgAABAgQI5AUMl/yLBCRAgAABAgQIECBAwHDRAQIECBAgQIAAAQIE8gKGS/5FAhIgQIAAAQIECBAgYLjoAAECBAgQIECAAAECeQHDJf8iAQkQIECAAAECBAgQMFx0gAABAgQIECBAgACBvIDhkn+RgAQIECBAgAABAgQIGC46QIAAAQIECBAgQIBAXsBwyb9IQAIECBAgQIAAAQIEDBcdIECAAAECBAgQIEAgL2C45F8kIAECBAgQIECAAAEChosOECBAgAABAgQIECCQFzBc8i8SkAABAgQIECBAgAABw0UHCBAgQIAAAQIECBDICxgu+RcJSIAAAQIECBAgQICA4aIDBAgQIECAAAECBAjkBQyX/IsEJECAAAECBAgQIEDAcNEBAgQIECBAgAABAgTyAoZL/kUCEiBAgAABAgQIECBguOgAAQIECBAgQIAAAQJ5AcMl/yIBCRAgQIAAAQIECBAwXHSAAAECBAgQIECAAIG8gOGSf5GABAgQIECAAAECBAgYLjpAgAABAgQIECBAgEBewHDJv0hAAgQIECBAgAABAgQMFx0gQIAAAQIECBAgQCAvYLjkXyQgAQIECBAgQIAAAQKGiw4QIECAAAECBAgQIJAXMFzyLxKQAAECBAgQIECAAAHDRQcIECBAgAABAgQIEMgLGC75FwlIgAABAgQIECBAgIDhogMECBAgQIAAAQIECOQFDJf8iwQkQIAAAQIECBAgQMBw0QECBAgQIECAAAECBPIChkv+RQISIECAAAECBAgQIGC46AABAgQIECBAgAABAnkBwyX/IgEJECBAgAABAgQIEDBcdIAAAQIECBAgQIAAgbyA4ZJ/kYAECBAgQIAAAQIECBguOkCAAAECBAgQIECAQF7AcMm/SEACBAgQIECAAAECBAwXHSBAgAABAgQIECBAIC9guORfJCABAgQIECBAgAABAoaLDhAgQIAAAQIECBAgkBcwXPIvEpAAAQIECBAgQIAAAcNFBwgQIECAAAECBAgQyAsYLvkXCUiAAAECBAgQIECAgOGiAwQIECBAgAABAgQI5AUMl/yLBCRAgAABAgQIECBAwHDRAQIECBAgQIAAAQIE8gKGS/5FAhIgQIAAAQIECBAgYLjoAAECBAgQIECAAAECeQHDJf8iAQkQIECAAAECBAgQMFx0gAABAgQIECBAgACBvIDhkn+RgAQIECBAgAABAgQIGC46QIAAAQIECBAgQIBAXsBwyb9IQAIECBAgQIAAAQIEDBcdIECAAAECBAgQIEAgL2C45F8kIAECBAgQIECAAAEChosOECBAgAABAgQIECCQFzBc8i8SkAABAgQIECBAgAABw0UHCBAgQIAAAQIECBDICxgu+RcJSIAAAQIECBAgQICA4aIDBAgQIECAAAECBAjkBQyX/IsEJECAAAECBAgQIEDAcNEBAgQIECBAgAABAgTyAoZL/kUCEiBAgAABAgQIECBguOgAAQIECBAgQIAAAQJ5AcMl/yIBCRAgQIAAAQIECBAwXHSAAAECBAgQIECAAIG8gOGSf5GABAgQIECAAAECBAgYLjpAgAABAgQIECBAgEBewHDJv0hAAgQIECBAgAABAgQMFx0gQIAAAQIECBAgQCAvYLjkXyQgAQIECBAgQIAAAQKGiw4QIECAAAECBAgQIJAXMFzyLxKQAAECBAgQIECAAAHDRQcIECBAgAABAgQIEMgLGC75FwlIgAABAgQIECBAgIDhogMECBAgQIAAAQIECOQFDJf8iwQkQIAAAQIECBAgQMBw0QECBAgQIECAAAECBPIChkv+RQISIECAAAECBAgQIGC46AABAgQIECBAgAABAnkBwyX/IgEJECBAgAABAgQIEDBcdIAAAQIECBAgQIAAgbyA4ZJ/kYAECBAgQIAAAQIECBguOkCAAAECBAgQIECAQF7AcMm/SEACBAgQIECAAAECBAwXHSBAgAABAgQIECBAIC9guORfJCABAgQIECBAgAABAoaLDhAgQIAAAQIECBAgkBcwXPIvEpAAAQIECBAgQIAAAcNFBwgQIECAAAECBAgQyAsYLvkXCUiAAAECBAgQIECAgOGiAwQIECBAgAABAgQI5AUMl/yLBCRAgAABAgQIECBAwHDRAQIECBAgQIAAAQIE8gKGS/5FAhIgQIAAAQIECBAgYLjoAAECBAgQIECAAAECeQHDJf8iAQkQIECAAAECBAgQMFx0gAABAgQIECBAgACBvIDhkn+RgAQIECBAgAABAgQIGC46QIAAAQIECBAgQIBAXsBwyb9IQAIECBAgQIAAAQIEDBcdIECAAAECBAgQIEAgL2C45F8kIAECBAgQIECAAAEChosOECBAgAABAgQIECCQFzBc8i8SkAABAgQIECBAgAABw0UHCBAgQIAAAQIECBDICxgu+RcJSIAAAQIECBAgQICA4aIDBAgQIECAAAECBAjkBQyX/IsEJECAAAECBAgQIEDAcNEBAgQIECBAgAABAgTyAoZL/kUCEiBAgAABAgQIECBguOgAAQIECBAgQIAAAQJ5AcMl/yIBCRAgQIAAAQIECBAwXHSAAAECBAgQIECAAIG8gOGSf5GABAgQIECAAAECBAgYLjpAgAABAgQIECBAgEBewHDJv0hAAgQIECBAgAABAgQMFx0gQIAAAQIECBAgQCAvYLjkXyQgAQIECBAgQIAAAQKGiw4QIECAAAECBAgQIJAXMFzyLxKQAAECBAgQIECAAAHDRQcIECBAgAABAgQIEMgLGC75FwlIgAABAgQIECBAgIDhogMECBAgQIAAAQIECOQFDJf8iwQkQIAAAQIECBAgQMBw0QECBAgQIECAAAECBPIChkv+RQISIECAAAECBAgQIGC46AABAgQIECBAgAABAnkBwyX/IgEJECBAgAABAgQIEDBcdIAAAQIECBAgQIAAgbyA4ZJ/kYAECBAgQIAAAQIECBguOkCAAAECBAgQIECAQF7AcMm/SEACBAgQIECAAAECBAwXHSBAgAABAgQIECBAIC9guORfJCABAgQIECBAgAABAoaLDhAgQIAAAQIECBAgkBcwXPIvEpAAAQIECBAgQIAAAcNFBwgQIECAAAECBAgQyAsYLvkXCUiAAAECBAgQIECAgOGiAwQIECBAgAABAgQI5AUMl/yLBCRAgAABAgQIECBAwHDRAQIECBAgQIAAAQIE8gKGS/5FAhIgQIAAAQIECBAgYLjoAAECBAgQIECAAAECeQHDJf8iAQkQIECAAAECBAgQMFx0gAABAgQIECBAgACBvIDhkn+RgAQIECBAgAABAgQIGC46QIAAAQIECBAgQIBAXsBwyb9IQAIECBAgQIAAAQIEDBcdIECAAAECBAgQIEAgL2C45F8kIAECBAgQIECAAAEChosOECBAgAABAgQIECCQFzBc8i8SkAABAgQIECBAgAABw0UHCBAgQIAAAQIECBDICxgu+RcJSIAAAQIECBAgQICA4aIDBAgQIECAAAECBAjkBQyX/IsEJECAAAECBAgQIEDAcNEBAgQIECBAgAABAgTyAoZL/kUCEiBAgAABAgQIECBguOgAAQIECBAgQIAAAQJ5AcMl/yIBCRAgQIAAAQIECBAwXHSAAAECBAgQIECAAIG8gOGSf5GABAgQIECAAAECBAgYLjpAgAABAgQIECBAgEBewHDJv0hAAgQIECBAgAABAgQMFx0gQIAAAQIECBAgQCAvYLjkXyQgAQIECBAgQIAAAQKGiw4QIECAAAECBAgQIJAXMFzyLxKQAAECBAgQIECAAAHDRQcIECBAgAABAgQIEMgLGC75FwlIgAABAgQIECBAgIDhogMECBAgQIAAAQIECOQFDJf8iwQkQIAAAQIECBAgQMBw0QECBAgQIECAAAECBPIChkv+RQISIECAAAECBAgQIGC46AABAgQIECBAgAABAnkBwyX/IgEJECBAgAABAgQIEDBcdIAAAQIECBAgQIAAgbyA4ZJ/kYAECBAgQIAAAQIECBguOkCAAAECBAgQIECAQF7AcMm/SEACBAgQIECAAAECBAwXHSBAgAABAgQIECBAIC9guORfJCABAgQIECBAgAABAoaLDhAgQIAAAQIECBAgkBcwXPIvEpAAAQIECBAgQIAAAcNFBwgQIECAAAECBAgQyAsYLvkXCUiAAAECBAgQIECAgOGiAwQIECBAgAABAgQI5AUMl/yLBCRAgAABAgQIECBAwHDRAQIECBAgQIAAAQIE8gKGS/5FAhIgQIAAAQIECBAgYLjoAAECBAgQIECAAAECeQHDJf8iAQkQIECAAAECBAgQMFx0gAABAgQIECBAgACBvIDhkn+RgAQIECBAgAABAgQIGC46QIAAAQIECBAgQIBAXsBwyb9IQAIECBAgQIAAAQIEDBcdIECAAAECBAgQIEAgL2C45F8kIAECBAgQIECAAAEChosOECBAgAABAgQIECCQFzBc8i8SkAABAgQIECBAgAABw0UHCBAgQIAAAQIECBDICxgu+RcJSIAAAQIECBAgQICA4aIDBAgQIECAAAECBAjkBQyX/IsEJECAAAECBAgQIEDAcNEBAgQIECBAgAABAgTyAoZL/kUCEiBAgAABAgQIECBguOgAAQIECBAgQIAAAQJ5AcMl/yIBCRAgQIAAAQIECBAwXHSAAAECBAgQIECAAIG8gOGSf5GABAgQIECAAAECBAgYLjpAgAABAgQIECBAgEBewHDJv0hAAgQIECBAgAABAgQMFx0gQIAAAQIECBAgQCAvYLjkXyQgAQIECBAgQIAAAQKGiw4QIECAAAECBAgQIJAXMFzyLxKQAAECBAgQIECAAAHDRQcIECBAgAABAgQIEMgLGC75FwlIgAABAgQIECBAgIDhogMECBAgQIAAAQIECOQFDJf8iwQkQIAAAQIECBAgQMBw0QECBAgQIECAAAECBPIChkv+RQISIECAAAECBAgQIGC46AABAgQIECBAgAABAnkBwyX/IgEJECBAgAABAgQIEDBcdIAAAQIECBAgQIAAgbyA4ZJ/kYAECBAgQIAAAQIECBguOkCAAAECBAgQIECAQF7AcMm/SEACBAgQIECAAAECBAwXHSBAgAABAgQIECBAIC9guORfJCABAgQIECBAgAABAoaLDhAgQIAAAQIECBAgkBcwXPIvEpAAAQIECBAgQIAAAcNFBwgQIECAAAECBAgQyAsYLvkXCUiAAAECBAgQIECAgOGiAwQIECBAgAABAgQI5AUMl/yLBCRAgAABAgQIECBAwHDRAQIECBAgQIAAAQIE8gKGS/5FAhIgQIAAAQIECBAgYLjoAAECBAgQIECAAAECeQHDJf8iAQkQIECAAAECBAgQMFx0gAABAgQIECBAgACBvIDhkn+RgAQIECBAgAABAgQIGC46QIAAAQIECBAgQIBAXsBwyb9IQAIECBAgQIAAAQIEDBcdIECAAAECBAgQIEAgL2C45F8kIAECBAgQIECAAAEChosOECBAgAABAgQIECCQFzBc8i8SkAABAgQIECBAgAABw0UHCBAgQIAAAQIECBDICxgu+RcJSIAAAQIECBAgQICA4aIDBAgQIECAAAECBAjkBQyX/IsEJECAAAECBAgQIEDAcNEBAgQIECBAgAABAgTyAoZL/kUCEiBAgAABAgQIECBguOgAAQIECBAgQIAAAQJ5AcMl/yIBCRAgQIAAAQIECBAwXHSAAAECBAgQIECAAIG8gOGSf5GABAgQIECAAAECBAgYLjpAgAABAgQIECBAgEBewHDJv0hAAgQIECBAgAABAgQMFx0gQIAAAQIECBAgQCAvYLjkXyQgAQIECBAgQIAAAQKGiw4QIECAAAECBAgQIJAXMFzyLxKQAAECBAgQIECAAAHDRQcIECBAgAABAgQIEMgLGC75FwlIgAABAgQIECBAgIDhogMECBAgQIAAAQIECOQFDJf8iwQkQIAAAQIECBAgQMBw0QECBAgQIECAAAECBPIChkv+RQISIECAAAECBAgQIGC46AABAgQIECBAgAABAnkBwyX/IgEJECBAgAABAgQIEDBcdIAAAQIECBAgQIAAgbyA4ZJ/kYAECBAgQIAAAQIECBguOkCAAAECBAgQIECAQF7AcMm/SEACBAgQIECAAAECBAwXHSBAgAABAgQIECBAIC9guORfJCABAgQIECBAgAABAoaLDhAgQIAAAQIECBAgkBcwXPIvEpAAAQIECBAgQIAAAcNFBwgQIECAAAECBAgQyAsYLvkXCUiAAAECBAgQIECAgOGiAwQIECBAgAABAgQI5AUMl/yLBCRAgAABAgQIECBAwHDRAQIECBAgQIAAAQIE8gKGS/5FAhIgQIAAAQIECBAgYLjoAAECBAgQIECAAAECeQHDJf8iAQkQIECAAAECBAgQMFx0gAABAgQIECBAgACBvIDhkn+RgAQIECBAgAABAgQIGC46QIAAAQIECBAgQIBAXsBwyb9IQAIECBAgQIAAAQIEDBcdIECAAAECBAgQIEAgL2C45F8kIAECBAgQIECAAAEChosOECBAgAABAgQIECCQFzBc8i8SkAABAgQIECBAgAABw0UHCBAgQIAAAQIECBDICxgu+RcJSIAAAQIECBAgQICA4aIDBAgQIECAAAECBAjkBQyX/IsEJECAAAECBAgQIEDAcNEBAgQIECBAgAABAgTyAoZL/kUCEiBAgAABAgQIECBguOgAAQIECBAgQIAAAQJ5AcMl/yIBCRAgQIAAAQIECBAwXHSAAAECBAgQIECAAIG8gOGSf5GABAgQIECAAAECBAgYLjpAgAABAgQIECBAgEBewHDJv0hAAgQIECBAgAABAgQMFx0gQIAAAQIECBAgQCAvYLjkXyQgAQIECBAgQIAAAQKGiw4QIECAAAECBAgQIJAXMFzyLxKQAAECBAgQIECAAAHDRQcIECBAgAABAgQIEMgLGC75FwlIgAABAgQIECBAgIDhogMECBAgQIAAAQIECOQFDJf8iwQkQIAAAQIECBAgQMBw0QECBAgQIECAAAECBPIChkv+RQISIECAAAECBAgQIGC46AABAgQIECBAgAABAnkBwyVsWIdbAAAL9ElEQVT/IgEJECBAgAABAgQIEDBcdIAAAQIECBAgQIAAgbyA4ZJ/kYAECBAgQIAAAQIECBguOkCAAAECBAgQIECAQF7AcMm/SEACBAgQIECAAAECBAwXHSBAgAABAgQIECBAIC9guORfJCABAgQIECBAgAABAoaLDhAgQIAAAQIECBAgkBcwXPIvEpAAAQIECBAgQIAAAcNFBwgQIECAAAECBAgQyAsYLvkXCUiAAAECBAgQIECAgOGiAwQIECBAgAABAgQI5AUMl/yLBCRAgAABAgQIECBAwHDRAQIECBAgQIAAAQIE8gKGS/5FAhIgQIAAAQIECBAgYLjoAAECBAgQIECAAAECeQHDJf8iAQkQIECAAAECBAgQMFx0gAABAgQIECBAgACBvIDhkn+RgAQIECBAgAABAgQIGC46QIAAAQIECBAgQIBAXsBwyb9IQAIECBAgQIAAAQIEDBcdIECAAAECBAgQIEAgL2C45F8kIAECBAgQIECAAAEChosOECBAgAABAgQIECCQFzBc8i8SkAABAgQIECBAgAABw0UHCBAgQIAAAQIECBDICxgu+RcJSIAAAQIECBAgQICA4aIDBAgQIECAAAECBAjkBQyX/IsEJECAAAECBAgQIEDAcNEBAgQIECBAgAABAgTyAoZL/kUCEiBAgAABAgQIECBguOgAAQIECBAgQIAAAQJ5AcMl/yIBCRAgQIAAAQIECBAwXHSAAAECBAgQIECAAIG8gOGSf5GABAgQIECAAAECBAgYLjpAgAABAgQIECBAgEBewHDJv0hAAgQIECBAgAABAgQMFx0gQIAAAQIECBAgQCAvYLjkXyQgAQIECBAgQIAAAQKGiw4QIECAAAECBAgQIJAXMFzyLxKQAAECBAgQIECAAAHDRQcIECBAgAABAgQIEMgLGC75FwlIgAABAgQIECBAgIDhogMECBAgQIAAAQIECOQFDJf8iwQkQIAAAQIECBAgQMBw0QECBAgQIECAAAECBPIChkv+RQISIECAAAECBAgQIGC46AABAgQIECBAgAABAnkBwyX/IgEJECBAgAABAgQIEDBcdIAAAQIECBAgQIAAgbyA4ZJ/kYAECBAgQIAAAQIECBguOkCAAAECBAgQIECAQF7AcMm/SEACBAgQIECAAAECBAwXHSBAgAABAgQIECBAIC9guORfJCABAgQIECBAgAABAoaLDhAgQIAAAQIECBAgkBcwXPIvEpAAAQIECBAgQIAAAcNFBwgQIECAAAECBAgQyAsYLvkXCUiAAAECBAgQIECAgOGiAwQIECBAgAABAgQI5AUMl/yLBCRAgAABAgQIECBAwHDRAQIECBAgQIAAAQIE8gKGS/5FAhIgQIAAAQIECBAgYLjoAAECBAgQIECAAAECeQHDJf8iAQkQIECAAAECBAgQMFx0gAABAgQIECBAgACBvIDhkn+RgAQIECBAgAABAgQIGC46QIAAAQIECBAgQIBAXsBwyb9IQAIECBAgQIAAAQIEDBcdIECAAAECBAgQIEAgL2C45F8kIAECBAgQIECAAAEChosOECBAgAABAgQIECCQFzBc8i8SkAABAgQIECBAgAABw0UHCBAgQIAAAQIECBDICxgu+RcJSIAAAQIECBAgQICA4aIDBAgQIECAAAECBAjkBQyX/IsEJECAAAECBAgQIEDAcNEBAgQIECBAgAABAgTyAoZL/kUCEiBAgAABAgQIECBguOgAAQIECBAgQIAAAQJ5AcMl/yIBCRAgQIAAAQIECBAwXHSAAAECBAgQIECAAIG8gOGSf5GABAgQIECAAAECBAgYLjpAgAABAgQIECBAgEBewHDJv0hAAgQIECBAgAABAgQMFx0gQIAAAQIECBAgQCAvYLjkXyQgAQIECBAgQIAAAQKGiw4QIECAAAECBAgQIJAXMFzyLxKQAAECBAgQIECAAAHDRQcIECBAgAABAgQIEMgLGC75FwlIgAABAgQIECBAgIDhogMECBAgQIAAAQIECOQFDJf8iwQkQIAAAQIECBAgQMBw0QECBAgQIECAAAECBPIChkv+RQISIECAAAECBAgQIGC46AABAgQIECBAgAABAnkBwyX/IgEJECBAgAABAgQIEDBcdIAAAQIECBAgQIAAgbyA4ZJ/kYAECBAgQIAAAQIECBguOkCAAAECBAgQIECAQF7AcMm/SEACBAgQIECAAAECBAwXHSBAgAABAgQIECBAIC9guORfJCABAgQIECBAgAABAoaLDhAgQIAAAQIECBAgkBcwXPIvEpAAAQIECBAgQIAAAcNFBwgQIECAAAECBAgQyAsYLvkXCUiAAAECBAgQIECAgOGiAwQIECBAgAABAgQI5AUMl/yLBCRAgAABAgQIECBAwHDRAQIECBAgQIAAAQIE8gKGS/5FAhIgQIAAAQIECBAgYLjoAAECBAgQIECAAAECeQHDJf8iAQkQIECAAAECBAgQMFx0gAABAgQIECBAgACBvIDhkn+RgAQIECBAgAABAgQIGC46QIAAAQIECBAgQIBAXsBwyb9IQAIECBAgQIAAAQIEDBcdIECAAAECBAgQIEAgL2C45F8kIAECBAgQIECAAAEChosOECBAgAABAgQIECCQFzBc8i8SkAABAgQIECBAgAABw0UHCBAgQIAAAQIECBDICxgu+RcJSIAAAQIECBAgQICA4aIDBAgQIECAAAECBAjkBQyX/IsEJECAAAECBAgQIEDAcNEBAgQIECBAgAABAgTyAoZL/kUCEiBAgAABAgQIECBguOgAAQIECBAgQIAAAQJ5AcMl/yIBCRAgQIAAAQIECBAwXHSAAAECBAgQIECAAIG8gOGSf5GABAgQIECAAAECBAgYLjpAgAABAgQIECBAgEBewHDJv0hAAgQIECBAgAABAgQMFx0gQIAAAQIECBAgQCAvYLjkXyQgAQIECBAgQIAAAQKGiw4QIECAAAECBAgQIJAXMFzyLxKQAAECBAgQIECAAAHDRQcIECBAgAABAgQIEMgLGC75FwlIgAABAgQIECBAgIDhogMECBAgQIAAAQIECOQFDJf8iwQkQIAAAQIECBAgQMBw0QECBAgQIECAAAECBPIChkv+RQISIECAAAECBAgQIGC46AABAgQIECBAgAABAnkBwyX/IgEJECBAgAABAgQIEDBcdIAAAQIECBAgQIAAgbyA4ZJ/kYAECBAgQIAAAQIECBguOkCAAAECBAgQIECAQF7AcMm/SEACBAgQIECAAAECBAwXHSBAgAABAgQIECBAIC9guORfJCABAgQIECBAgAABAoaLDhAgQIAAAQIECBAgkBcwXPIvEpAAAQIECBAgQIAAAcNFBwgQIECAAAECBAgQyAsYLvkXCUiAAAECBAgQIECAgOGiAwQIECBAgAABAgQI5AUMl/yLBCRAgAABAgQIECBAwHDRAQIECBAgQIAAAQIE8gKGS/5FAhIgQIAAAQIECBAgYLjoAAECBAgQIECAAAECeQHDJf8iAQkQIECAAAECBAgQMFx0gAABAgQIECBAgACBvIDhkn+RgAQIECBAgAABAgQIGC46QIAAAQIECBAgQIBAXsBwyb9IQAIECBAgQIAAAQIEDBcdIECAAAECBAgQIEAgL2C45F8kIAECBAgQIECAAAEChosOECBAgAABAgQIECCQFzBc8i8SkAABAgQIECBAgAABw0UHCBAgQIAAAQIECBDICxgu+RcJSIAAAQIECBAgQICA4aIDBAgQIECAAAECBAjkBQyX/IsEJECAAAECBAgQIEDAcNEBAgQIECBAgAABAgTyAoZL/kUCEiBAgAABAgQIECBguOgAAQIECBAgQIAAAQJ5AcMl/yIBCRAgQIAAAQIECBAwXHSAAAECBAgQIECAAIG8gOGSf5GABAgQIECAAAECBAgYLjpAgAABAgQIECBAgEBewHDJv0hAAgQIECBAgAABAgQMFx0gQIAAAQIECBAgQCAvYLjkXyQgAQIECBAgQIAAAQKGiw4QIECAAAECBAgQIJAXMFzyLxKQAAECBAgQIECAAAHDRQcIECBAgAABAgQIEMgLPFZIAqxw3SIWAAAAAElFTkSuQmCC','/static/json/6f0ec8d9-782a-445f-a5f5-8fdb49498db9_experiment.json'),(22,'1','physics','1','medium','',NULL,'2025-07-09 20:54:45','2025-07-09 23:11:06','draft',NULL,NULL,NULL,'published',NULL,'a','individual','','','','',NULL,'{\"gravity\": 9.8, \"friction\": 0.3, \"elasticity\": 0.8, \"simulationSpeed\": 1}','data:image/png;base64,iVBORw0KGgoAAAANSUhEUgAAAy4AAAKrCAYAAAAXudl0AAAAAXNSR0IArs4c6QAAIABJREFUeF7t1zERAAAMArHi33Rt/JAq4FIWdo4AAQIECBAgQIAAAQJxgcXziUeAAAECBAgQIECAAIEzXJSAAAECBAgQIECAAIG8gOGSf5GABAgQIECAAAECBAgYLjpAgAABAgQIECBAgEBewHDJv0hAAgQIECBAgAABAgQMFx0gQIAAAQIECBAgQCAvYLjkXyQgAQIECBAgQIAAAQKGiw4QIECAAAECBAgQIJAXMFzyLxKQAAECBAgQIECAAAHDRQcIECBAgAABAgQIEMgLGC75FwlIgAABAgQIECBAgIDhogMECBAgQIAAAQIECOQFDJf8iwQkQIAAAQIECBAgQMBw0QECBAgQIECAAAECBPIChkv+RQISIECAAAECBAgQIGC46AABAgQIECBAgAABAnkBwyX/IgEJECBAgAABAgQIEDBcdIAAAQIECBAgQIAAgbyA4ZJ/kYAECBAgQIAAAQIECBguOkCAAAECBAgQIECAQF7AcMm/SEACBAgQIECAAAECBAwXHSBAgAABAgQIECBAIC9guORfJCABAgQIECBAgAABAoaLDhAgQIAAAQIECBAgkBcwXPIvEpAAAQIECBAgQIAAAcNFBwgQIECAAAECBAgQyAsYLvkXCUiAAAECBAgQIECAgOGiAwQIECBAgAABAgQI5AUMl/yLBCRAgAABAgQIECBAwHDRAQIECBAgQIAAAQIE8gKGS/5FAhIgQIAAAQIECBAgYLjoAAECBAgQIECAAAECeQHDJf8iAQkQIECAAAECBAgQMFx0gAABAgQIECBAgACBvIDhkn+RgAQIECBAgAABAgQIGC46QIAAAQIECBAgQIBAXsBwyb9IQAIECBAgQIAAAQIEDBcdIECAAAECBAgQIEAgL2C45F8kIAECBAgQIECAAAEChosOECBAgAABAgQIECCQFzBc8i8SkAABAgQIECBAgAABw0UHCBAgQIAAAQIECBDICxgu+RcJSIAAAQIECBAgQICA4aIDBAgQIECAAAECBAjkBQyX/IsEJECAAAECBAgQIEDAcNEBAgQIECBAgAABAgTyAoZL/kUCEiBAgAABAgQIECBguOgAAQIECBAgQIAAAQJ5AcMl/yIBCRAgQIAAAQIECBAwXHSAAAECBAgQIECAAIG8gOGSf5GABAgQIECAAAECBAgYLjpAgAABAgQIECBAgEBewHDJv0hAAgQIECBAgAABAgQMFx0gQIAAAQIECBAgQCAvYLjkXyQgAQIECBAgQIAAAQKGiw4QIECAAAECBAgQIJAXMFzyLxKQAAECBAgQIECAAAHDRQcIECBAgAABAgQIEMgLGC75FwlIgAABAgQIECBAgIDhogMECBAgQIAAAQIECOQFDJf8iwQkQIAAAQIECBAgQMBw0QECBAgQIECAAAECBPIChkv+RQISIECAAAECBAgQIGC46AABAgQIECBAgAABAnkBwyX/IgEJECBAgAABAgQIEDBcdIAAAQIECBAgQIAAgbyA4ZJ/kYAECBAgQIAAAQIECBguOkCAAAECBAgQIECAQF7AcMm/SEACBAgQIECAAAECBAwXHSBAgAABAgQIECBAIC9guORfJCABAgQIECBAgAABAoaLDhAgQIAAAQIECBAgkBcwXPIvEpAAAQIECBAgQIAAAcNFBwgQIECAAAECBAgQyAsYLvkXCUiAAAECBAgQIECAgOGiAwQIECBAgAABAgQI5AUMl/yLBCRAgAABAgQIECBAwHDRAQIECBAgQIAAAQIE8gKGS/5FAhIgQIAAAQIECBAgYLjoAAECBAgQIECAAAECeQHDJf8iAQkQIECAAAECBAgQMFx0gAABAgQIECBAgACBvIDhkn+RgAQIECBAgAABAgQIGC46QIAAAQIECBAgQIBAXsBwyb9IQAIECBAgQIAAAQIEDBcdIECAAAECBAgQIEAgL2C45F8kIAECBAgQIECAAAEChosOECBAgAABAgQIECCQFzBc8i8SkAABAgQIECBAgAABw0UHCBAgQIAAAQIECBDICxgu+RcJSIAAAQIECBAgQICA4aIDBAgQIECAAAECBAjkBQyX/IsEJECAAAECBAgQIEDAcNEBAgQIECBAgAABAgTyAoZL/kUCEiBAgAABAgQIECBguOgAAQIECBAgQIAAAQJ5AcMl/yIBCRAgQIAAAQIECBAwXHSAAAECBAgQIECAAIG8gOGSf5GABAgQIECAAAECBAgYLjpAgAABAgQIECBAgEBewHDJv0hAAgQIECBAgAABAgQMFx0gQIAAAQIECBAgQCAvYLjkXyQgAQIECBAgQIAAAQKGiw4QIECAAAECBAgQIJAXMFzyLxKQAAECBAgQIECAAAHDRQcIECBAgAABAgQIEMgLGC75FwlIgAABAgQIECBAgIDhogMECBAgQIAAAQIECOQFDJf8iwQkQIAAAQIECBAgQMBw0QECBAgQIECAAAECBPIChkv+RQISIECAAAECBAgQIGC46AABAgQIECBAgAABAnkBwyX/IgEJECBAgAABAgQIEDBcdIAAAQIECBAgQIAAgbyA4ZJ/kYAECBAgQIAAAQIECBguOkCAAAECBAgQIECAQF7AcMm/SEACBAgQIECAAAECBAwXHSBAgAABAgQIECBAIC9guORfJCABAgQIECBAgAABAoaLDhAgQIAAAQIECBAgkBcwXPIvEpAAAQIECBAgQIAAAcNFBwgQIECAAAECBAgQyAsYLvkXCUiAAAECBAgQIECAgOGiAwQIECBAgAABAgQI5AUMl/yLBCRAgAABAgQIECBAwHDRAQIECBAgQIAAAQIE8gKGS/5FAhIgQIAAAQIECBAgYLjoAAECBAgQIECAAAECeQHDJf8iAQkQIECAAAECBAgQMFx0gAABAgQIECBAgACBvIDhkn+RgAQIECBAgAABAgQIGC46QIAAAQIECBAgQIBAXsBwyb9IQAIECBAgQIAAAQIEDBcdIECAAAECBAgQIEAgL2C45F8kIAECBAgQIECAAAEChosOECBAgAABAgQIECCQFzBc8i8SkAABAgQIECBAgAABw0UHCBAgQIAAAQIECBDICxgu+RcJSIAAAQIECBAgQICA4aIDBAgQIECAAAECBAjkBQyX/IsEJECAAAECBAgQIEDAcNEBAgQIECBAgAABAgTyAoZL/kUCEiBAgAABAgQIECBguOgAAQIECBAgQIAAAQJ5AcMl/yIBCRAgQIAAAQIECBAwXHSAAAECBAgQIECAAIG8gOGSf5GABAgQIECAAAECBAgYLjpAgAABAgQIECBAgEBewHDJv0hAAgQIECBAgAABAgQMFx0gQIAAAQIECBAgQCAvYLjkXyQgAQIECBAgQIAAAQKGiw4QIECAAAECBAgQIJAXMFzyLxKQAAECBAgQIECAAAHDRQcIECBAgAABAgQIEMgLGC75FwlIgAABAgQIECBAgIDhogMECBAgQIAAAQIECOQFDJf8iwQkQIAAAQIECBAgQMBw0QECBAgQIECAAAECBPIChkv+RQISIECAAAECBAgQIGC46AABAgQIECBAgAABAnkBwyX/IgEJECBAgAABAgQIEDBcdIAAAQIECBAgQIAAgbyA4ZJ/kYAECBAgQIAAAQIECBguOkCAAAECBAgQIECAQF7AcMm/SEACBAgQIECAAAECBAwXHSBAgAABAgQIECBAIC9guORfJCABAgQIECBAgAABAoaLDhAgQIAAAQIECBAgkBcwXPIvEpAAAQIECBAgQIAAAcNFBwgQIECAAAECBAgQyAsYLvkXCUiAAAECBAgQIECAgOGiAwQIECBAgAABAgQI5AUMl/yLBCRAgAABAgQIECBAwHDRAQIECBAgQIAAAQIE8gKGS/5FAhIgQIAAAQIECBAgYLjoAAECBAgQIECAAAECeQHDJf8iAQkQIECAAAECBAgQMFx0gAABAgQIECBAgACBvIDhkn+RgAQIECBAgAABAgQIGC46QIAAAQIECBAgQIBAXsBwyb9IQAIECBAgQIAAAQIEDBcdIECAAAECBAgQIEAgL2C45F8kIAECBAgQIECAAAEChosOECBAgAABAgQIECCQFzBc8i8SkAABAgQIECBAgAABw0UHCBAgQIAAAQIECBDICxgu+RcJSIAAAQIECBAgQICA4aIDBAgQIECAAAECBAjkBQyX/IsEJECAAAECBAgQIEDAcNEBAgQIECBAgAABAgTyAoZL/kUCEiBAgAABAgQIECBguOgAAQIECBAgQIAAAQJ5AcMl/yIBCRAgQIAAAQIECBAwXHSAAAECBAgQIECAAIG8gOGSf5GABAgQIECAAAECBAgYLjpAgAABAgQIECBAgEBewHDJv0hAAgQIECBAgAABAgQMFx0gQIAAAQIECBAgQCAvYLjkXyQgAQIECBAgQIAAAQKGiw4QIECAAAECBAgQIJAXMFzyLxKQAAECBAgQIECAAAHDRQcIECBAgAABAgQIEMgLGC75FwlIgAABAgQIECBAgIDhogMECBAgQIAAAQIECOQFDJf8iwQkQIAAAQIECBAgQMBw0QECBAgQIECAAAECBPIChkv+RQISIECAAAECBAgQIGC46AABAgQIECBAgAABAnkBwyX/IgEJECBAgAABAgQIEDBcdIAAAQIECBAgQIAAgbyA4ZJ/kYAECBAgQIAAAQIECBguOkCAAAECBAgQIECAQF7AcMm/SEACBAgQIECAAAECBAwXHSBAgAABAgQIECBAIC9guORfJCABAgQIECBAgAABAoaLDhAgQIAAAQIECBAgkBcwXPIvEpAAAQIECBAgQIAAAcNFBwgQIECAAAECBAgQyAsYLvkXCUiAAAECBAgQIECAgOGiAwQIECBAgAABAgQI5AUMl/yLBCRAgAABAgQIECBAwHDRAQIECBAgQIAAAQIE8gKGS/5FAhIgQIAAAQIECBAgYLjoAAECBAgQIECAAAECeQHDJf8iAQkQIECAAAECBAgQMFx0gAABAgQIECBAgACBvIDhkn+RgAQIECBAgAABAgQIGC46QIAAAQIECBAgQIBAXsBwyb9IQAIECBAgQIAAAQIEDBcdIECAAAECBAgQIEAgL2C45F8kIAECBAgQIECAAAEChosOECBAgAABAgQIECCQFzBc8i8SkAABAgQIECBAgAABw0UHCBAgQIAAAQIECBDICxgu+RcJSIAAAQIECBAgQICA4aIDBAgQIECAAAECBAjkBQyX/IsEJECAAAECBAgQIEDAcNEBAgQIECBAgAABAgTyAoZL/kUCEiBAgAABAgQIECBguOgAAQIECBAgQIAAAQJ5AcMl/yIBCRAgQIAAAQIECBAwXHSAAAECBAgQIECAAIG8gOGSf5GABAgQIECAAAECBAgYLjpAgAABAgQIECBAgEBewHDJv0hAAgQIECBAgAABAgQMFx0gQIAAAQIECBAgQCAvYLjkXyQgAQIECBAgQIAAAQKGiw4QIECAAAECBAgQIJAXMFzyLxKQAAECBAgQIECAAAHDRQcIECBAgAABAgQIEMgLGC75FwlIgAABAgQIECBAgIDhogMECBAgQIAAAQIECOQFDJf8iwQkQIAAAQIECBAgQMBw0QECBAgQIECAAAECBPIChkv+RQISIECAAAECBAgQIGC46AABAgQIECBAgAABAnkBwyX/IgEJECBAgAABAgQIEDBcdIAAAQIECBAgQIAAgbyA4ZJ/kYAECBAgQIAAAQIECBguOkCAAAECBAgQIECAQF7AcMm/SEACBAgQIECAAAECBAwXHSBAgAABAgQIECBAIC9guORfJCABAgQIECBAgAABAoaLDhAgQIAAAQIECBAgkBcwXPIvEpAAAQIECBAgQIAAAcNFBwgQIECAAAECBAgQyAsYLvkXCUiAAAECBAgQIECAgOGiAwQIECBAgAABAgQI5AUMl/yLBCRAgAABAgQIECBAwHDRAQIECBAgQIAAAQIE8gKGS/5FAhIgQIAAAQIECBAgYLjoAAECBAgQIECAAAECeQHDJf8iAQkQIECAAAECBAgQMFx0gAABAgQIECBAgACBvIDhkn+RgAQIECBAgAABAgQIGC46QIAAAQIECBAgQIBAXsBwyb9IQAIECBAgQIAAAQIEDBcdIECAAAECBAgQIEAgL2C45F8kIAECBAgQIECAAAEChosOECBAgAABAgQIECCQFzBc8i8SkAABAgQIECBAgAABw0UHCBAgQIAAAQIECBDICxgu+RcJSIAAAQIECBAgQICA4aIDBAgQIECAAAECBAjkBQyX/IsEJECAAAECBAgQIEDAcNEBAgQIECBAgAABAgTyAoZL/kUCEiBAgAABAgQIECBguOgAAQIECBAgQIAAAQJ5AcMl/yIBCRAgQIAAAQIECBAwXHSAAAECBAgQIECAAIG8gOGSf5GABAgQIECAAAECBAgYLjpAgAABAgQIECBAgEBewHDJv0hAAgQIECBAgAABAgQMFx0gQIAAAQIECBAgQCAvYLjkXyQgAQIECBAgQIAAAQKGiw4QIECAAAECBAgQIJAXMFzyLxKQAAECBAgQIECAAAHDRQcIECBAgAABAgQIEMgLGC75FwlIgAABAgQIECBAgIDhogMECBAgQIAAAQIECOQFDJf8iwQkQIAAAQIECBAgQMBw0QECBAgQIECAAAECBPIChkv+RQISIECAAAECBAgQIGC46AABAgQIECBAgAABAnkBwyX/IgEJECBAgAABAgQIEDBcdIAAAQIECBAgQIAAgbyA4ZJ/kYAECBAgQIAAAQIECBguOkCAAAECBAgQIECAQF7AcMm/SEACBAgQIECAAAECBAwXHSBAgAABAgQIECBAIC9guORfJCABAgQIECBAgAABAoaLDhAgQIAAAQIECBAgkBcwXPIvEpAAAQIECBAgQIAAAcNFBwgQIECAAAECBAgQyAsYLvkXCUiAAAECBAgQIECAgOGiAwQIECBAgAABAgQI5AUMl/yLBCRAgAABAgQIECBAwHDRAQIECBAgQIAAAQIE8gKGS/5FAhIgQIAAAQIECBAgYLjoAAECBAgQIECAAAECeQHDJf8iAQkQIECAAAECBAgQMFx0gAABAgQIECBAgACBvIDhkn+RgAQIECBAgAABAgQIGC46QIAAAQIECBAgQIBAXsBwyb9IQAIECBAgQIAAAQIEDBcdIECAAAECBAgQIEAgL2C45F8kIAECBAgQIECAAAEChosOECBAgAABAgQIECCQFzBc8i8SkAABAgQIECBAgAABw0UHCBAgQIAAAQIECBDICxgu+RcJSIAAAQIECBAgQICA4aIDBAgQIECAAAECBAjkBQyX/IsEJECAAAECBAgQIEDAcNEBAgQIECBAgAABAgTyAoZL/kUCEiBAgAABAgQIECBguOgAAQIECBAgQIAAAQJ5AcMl/yIBCRAgQIAAAQIECBAwXHSAAAECBAgQIECAAIG8gOGSf5GABAgQIECAAAECBAgYLjpAgAABAgQIECBAgEBewHDJv0hAAgQIECBAgAABAgQMFx0gQIAAAQIECBAgQCAvYLjkXyQgAQIECBAgQIAAAQKGiw4QIECAAAECBAgQIJAXMFzyLxKQAAECBAgQIECAAAHDRQcIECBAgAABAgQIEMgLGC75FwlIgAABAgQIECBAgIDhogMECBAgQIAAAQIECOQFDJf8iwQkQIAAAQIECBAgQMBw0QECBAgQIECAAAECBPIChkv+RQISIECAAAECBAgQIGC46AABAgQIECBAgAABAnkBwyX/IgEJECBAgAABAgQIEDBcdIAAAQIECBAgQIAAgbyA4ZJ/kYAECBAgQIAAAQIECBguOkCAAAECBAgQIECAQF7AcMm/SEACBAgQIECAAAECBAwXHSBAgAABAgQIECBAIC9guORfJCABAgQIECBAgAABAoaLDhAgQIAAAQIECBAgkBcwXPIvEpAAAQIECBAgQIAAAcNFBwgQIECAAAECBAgQyAsYLvkXCUiAAAECBAgQIECAgOGiAwQIECBAgAABAgQI5AUMl/yLBCRAgAABAgQIECBAwHDRAQIECBAgQIAAAQIE8gKGS/5FAhIgQIAAAQIECBAgYLjoAAECBAgQIECAAAECeQHDJf8iAQkQIECAAAECBAgQMFx0gAABAgQIECBAgACBvIDhkn+RgAQIECBAgAABAgQIGC46QIAAAQIECBAgQIBAXsBwyb9IQAIECBAgQIAAAQIEDBcdIECAAAECBAgQIEAgL2C45F8kIAECBAgQIECAAAEChosOECBAgAABAgQIECCQFzBc8i8SkAABAgQIECBAgAABw0UHCBAgQIAAAQIECBDICxgu+RcJSIAAAQIECBAgQICA4aIDBAgQIECAAAECBAjkBQyX/IsEJECAAAECBAgQIEDAcNEBAgQIECBAgAABAgTyAoZL/kUCEiBAgAABAgQIECBguOgAAQIECBAgQIAAAQJ5AcMl/yIBCRAgQIAAAQIECBAwXHSAAAECBAgQIECAAIG8gOGSf5GABAgQIECAAAECBAgYLjpAgAABAgQIECBAgEBewHDJv0hAAgQIECBAgAABAgQMFx0gQIAAAQIECBAgQCAvYLjkXyQgAQIECBAgQIAAAQKGiw4QIECAAAECBAgQIJAXMFzyLxKQAAECBAgQIECAAAHDRQcIECBAgAABAgQIEMgLGC75FwlIgAABAgQIECBAgIDhogMECBAgQIAAAQIECOQFDJf8iwQkQIAAAQIECBAgQMBw0QECBAgQIECAAAECBPIChkv+RQISIECAAAECBAgQIGC46AABAgQIECBAgAABAnkBwyX/IgEJECBAgAABAgQIEDBcdIAAAQIECBAgQIAAgbyA4ZJ/kYAECBAgQIAAAQIECBguOkCAAAECBAgQIECAQF7AcMm/SEACBAgQIECAAAECBAwXHSBAgAABAgQIECBAIC9guORfJCABAgQIECBAgAABAoaLDhAgQIAAAQIECBAgkBcwXPIvEpAAAQIECBAgQIAAAcNFBwgQIECAAAECBAgQyAsYLvkXCUiAAAECBAgQIECAgOGiAwQIECBAgAABAgQI5AUMl/yLBCRAgAABAgQIECBAwHDRAQIECBAgQIAAAQIE8gKGS/5FAhIgQIAAAQIECBAgYLjoAAECBAgQIECAAAECeQHDJf8iAQkQIECAAAECBAgQMFx0gAABAgQIECBAgACBvIDhkn+RgAQIECBAgAABAgQIGC46QIAAAQIECBAgQIBAXsBwyb9IQAIECBAgQIAAAQIEDBcdIECAAAECBAgQIEAgL2C45F8kIAECBAgQIECAAAEChosOECBAgAABAgQIECCQFzBc8i8SkAABAgQIECBAgAABw0UHCBAgQIAAAQIECBDICxgu+RcJSIAAAQIECBAgQICA4aIDBAgQIECAAAECBAjkBQyX/IsEJECAAAECBAgQIEDAcNEBAgQIECBAgAABAgTyAoZL/kUCEiBAgAABAgQIECBguOgAAQIECBAgQIAAAQJ5AcMl/yIBCRAgQIAAAQIECBAwXHSAAAECBAgQIECAAIG8gOGSf5GABAgQIECAAAECBAgYLjpAgAABAgQIECBAgEBewHDJv0hAAgQIECBAgAABAgQMFx0gQIAAAQIECBAgQCAvYLjkXyQgAQIECBAgQIAAAQKGiw4QIECAAAECBAgQIJAXMFzyLxKQAAECBAgQIECAAAHDRQcIECBAgAABAgQIEMgLGC75FwlIgAABAgQIECBAgIDhogMECBAgQIAAAQIECOQFDJf8iwQkQIAAAQIECBAgQMBw0QECBAgQIECAAAECBPIChkv+RQISIECAAAECBAgQIGC46AABAgQIECBAgAABAnkBwyX/IgEJECBAgAABAgQIEDBcdIAAAQIECBAgQIAAgbyA4ZJ/kYAECBAgQIAAAQIECBguOkCAAAECBAgQIECAQF7AcMm/SEACBAgQIECAAAECBAwXHSBAgAABAgQIECBAIC9guORfJCABAgQIECBAgAABAoaLDhAgQIAAAQIECBAgkBcwXPIvEpAAAQIECBAgQIAAAcNFBwgQIECAAAECBAgQyAsYLvkXCUiAAAECBAgQIECAgOGiAwQIECBAgAABAgQI5AUMl/yLBCRAgAABAgQIECBAwHDRAQIECBAgQIAAAQIE8gKGS/5FAhIgQIAAAQIECBAgYLjoAAECBAgQIECAAAECeQHDJf8iAQkQIECAAAECBAgQMFx0gAABAgQIECBAgACBvIDhkn+RgAQIECBAgAABAgQIGC46QIAAAQIECBAgQIBAXsBwyb9IQAIECBAgQIAAAQIEDBcdIECAAAECBAgQIEAgL2C45F8kIAECBAgQIECAAAEChosOECBAgAABAgQIECCQFzBc8i8SkAABAgQIECBAgAABw0UHCBAgQIAAAQIECBDICxgu+RcJSIAAAQIECBAgQICA4aIDBAgQIECAAAECBAjkBQyX/IsEJECAAAECBAgQIEDAcNEBAgQIECBAgAABAgTyAoZL/kUCEiBAgAABAgQIECBguOgAAQIECBAgQIAAAQJ5AcMl/yIBCRAgQIAAAQIECBAwXHSAAAECBAgQIECAAIG8gOGSf5GABAgQIECAAAECBAgYLjpAgAABAgQIECBAgEBewHDJv0hAAgQIECBAgAABAgQMFx0gQIAAAQIECBAgQCAvYLjkXyQgAQIECBAgQIAAAQKGiw4QIECAAAECBAgQIJAXMFzyLxKQAAECBAgQIECAAAHDRQcIECBAgAABAgQIEMgLGC75FwlIgAABAgQIECBAgIDhogMECBAgQIAAAQIECOQFDJf8iwQkQIAAAQIECBAgQMBw0QECBAgQIECAAAECBPIChkv+RQISIECAAAECBAgQIGC46AABAgQIECBAgAABAnkBwyVsWIdbAAAL9ElEQVT/IgEJECBAgAABAgQIEDBcdIAAAQIECBAgQIAAgbyA4ZJ/kYAECBAgQIAAAQIECBguOkCAAAECBAgQIECAQF7AcMm/SEACBAgQIECAAAECBAwXHSBAgAABAgQIECBAIC9guORfJCABAgQIECBAgAABAoaLDhAgQIAAAQIECBAgkBcwXPIvEpAAAQIECBAgQIAAAcNFBwgQIECAAAECBAgQyAsYLvkXCUiAAAECBAgQIECAgOGiAwQIECBAgAABAgQI5AUMl/yLBCRAgAABAgQIECBAwHDRAQIECBAgQIAAAQIE8gKGS/5FAhIgQIAAAQIECBAgYLjoAAECBAgQIECAAAECeQHDJf8iAQkQIECAAAECBAgQMFx0gAABAgQIECBAgACBvIDhkn+RgAQIECBAgAABAgQIGC46QIAAAQIECBAgQIBAXsBwyb9IQAIECBAgQIAAAQIEDBcdIECAAAECBAgQIEAgL2C45F8kIAECBAgQIECAAAEChosOECBAgAABAgQIECCQFzBc8i8SkAABAgQIECBAgAABw0UHCBAgQIAAAQIECBDICxgu+RcJSIAAAQIECBAgQICA4aIDBAgQIECAAAECBAjkBQyX/IsEJECAAAECBAgQIEDAcNEBAgQIECBAgAABAgTyAoZL/kUCEiBAgAABAgQIECBguOgAAQIECBAgQIAAAQJ5AcMl/yIBCRAgQIAAAQIECBAwXHSAAAECBAgQIECAAIG8gOGSf5GABAgQIECAAAECBAgYLjpAgAABAgQIECBAgEBewHDJv0hAAgQIECBAgAABAgQMFx0gQIAAAQIECBAgQCAvYLjkXyQgAQIECBAgQIAAAQKGiw4QIECAAAECBAgQIJAXMFzyLxKQAAECBAgQIECAAAHDRQcIECBAgAABAgQIEMgLGC75FwlIgAABAgQIECBAgIDhogMECBAgQIAAAQIECOQFDJf8iwQkQIAAAQIECBAgQMBw0QECBAgQIECAAAECBPIChkv+RQISIECAAAECBAgQIGC46AABAgQIECBAgAABAnkBwyX/IgEJECBAgAABAgQIEDBcdIAAAQIECBAgQIAAgbyA4ZJ/kYAECBAgQIAAAQIECBguOkCAAAECBAgQIECAQF7AcMm/SEACBAgQIECAAAECBAwXHSBAgAABAgQIECBAIC9guORfJCABAgQIECBAgAABAoaLDhAgQIAAAQIECBAgkBcwXPIvEpAAAQIECBAgQIAAAcNFBwgQIECAAAECBAgQyAsYLvkXCUiAAAECBAgQIECAgOGiAwQIECBAgAABAgQI5AUMl/yLBCRAgAABAgQIECBAwHDRAQIECBAgQIAAAQIE8gKGS/5FAhIgQIAAAQIECBAgYLjoAAECBAgQIECAAAECeQHDJf8iAQkQIECAAAECBAgQMFx0gAABAgQIECBAgACBvIDhkn+RgAQIECBAgAABAgQIGC46QIAAAQIECBAgQIBAXsBwyb9IQAIECBAgQIAAAQIEDBcdIECAAAECBAgQIEAgL2C45F8kIAECBAgQIECAAAEChosOECBAgAABAgQIECCQFzBc8i8SkAABAgQIECBAgAABw0UHCBAgQIAAAQIECBDICxgu+RcJSIAAAQIECBAgQICA4aIDBAgQIECAAAECBAjkBQyX/IsEJECAAAECBAgQIEDAcNEBAgQIECBAgAABAgTyAoZL/kUCEiBAgAABAgQIECBguOgAAQIECBAgQIAAAQJ5AcMl/yIBCRAgQIAAAQIECBAwXHSAAAECBAgQIECAAIG8gOGSf5GABAgQIECAAAECBAgYLjpAgAABAgQIECBAgEBewHDJv0hAAgQIECBAgAABAgQMFx0gQIAAAQIECBAgQCAvYLjkXyQgAQIECBAgQIAAAQKGiw4QIECAAAECBAgQIJAXMFzyLxKQAAECBAgQIECAAAHDRQcIECBAgAABAgQIEMgLGC75FwlIgAABAgQIECBAgIDhogMECBAgQIAAAQIECOQFDJf8iwQkQIAAAQIECBAgQMBw0QECBAgQIECAAAECBPIChkv+RQISIECAAAECBAgQIGC46AABAgQIECBAgAABAnkBwyX/IgEJECBAgAABAgQIEDBcdIAAAQIECBAgQIAAgbyA4ZJ/kYAECBAgQIAAAQIECBguOkCAAAECBAgQIECAQF7AcMm/SEACBAgQIECAAAECBAwXHSBAgAABAgQIECBAIC9guORfJCABAgQIECBAgAABAoaLDhAgQIAAAQIECBAgkBcwXPIvEpAAAQIECBAgQIAAAcNFBwgQIECAAAECBAgQyAsYLvkXCUiAAAECBAgQIECAgOGiAwQIECBAgAABAgQI5AUMl/yLBCRAgAABAgQIECBAwHDRAQIECBAgQIAAAQIE8gKGS/5FAhIgQIAAAQIECBAgYLjoAAECBAgQIECAAAECeQHDJf8iAQkQIECAAAECBAgQMFx0gAABAgQIECBAgACBvIDhkn+RgAQIECBAgAABAgQIGC46QIAAAQIECBAgQIBAXsBwyb9IQAIECBAgQIAAAQIEDBcdIECAAAECBAgQIEAgL2C45F8kIAECBAgQIECAAAEChosOECBAgAABAgQIECCQFzBc8i8SkAABAgQIECBAgAABw0UHCBAgQIAAAQIECBDICxgu+RcJSIAAAQIECBAgQICA4aIDBAgQIECAAAECBAjkBQyX/IsEJECAAAECBAgQIEDAcNEBAgQIECBAgAABAgTyAoZL/kUCEiBAgAABAgQIECBguOgAAQIECBAgQIAAAQJ5AcMl/yIBCRAgQIAAAQIECBAwXHSAAAECBAgQIECAAIG8gOGSf5GABAgQIECAAAECBAgYLjpAgAABAgQIECBAgEBewHDJv0hAAgQIECBAgAABAgQMFx0gQIAAAQIECBAgQCAvYLjkXyQgAQIECBAgQIAAAQKGiw4QIECAAAECBAgQIJAXMFzyLxKQAAECBAgQIECAAAHDRQcIECBAgAABAgQIEMgLGC75FwlIgAABAgQIECBAgIDhogMECBAgQIAAAQIECOQFDJf8iwQkQIAAAQIECBAgQMBw0QECBAgQIECAAAECBPIChkv+RQISIECAAAECBAgQIGC46AABAgQIECBAgAABAnkBwyX/IgEJECBAgAABAgQIEDBcdIAAAQIECBAgQIAAgbyA4ZJ/kYAECBAgQIAAAQIECBguOkCAAAECBAgQIECAQF7AcMm/SEACBAgQIECAAAECBAwXHSBAgAABAgQIECBAIC9guORfJCABAgQIECBAgAABAoaLDhAgQIAAAQIECBAgkBcwXPIvEpAAAQIECBAgQIAAAcNFBwgQIECAAAECBAgQyAsYLvkXCUiAAAECBAgQIECAgOGiAwQIECBAgAABAgQI5AUMl/yLBCRAgAABAgQIECBAwHDRAQIECBAgQIAAAQIE8gKGS/5FAhIgQIAAAQIECBAgYLjoAAECBAgQIECAAAECeQHDJf8iAQkQIECAAAECBAgQMFx0gAABAgQIECBAgACBvIDhkn+RgAQIECBAgAABAgQIGC46QIAAAQIECBAgQIBAXsBwyb9IQAIECBAgQIAAAQIEDBcdIECAAAECBAgQIEAgL2C45F8kIAECBAgQIECAAAEChosOECBAgAABAgQIECCQFzBc8i8SkAABAgQIECBAgAABw0UHCBAgQIAAAQIECBDICxgu+RcJSIAAAQIECBAgQICA4aIDBAgQIECAAAECBAjkBQyX/IsEJECAAAECBAgQIEDAcNEBAgQIECBAgAABAgTyAoZL/kUCEiBAgAABAgQIECBguOgAAQIECBAgQIAAAQJ5AcMl/yIBCRAgQIAAAQIECBAwXHSAAAECBAgQIECAAIG8gOGSf5GABAgQIECAAAECBAgYLjpAgAABAgQIECBAgEBewHDJv0hAAgQIECBAgAABAgQMFx0gQIAAAQIECBAgQCAvYLjkXyQgAQIECBAgQIAAAQKGiw4QIECAAAECBAgQIJAXMFzyLxKQAAECBAgQIECAAAHDRQcIECBAgAABAgQIEMgLPFZIAqxw3SIWAAAAAElFTkSuQmCC','/static/json/6e4d7933-39ca-46e9-99b8-359f00f9d8e0_experiment.json'),(23,'1','physics','1','medium','',NULL,'2025-07-09 21:04:31','2025-07-09 23:11:06','draft',NULL,NULL,NULL,'published',NULL,'a','individual','','','','',NULL,'{\"gravity\": 9.8, \"friction\": 0.3, \"elasticity\": 0.8, \"simulationSpeed\": 1}','data:image/png;base64,iVBORw0KGgoAAAANSUhEUgAAAy4AAAKrCAYAAAAXudl0AAAAAXNSR0IArs4c6QAAIABJREFUeF7t1zERAAAMArHi33Rt/JAq4FIWdo4AAQIECBAgQIAAAQJxgcXziUeAAAECBAgQIECAAIEzXJSAAAECBAgQIECAAIG8gOGSf5GABAgQIECAAAECBAgYLjpAgAABAgQIECBAgEBewHDJv0hAAgQIECBAgAABAgQMFx0gQIAAAQIECBAgQCAvYLjkXyQgAQIECBAgQIAAAQKGiw4QIECAAAECBAgQIJAXMFzyLxKQAAECBAgQIECAAAHDRQcIECBAgAABAgQIEMgLGC75FwlIgAABAgQIECBAgIDhogMECBAgQIAAAQIECOQFDJf8iwQkQIAAAQIECBAgQMBw0QECBAgQIECAAAECBPIChkv+RQISIECAAAECBAgQIGC46AABAgQIECBAgAABAnkBwyX/IgEJECBAgAABAgQIEDBcdIAAAQIECBAgQIAAgbyA4ZJ/kYAECBAgQIAAAQIECBguOkCAAAECBAgQIECAQF7AcMm/SEACBAgQIECAAAECBAwXHSBAgAABAgQIECBAIC9guORfJCABAgQIECBAgAABAoaLDhAgQIAAAQIECBAgkBcwXPIvEpAAAQIECBAgQIAAAcNFBwgQIECAAAECBAgQyAsYLvkXCUiAAAECBAgQIECAgOGiAwQIECBAgAABAgQI5AUMl/yLBCRAgAABAgQIECBAwHDRAQIECBAgQIAAAQIE8gKGS/5FAhIgQIAAAQIECBAgYLjoAAECBAgQIECAAAECeQHDJf8iAQkQIECAAAECBAgQMFx0gAABAgQIECBAgACBvIDhkn+RgAQIECBAgAABAgQIGC46QIAAAQIECBAgQIBAXsBwyb9IQAIECBAgQIAAAQIEDBcdIECAAAECBAgQIEAgL2C45F8kIAECBAgQIECAAAEChosOECBAgAABAgQIECCQFzBc8i8SkAABAgQIECBAgAABw0UHCBAgQIAAAQIECBDICxgu+RcJSIAAAQIECBAgQICA4aIDBAgQIECAAAECBAjkBQyX/IsEJECAAAECBAgQIEDAcNEBAgQIECBAgAABAgTyAoZL/kUCEiBAgAABAgQIECBguOgAAQIECBAgQIAAAQJ5AcMl/yIBCRAgQIAAAQIECBAwXHSAAAECBAgQIECAAIG8gOGSf5GABAgQIECAAAECBAgYLjpAgAABAgQIECBAgEBewHDJv0hAAgQIECBAgAABAgQMFx0gQIAAAQIECBAgQCAvYLjkXyQgAQIECBAgQIAAAQKGiw4QIECAAAECBAgQIJAXMFzyLxKQAAECBAgQIECAAAHDRQcIECBAgAABAgQIEMgLGC75FwlIgAABAgQIECBAgIDhogMECBAgQIAAAQIECOQFDJf8iwQkQIAAAQIECBAgQMBw0QECBAgQIECAAAECBPIChkv+RQISIECAAAECBAgQIGC46AABAgQIECBAgAABAnkBwyX/IgEJECBAgAABAgQIEDBcdIAAAQIECBAgQIAAgbyA4ZJ/kYAECBAgQIAAAQIECBguOkCAAAECBAgQIECAQF7AcMm/SEACBAgQIECAAAECBAwXHSBAgAABAgQIECBAIC9guORfJCABAgQIECBAgAABAoaLDhAgQIAAAQIECBAgkBcwXPIvEpAAAQIECBAgQIAAAcNFBwgQIECAAAECBAgQyAsYLvkXCUiAAAECBAgQIECAgOGiAwQIECBAgAABAgQI5AUMl/yLBCRAgAABAgQIECBAwHDRAQIECBAgQIAAAQIE8gKGS/5FAhIgQIAAAQIECBAgYLjoAAECBAgQIECAAAECeQHDJf8iAQkQIECAAAECBAgQMFx0gAABAgQIECBAgACBvIDhkn+RgAQIECBAgAABAgQIGC46QIAAAQIECBAgQIBAXsBwyb9IQAIECBAgQIAAAQIEDBcdIECAAAECBAgQIEAgL2C45F8kIAECBAgQIECAAAEChosOECBAgAABAgQIECCQFzBc8i8SkAABAgQIECBAgAABw0UHCBAgQIAAAQIECBDICxgu+RcJSIAAAQIECBAgQICA4aIDBAgQIECAAAECBAjkBQyX/IsEJECAAAECBAgQIEDAcNEBAgQIECBAgAABAgTyAoZL/kUCEiBAgAABAgQIECBguOgAAQIECBAgQIAAAQJ5AcMl/yIBCRAgQIAAAQIECBAwXHSAAAECBAgQIECAAIG8gOGSf5GABAgQIECAAAECBAgYLjpAgAABAgQIECBAgEBewHDJv0hAAgQIECBAgAABAgQMFx0gQIAAAQIECBAgQCAvYLjkXyQgAQIECBAgQIAAAQKGiw4QIECAAAECBAgQIJAXMFzyLxKQAAECBAgQIECAAAHDRQcIECBAgAABAgQIEMgLGC75FwlIgAABAgQIECBAgIDhogMECBAgQIAAAQIECOQFDJf8iwQkQIAAAQIECBAgQMBw0QECBAgQIECAAAECBPIChkv+RQISIECAAAECBAgQIGC46AABAgQIECBAgAABAnkBwyX/IgEJECBAgAABAgQIEDBcdIAAAQIECBAgQIAAgbyA4ZJ/kYAECBAgQIAAAQIECBguOkCAAAECBAgQIECAQF7AcMm/SEACBAgQIECAAAECBAwXHSBAgAABAgQIECBAIC9guORfJCABAgQIECBAgAABAoaLDhAgQIAAAQIECBAgkBcwXPIvEpAAAQIECBAgQIAAAcNFBwgQIECAAAECBAgQyAsYLvkXCUiAAAECBAgQIECAgOGiAwQIECBAgAABAgQI5AUMl/yLBCRAgAABAgQIECBAwHDRAQIECBAgQIAAAQIE8gKGS/5FAhIgQIAAAQIECBAgYLjoAAECBAgQIECAAAECeQHDJf8iAQkQIECAAAECBAgQMFx0gAABAgQIECBAgACBvIDhkn+RgAQIECBAgAABAgQIGC46QIAAAQIECBAgQIBAXsBwyb9IQAIECBAgQIAAAQIEDBcdIECAAAECBAgQIEAgL2C45F8kIAECBAgQIECAAAEChosOECBAgAABAgQIECCQFzBc8i8SkAABAgQIECBAgAABw0UHCBAgQIAAAQIECBDICxgu+RcJSIAAAQIECBAgQICA4aIDBAgQIECAAAECBAjkBQyX/IsEJECAAAECBAgQIEDAcNEBAgQIECBAgAABAgTyAoZL/kUCEiBAgAABAgQIECBguOgAAQIECBAgQIAAAQJ5AcMl/yIBCRAgQIAAAQIECBAwXHSAAAECBAgQIECAAIG8gOGSf5GABAgQIECAAAECBAgYLjpAgAABAgQIECBAgEBewHDJv0hAAgQIECBAgAABAgQMFx0gQIAAAQIECBAgQCAvYLjkXyQgAQIECBAgQIAAAQKGiw4QIECAAAECBAgQIJAXMFzyLxKQAAECBAgQIECAAAHDRQcIECBAgAABAgQIEMgLGC75FwlIgAABAgQIECBAgIDhogMECBAgQIAAAQIECOQFDJf8iwQkQIAAAQIECBAgQMBw0QECBAgQIECAAAECBPIChkv+RQISIECAAAECBAgQIGC46AABAgQIECBAgAABAnkBwyX/IgEJECBAgAABAgQIEDBcdIAAAQIECBAgQIAAgbyA4ZJ/kYAECBAgQIAAAQIECBguOkCAAAECBAgQIECAQF7AcMm/SEACBAgQIECAAAECBAwXHSBAgAABAgQIECBAIC9guORfJCABAgQIECBAgAABAoaLDhAgQIAAAQIECBAgkBcwXPIvEpAAAQIECBAgQIAAAcNFBwgQIECAAAECBAgQyAsYLvkXCUiAAAECBAgQIECAgOGiAwQIECBAgAABAgQI5AUMl/yLBCRAgAABAgQIECBAwHDRAQIECBAgQIAAAQIE8gKGS/5FAhIgQIAAAQIECBAgYLjoAAECBAgQIECAAAECeQHDJf8iAQkQIECAAAECBAgQMFx0gAABAgQIECBAgACBvIDhkn+RgAQIECBAgAABAgQIGC46QIAAAQIECBAgQIBAXsBwyb9IQAIECBAgQIAAAQIEDBcdIECAAAECBAgQIEAgL2C45F8kIAECBAgQIECAAAEChosOECBAgAABAgQIECCQFzBc8i8SkAABAgQIECBAgAABw0UHCBAgQIAAAQIECBDICxgu+RcJSIAAAQIECBAgQICA4aIDBAgQIECAAAECBAjkBQyX/IsEJECAAAECBAgQIEDAcNEBAgQIECBAgAABAgTyAoZL/kUCEiBAgAABAgQIECBguOgAAQIECBAgQIAAAQJ5AcMl/yIBCRAgQIAAAQIECBAwXHSAAAECBAgQIECAAIG8gOGSf5GABAgQIECAAAECBAgYLjpAgAABAgQIECBAgEBewHDJv0hAAgQIECBAgAABAgQMFx0gQIAAAQIECBAgQCAvYLjkXyQgAQIECBAgQIAAAQKGiw4QIECAAAECBAgQIJAXMFzyLxKQAAECBAgQIECAAAHDRQcIECBAgAABAgQIEMgLGC75FwlIgAABAgQIECBAgIDhogMECBAgQIAAAQIECOQFDJf8iwQkQIAAAQIECBAgQMBw0QECBAgQIECAAAECBPIChkv+RQISIECAAAECBAgQIGC46AABAgQIECBAgAABAnkBwyX/IgEJECBAgAABAgQIEDBcdIAAAQIECBAgQIAAgbyA4ZJ/kYAECBAgQIAAAQIECBguOkCAAAECBAgQIECAQF7AcMm/SEACBAgQIECAAAECBAwXHSBAgAABAgQIECBAIC9guORfJCABAgQIECBAgAABAoaLDhAgQIAAAQIECBAgkBcwXPIvEpAAAQIECBAgQIAAAcNFBwgQIECAAAECBAgQyAsYLvkXCUiAAAECBAgQIECAgOGiAwQIECBAgAABAgQI5AUMl/yLBCRAgAABAgQIECBAwHDRAQIECBAgQIAAAQIE8gKGS/5FAhIgQIAAAQIECBAgYLjoAAECBAgQIECAAAECeQHDJf8iAQkQIECAAAECBAgQMFx0gAABAgQIECBAgACBvIDhkn+RgAQIECBAgAABAgQIGC46QIAAAQIECBAgQIBAXsBwyb9IQAIECBAgQIAAAQIEDBcdIECAAAECBAgQIEAgL2C45F8kIAECBAgQIECAAAEChosOECBAgAABAgQIECCQFzBc8i8SkAABAgQIECBAgAABw0UHCBAgQIAAAQIECBDICxgu+RcJSIAAAQIECBAgQICA4aIDBAgQIECAAAECBAjkBQyX/IsEJECAAAECBAgQIEDAcNEBAgQIECBAgAABAgTyAoZL/kUCEiBAgAABAgQIECBguOgAAQIECBAgQIAAAQJ5AcMl/yIBCRAgQIAAAQIECBAwXHSAAAECBAgQIECAAIG8gOGSf5GABAgQIECAAAECBAgYLjpAgAABAgQIECBAgEBewHDJv0hAAgQIECBAgAABAgQMFx0gQIAAAQIECBAgQCAvYLjkXyQgAQIECBAgQIAAAQKGiw4QIECAAAECBAgQIJAXMFzyLxKQAAECBAgQIECAAAHDRQcIECBAgAABAgQIEMgLGC75FwlIgAABAgQIECBAgIDhogMECBAgQIAAAQIECOQFDJf8iwQkQIAAAQIECBAgQMBw0QECBAgQIECAAAECBPIChkv+RQISIECAAAECBAgQIGC46AABAgQIECBAgAABAnkBwyX/IgEJECBAgAABAgQIEDBcdIAAAQIECBAgQIAAgbyA4ZJ/kYAECBAgQIAAAQIECBguOkCAAAECBAgQIECAQF7AcMm/SEACBAgQIECAAAECBAwXHSBAgAABAgQIECBAIC9guORfJCABAgQIECBAgAABAoaLDhAgQIAAAQIECBAgkBcwXPIvEpAAAQIECBAgQIAAAcNFBwgQIECAAAECBAgQyAsYLvkXCUiAAAECBAgQIECAgOGiAwQIECBAgAABAgQI5AUMl/yLBCRAgAABAgQIECBAwHDRAQIECBAgQIAAAQIE8gKGS/5FAhIgQIAAAQIECBAgYLjoAAECBAgQIECAAAECeQHDJf8iAQkQIECAAAECBAgQMFx0gAABAgQIECBAgACBvIDhkn+RgAQIECBAgAABAgQIGC46QIAAAQIECBAgQIBAXsBwyb9IQAIECBAgQIAAAQIEDBcdIECAAAECBAgQIEAgL2C45F8kIAECBAgQIECAAAEChosOECBAgAABAgQIECCQFzBc8i8SkAABAgQIECBAgAABw0UHCBAgQIAAAQIECBDICxgu+RcJSIAAAQIECBAgQICA4aIDBAgQIECAAAECBAjkBQyX/IsEJECAAAECBAgQIEDAcNEBAgQIECBAgAABAgTyAoZL/kUCEiBAgAABAgQIECBguOgAAQIECBAgQIAAAQJ5AcMl/yIBCRAgQIAAAQIECBAwXHSAAAECBAgQIECAAIG8gOGSf5GABAgQIECAAAECBAgYLjpAgAABAgQIECBAgEBewHDJv0hAAgQIECBAgAABAgQMFx0gQIAAAQIECBAgQCAvYLjkXyQgAQIECBAgQIAAAQKGiw4QIECAAAECBAgQIJAXMFzyLxKQAAECBAgQIECAAAHDRQcIECBAgAABAgQIEMgLGC75FwlIgAABAgQIECBAgIDhogMECBAgQIAAAQIECOQFDJf8iwQkQIAAAQIECBAgQMBw0QECBAgQIECAAAECBPIChkv+RQISIECAAAECBAgQIGC46AABAgQIECBAgAABAnkBwyX/IgEJECBAgAABAgQIEDBcdIAAAQIECBAgQIAAgbyA4ZJ/kYAECBAgQIAAAQIECBguOkCAAAECBAgQIECAQF7AcMm/SEACBAgQIECAAAECBAwXHSBAgAABAgQIECBAIC9guORfJCABAgQIECBAgAABAoaLDhAgQIAAAQIECBAgkBcwXPIvEpAAAQIECBAgQIAAAcNFBwgQIECAAAECBAgQyAsYLvkXCUiAAAECBAgQIECAgOGiAwQIECBAgAABAgQI5AUMl/yLBCRAgAABAgQIECBAwHDRAQIECBAgQIAAAQIE8gKGS/5FAhIgQIAAAQIECBAgYLjoAAECBAgQIECAAAECeQHDJf8iAQkQIECAAAECBAgQMFx0gAABAgQIECBAgACBvIDhkn+RgAQIECBAgAABAgQIGC46QIAAAQIECBAgQIBAXsBwyb9IQAIECBAgQIAAAQIEDBcdIECAAAECBAgQIEAgL2C45F8kIAECBAgQIECAAAEChosOECBAgAABAgQIECCQFzBc8i8SkAABAgQIECBAgAABw0UHCBAgQIAAAQIECBDICxgu+RcJSIAAAQIECBAgQICA4aIDBAgQIECAAAECBAjkBQyX/IsEJECAAAECBAgQIEDAcNEBAgQIECBAgAABAgTyAoZL/kUCEiBAgAABAgQIECBguOgAAQIECBAgQIAAAQJ5AcMl/yIBCRAgQIAAAQIECBAwXHSAAAECBAgQIECAAIG8gOGSf5GABAgQIECAAAECBAgYLjpAgAABAgQIECBAgEBewHDJv0hAAgQIECBAgAABAgQMFx0gQIAAAQIECBAgQCAvYLjkXyQgAQIECBAgQIAAAQKGiw4QIECAAAECBAgQIJAXMFzyLxKQAAECBAgQIECAAAHDRQcIECBAgAABAgQIEMgLGC75FwlIgAABAgQIECBAgIDhogMECBAgQIAAAQIECOQFDJf8iwQkQIAAAQIECBAgQMBw0QECBAgQIECAAAECBPIChkv+RQISIECAAAECBAgQIGC46AABAgQIECBAgAABAnkBwyX/IgEJECBAgAABAgQIEDBcdIAAAQIECBAgQIAAgbyA4ZJ/kYAECBAgQIAAAQIECBguOkCAAAECBAgQIECAQF7AcMm/SEACBAgQIECAAAECBAwXHSBAgAABAgQIECBAIC9guORfJCABAgQIECBAgAABAoaLDhAgQIAAAQIECBAgkBcwXPIvEpAAAQIECBAgQIAAAcNFBwgQIECAAAECBAgQyAsYLvkXCUiAAAECBAgQIECAgOGiAwQIECBAgAABAgQI5AUMl/yLBCRAgAABAgQIECBAwHDRAQIECBAgQIAAAQIE8gKGS/5FAhIgQIAAAQIECBAgYLjoAAECBAgQIECAAAECeQHDJf8iAQkQIECAAAECBAgQMFx0gAABAgQIECBAgACBvIDhkn+RgAQIECBAgAABAgQIGC46QIAAAQIECBAgQIBAXsBwyb9IQAIECBAgQIAAAQIEDBcdIECAAAECBAgQIEAgL2C45F8kIAECBAgQIECAAAEChosOECBAgAABAgQIECCQFzBc8i8SkAABAgQIECBAgAABw0UHCBAgQIAAAQIECBDICxgu+RcJSIAAAQIECBAgQICA4aIDBAgQIECAAAECBAjkBQyX/IsEJECAAAECBAgQIEDAcNEBAgQIECBAgAABAgTyAoZL/kUCEiBAgAABAgQIECBguOgAAQIECBAgQIAAAQJ5AcMl/yIBCRAgQIAAAQIECBAwXHSAAAECBAgQIECAAIG8gOGSf5GABAgQIECAAAECBAgYLjpAgAABAgQIECBAgEBewHDJv0hAAgQIECBAgAABAgQMFx0gQIAAAQIECBAgQCAvYLjkXyQgAQIECBAgQIAAAQKGiw4QIECAAAECBAgQIJAXMFzyLxKQAAECBAgQIECAAAHDRQcIECBAgAABAgQIEMgLGC75FwlIgAABAgQIECBAgIDhogMECBAgQIAAAQIECOQFDJf8iwQkQIAAAQIECBAgQMBw0QECBAgQIECAAAECBPIChkv+RQISIECAAAECBAgQIGC46AABAgQIECBAgAABAnkBwyX/IgEJECBAgAABAgQIEDBcdIAAAQIECBAgQIAAgbyA4ZJ/kYAECBAgQIAAAQIECBguOkCAAAECBAgQIECAQF7AcMm/SEACBAgQIECAAAECBAwXHSBAgAABAgQIECBAIC9guORfJCABAgQIECBAgAABAoaLDhAgQIAAAQIECBAgkBcwXPIvEpAAAQIECBAgQIAAAcNFBwgQIECAAAECBAgQyAsYLvkXCUiAAAECBAgQIECAgOGiAwQIECBAgAABAgQI5AUMl/yLBCRAgAABAgQIECBAwHDRAQIECBAgQIAAAQIE8gKGS/5FAhIgQIAAAQIECBAgYLjoAAECBAgQIECAAAECeQHDJf8iAQkQIECAAAECBAgQMFx0gAABAgQIECBAgACBvIDhkn+RgAQIECBAgAABAgQIGC46QIAAAQIECBAgQIBAXsBwyb9IQAIECBAgQIAAAQIEDBcdIECAAAECBAgQIEAgL2C45F8kIAECBAgQIECAAAEChosOECBAgAABAgQIECCQFzBc8i8SkAABAgQIECBAgAABw0UHCBAgQIAAAQIECBDICxgu+RcJSIAAAQIECBAgQICA4aIDBAgQIECAAAECBAjkBQyX/IsEJECAAAECBAgQIEDAcNEBAgQIECBAgAABAgTyAoZL/kUCEiBAgAABAgQIECBguOgAAQIECBAgQIAAAQJ5AcMl/yIBCRAgQIAAAQIECBAwXHSAAAECBAgQIECAAIG8gOGSf5GABAgQIECAAAECBAgYLjpAgAABAgQIECBAgEBewHDJv0hAAgQIECBAgAABAgQMFx0gQIAAAQIECBAgQCAvYLjkXyQgAQIECBAgQIAAAQKGiw4QIECAAAECBAgQIJAXMFzyLxKQAAECBAgQIECAAAHDRQcIECBAgAABAgQIEMgLGC75FwlIgAABAgQIECBAgIDhogMECBAgQIAAAQIECOQFDJf8iwQkQIAAAQIECBAgQMBw0QECBAgQIECAAAECBPIChkv+RQISIECAAAECBAgQIGC46AABAgQIECBAgAABAnkBwyX/IgEJECBAgAABAgQIEDBcdIAAAQIECBAgQIAAgbyA4ZJ/kYAECBAgQIAAAQIECBguOkCAAAECBAgQIECAQF7AcMm/SEACBAgQIECAAAECBAwXHSBAgAABAgQIECBAIC9guORfJCABAgQIECBAgAABAoaLDhAgQIAAAQIECBAgkBcwXPIvEpAAAQIECBAgQIAAAcNFBwgQIECAAAECBAgQyAsYLvkXCUiAAAECBAgQIECAgOGiAwQIECBAgAABAgQI5AUMl/yLBCRAgAABAgQIECBAwHDRAQIECBAgQIAAAQIE8gKGS/5FAhIgQIAAAQIECBAgYLjoAAECBAgQIECAAAECeQHDJf8iAQkQIECAAAECBAgQMFx0gAABAgQIECBAgACBvIDhkn+RgAQIECBAgAABAgQIGC46QIAAAQIECBAgQIBAXsBwyb9IQAIECBAgQIAAAQIEDBcdIECAAAECBAgQIEAgL2C45F8kIAECBAgQIECAAAEChosOECBAgAABAgQIECCQFzBc8i8SkAABAgQIECBAgAABw0UHCBAgQIAAAQIECBDICxgu+RcJSIAAAQIECBAgQICA4aIDBAgQIECAAAECBAjkBQyX/IsEJECAAAECBAgQIEDAcNEBAgQIECBAgAABAgTyAoZL/kUCEiBAgAABAgQIECBguOgAAQIECBAgQIAAAQJ5AcMl/yIBCRAgQIAAAQIECBAwXHSAAAECBAgQIECAAIG8gOGSf5GABAgQIECAAAECBAgYLjpAgAABAgQIECBAgEBewHDJv0hAAgQIECBAgAABAgQMFx0gQIAAAQIECBAgQCAvYLjkXyQgAQIECBAgQIAAAQKGiw4QIECAAAECBAgQIJAXMFzyLxKQAAECBAgQIECAAAHDRQcIECBAgAABAgQIEMgLGC75FwlIgAABAgQIECBAgIDhogMECBAgQIAAAQIECOQFDJf8iwQkQIAAAQIECBAgQMBw0QECBAgQIECAAAECBPIChkv+RQISIECAAAECBAgQIGC46AABAgQIECBAgAABAnkBwyVsWIdbAAAL9ElEQVT/IgEJECBAgAABAgQIEDBcdIAAAQIECBAgQIAAgbyA4ZJ/kYAECBAgQIAAAQIECBguOkCAAAECBAgQIECAQF7AcMm/SEACBAgQIECAAAECBAwXHSBAgAABAgQIECBAIC9guORfJCABAgQIECBAgAABAoaLDhAgQIAAAQIECBAgkBcwXPIvEpAAAQIECBAgQIAAAcNFBwgQIECAAAECBAgQyAsYLvkXCUiAAAECBAgQIECAgOGiAwQIECBAgAABAgQI5AUMl/yLBCRAgAABAgQIECBAwHDRAQIECBAgQIAAAQIE8gKGS/5FAhIgQIAAAQIECBAgYLjoAAECBAgQIECAAAECeQHDJf8iAQkQIECAAAECBAgQMFx0gAABAgQIECBAgACBvIDhkn+RgAQIECBAgAABAgQIGC46QIAAAQIECBAgQIBAXsBwyb9IQAIECBAgQIAAAQIEDBcdIECAAAECBAgQIEAgL2C45F8kIAECBAgQIECAAAEChosOECBAgAABAgQIECCQFzBc8i8SkAABAgQIECBAgAABw0UHCBAgQIAAAQIECBDICxgu+RcJSIAAAQIECBAgQICA4aIDBAgQIECAAAECBAjkBQyX/IsEJECAAAECBAgQIEDAcNEBAgQIECBAgAABAgTyAoZL/kUCEiBAgAABAgQIECBguOgAAQIECBAgQIAAAQJ5AcMl/yIBCRAgQIAAAQIECBAwXHSAAAECBAgQIECAAIG8gOGSf5GABAgQIECAAAECBAgYLjpAgAABAgQIECBAgEBewHDJv0hAAgQIECBAgAABAgQMFx0gQIAAAQIECBAgQCAvYLjkXyQgAQIECBAgQIAAAQKGiw4QIECAAAECBAgQIJAXMFzyLxKQAAECBAgQIECAAAHDRQcIECBAgAABAgQIEMgLGC75FwlIgAABAgQIECBAgIDhogMECBAgQIAAAQIECOQFDJf8iwQkQIAAAQIECBAgQMBw0QECBAgQIECAAAECBPIChkv+RQISIECAAAECBAgQIGC46AABAgQIECBAgAABAnkBwyX/IgEJECBAgAABAgQIEDBcdIAAAQIECBAgQIAAgbyA4ZJ/kYAECBAgQIAAAQIECBguOkCAAAECBAgQIECAQF7AcMm/SEACBAgQIECAAAECBAwXHSBAgAABAgQIECBAIC9guORfJCABAgQIECBAgAABAoaLDhAgQIAAAQIECBAgkBcwXPIvEpAAAQIECBAgQIAAAcNFBwgQIECAAAECBAgQyAsYLvkXCUiAAAECBAgQIECAgOGiAwQIECBAgAABAgQI5AUMl/yLBCRAgAABAgQIECBAwHDRAQIECBAgQIAAAQIE8gKGS/5FAhIgQIAAAQIECBAgYLjoAAECBAgQIECAAAECeQHDJf8iAQkQIECAAAECBAgQMFx0gAABAgQIECBAgACBvIDhkn+RgAQIECBAgAABAgQIGC46QIAAAQIECBAgQIBAXsBwyb9IQAIECBAgQIAAAQIEDBcdIECAAAECBAgQIEAgL2C45F8kIAECBAgQIECAAAEChosOECBAgAABAgQIECCQFzBc8i8SkAABAgQIECBAgAABw0UHCBAgQIAAAQIECBDICxgu+RcJSIAAAQIECBAgQICA4aIDBAgQIECAAAECBAjkBQyX/IsEJECAAAECBAgQIEDAcNEBAgQIECBAgAABAgTyAoZL/kUCEiBAgAABAgQIECBguOgAAQIECBAgQIAAAQJ5AcMl/yIBCRAgQIAAAQIECBAwXHSAAAECBAgQIECAAIG8gOGSf5GABAgQIECAAAECBAgYLjpAgAABAgQIECBAgEBewHDJv0hAAgQIECBAgAABAgQMFx0gQIAAAQIECBAgQCAvYLjkXyQgAQIECBAgQIAAAQKGiw4QIECAAAECBAgQIJAXMFzyLxKQAAECBAgQIECAAAHDRQcIECBAgAABAgQIEMgLGC75FwlIgAABAgQIECBAgIDhogMECBAgQIAAAQIECOQFDJf8iwQkQIAAAQIECBAgQMBw0QECBAgQIECAAAECBPIChkv+RQISIECAAAECBAgQIGC46AABAgQIECBAgAABAnkBwyX/IgEJECBAgAABAgQIEDBcdIAAAQIECBAgQIAAgbyA4ZJ/kYAECBAgQIAAAQIECBguOkCAAAECBAgQIECAQF7AcMm/SEACBAgQIECAAAECBAwXHSBAgAABAgQIECBAIC9guORfJCABAgQIECBAgAABAoaLDhAgQIAAAQIECBAgkBcwXPIvEpAAAQIECBAgQIAAAcNFBwgQIECAAAECBAgQyAsYLvkXCUiAAAECBAgQIECAgOGiAwQIECBAgAABAgQI5AUMl/yLBCRAgAABAgQIECBAwHDRAQIECBAgQIAAAQIE8gKGS/5FAhIgQIAAAQIECBAgYLjoAAECBAgQIECAAAECeQHDJf8iAQkQIECAAAECBAgQMFx0gAABAgQIECBAgACBvIDhkn+RgAQIECBAgAABAgQIGC46QIAAAQIECBAgQIBAXsBwyb9IQAIECBAgQIAAAQIEDBcdIECAAAECBAgQIEAgL2C45F8kIAECBAgQIECAAAEChosOECBAgAABAgQIECCQFzBc8i8SkAABAgQIECBAgAABw0UHCBAgQIAAAQIECBDICxgu+RcJSIAAAQIECBAgQICA4aIDBAgQIECAAAECBAjkBQyX/IsEJECAAAECBAgQIEDAcNEBAgQIECBAgAABAgTyAoZL/kUCEiBAgAABAgQIECBguOgAAQIECBAgQIAAAQJ5AcMl/yIBCRAgQIAAAQIECBAwXHSAAAECBAgQIECAAIG8gOGSf5GABAgQIECAAAECBAgYLjpAgAABAgQIECBAgEBewHDJv0hAAgQIECBAgAABAgQMFx0gQIAAAQIECBAgQCAvYLjkXyQgAQIECBAgQIAAAQKGiw4QIECAAAECBAgQIJAXMFzyLxKQAAECBAgQIECAAAHDRQcIECBAgAABAgQIEMgLGC75FwlIgAABAgQIECBAgIDhogMECBAgQIAAAQIECOQFDJf8iwQkQIAAAQIECBAgQMBw0QECBAgQIECAAAECBPIChkv+RQISIECAAAECBAgQIGC46AABAgQIECBAgAABAnkBwyX/IgEJECBAgAABAgQIEDBcdIAAAQIECBAgQIAAgbyA4ZJ/kYAECBAgQIAAAQIECBguOkCAAAECBAgQIECAQF7AcMm/SEACBAgQIECAAAECBAwXHSBAgAABAgQIECBAIC9guORfJCABAgQIECBAgAABAoaLDhAgQIAAAQIECBAgkBcwXPIvEpAAAQIECBAgQIAAAcNFBwgQIECAAAECBAgQyAsYLvkXCUiAAAECBAgQIECAgOGiAwQIECBAgAABAgQI5AUMl/yLBCRAgAABAgQIECBAwHDRAQIECBAgQIAAAQIE8gKGS/5FAhIgQIAAAQIECBAgYLjoAAECBAgQIECAAAECeQHDJf8iAQkQIECAAAECBAgQMFx0gAABAgQIECBAgACBvIDhkn+RgAQIECBAgAABAgQIGC46QIAAAQIECBAgQIBAXsBwyb9IQAIECBAgQIAAAQIEDBcdIECAAAECBAgQIEAgL2C45F8kIAECBAgQIECAAAEChosOECBAgAABAgQIECCQFzBc8i8SkAABAgQIECBAgAABw0UHCBAgQIAAAQIECBDICxgu+RcJSIAAAQIECBAgQICA4aIDBAgQIECAAAECBAjkBQyX/IsEJECAAAECBAgQIEDAcNEBAgQIECBAgAABAgTyAoZL/kUCEiBAgAABAgQIECBguOgAAQIECBAgQIAAAQJ5AcMl/yIBCRAgQIAAAQIECBAwXHSAAAECBAgQIECAAIG8gOGSf5GABAgQIECAAAECBAgYLjpAgAABAgQIECBAgEBewHDJv0hAAgQIECBAgAABAgQMFx0gQIAAAQIECBAgQCAvYLjkXyQgAQIECBAgQIAAAQKGiw4QIECAAAECBAgQIJAXMFzyLxKQAAECBAgQIECAAAHDRQcIECBAgAABAgQIEMgLPFZIAqxw3SIWAAAAAElFTkSuQmCC','/static/json/6e4d7933-39ca-46e9-99b8-359f00f9d8e0_experiment.json'),(24,'test','physics','1','medium','',NULL,'2025-07-09 21:06:27','2025-07-09 23:11:06','draft',NULL,NULL,NULL,'published',NULL,'a','individual','','','','',NULL,'{\"gravity\": 9.8, \"friction\": 0.3, \"elasticity\": 0.8, \"simulationSpeed\": 1}','data:image/png;base64,iVBORw0KGgoAAAANSUhEUgAAAUIAAAKcCAYAAACdcbNeAAAAAXNSR0IArs4c6QAAErBJREFUeF7t1AENAAAIwzDu3zRCVhzQPNs5AgQIxAUW/9/7BAgQOCE0AgIE8gJCmJ8AAAIEhNAGCBDICwhhfgIACBAQQhsgQCAvIIT5CQAgQEAIbYAAgbyAEOYnAIAAASG0AQIE8gJCmJ8AAAIEhNAGCBDICwhhfgIACBAQQhsgQCAvIIT5CQAgQEAIbYAAgbyAEOYnAIAAASG0AQIE8gJCmJ8AAAIEhNAGCBDICwhhfgIACBAQQhsgQCAvIIT5CQAgQEAIbYAAgbyAEOYnAIAAASG0AQIE8gJCmJ8AAAIEhNAGCBDICwhhfgIACBAQQhsgQCAvIIT5CQAgQEAIbYAAgbyAEOYnAIAAASG0AQIE8gJCmJ8AAAIEhNAGCBDICwhhfgIACBAQQhsgQCAvIIT5CQAgQEAIbYAAgbyAEOYnAIAAASG0AQIE8gJCmJ8AAAIEhNAGCBDICwhhfgIACBAQQhsgQCAvIIT5CQAgQEAIbYAAgbyAEOYnAIAAASG0AQIE8gJCmJ8AAAIEhNAGCBDICwhhfgIACBAQQhsgQCAvIIT5CQAgQEAIbYAAgbyAEOYnAIAAASG0AQIE8gJCmJ8AAAIEhNAGCBDICwhhfgIACBAQQhsgQCAvIIT5CQAgQEAIbYAAgbyAEOYnAIAAASG0AQIE8gJCmJ8AAAIEhNAGCBDICwhhfgIACBAQQhsgQCAvIIT5CQAgQEAIbYAAgbyAEOYnAIAAASG0AQIE8gJCmJ8AAAIEhNAGCBDICwhhfgIACBAQQhsgQCAvIIT5CQAgQEAIbYAAgbyAEOYnAIAAASG0AQIE8gJCmJ8AAAIEhNAGCBDICwhhfgIACBAQQhsgQCAvIIT5CQAgQEAIbYAAgbyAEOYnAIAAASG0AQIE8gJCmJ8AAAIEhNAGCBDICwhhfgIACBAQQhsgQCAvIIT5CQAgQEAIbYAAgbyAEOYnAIAAASG0AQIE8gJCmJ8AAAIEhNAGCBDICwhhfgIACBAQQhsgQCAvIIT5CQAgQEAIbYAAgbyAEOYnAIAAASG0AQIE8gJCmJ8AAAIEhNAGCBDICwhhfgIACBAQQhsgQCAvIIT5CQAgQEAIbYAAgbyAEOYnAIAAASG0AQIE8gJCmJ8AAAIEhNAGCBDICwhhfgIACBAQQhsgQCAvIIT5CQAgQEAIbYAAgbyAEOYnAIAAASG0AQIE8gJCmJ8AAAIEhNAGCBDICwhhfgIACBAQQhsgQCAvIIT5CQAgQEAIbYAAgbyAEOYnAIAAASG0AQIE8gJCmJ8AAAIEhNAGCBDICwhhfgIACBAQQhsgQCAvIIT5CQAgQEAIbYAAgbyAEOYnAIAAASG0AQIE8gJCmJ8AAAIEhNAGCBDICwhhfgIACBAQQhsgQCAvIIT5CQAgQEAIbYAAgbyAEOYnAIAAASG0AQIE8gJCmJ8AAAIEhNAGCBDICwhhfgIACBAQQhsgQCAvIIT5CQAgQEAIbYAAgbyAEOYnAIAAASG0AQIE8gJCmJ8AAAIEhNAGCBDICwhhfgIACBAQQhsgQCAvIIT5CQAgQEAIbYAAgbyAEOYnAIAAASG0AQIE8gJCmJ8AAAIEhNAGCBDICwhhfgIACBAQQhsgQCAvIIT5CQAgQEAIbYAAgbyAEOYnAIAAASG0AQIE8gJCmJ8AAAIEhNAGCBDICwhhfgIACBAQQhsgQCAvIIT5CQAgQEAIbYAAgbyAEOYnAIAAASG0AQIE8gJCmJ8AAAIEhNAGCBDICwhhfgIACBAQQhsgQCAvIIT5CQAgQEAIbYAAgbyAEOYnAIAAASG0AQIE8gJCmJ8AAAIEhNAGCBDICwhhfgIACBAQQhsgQCAvIIT5CQAgQEAIbYAAgbyAEOYnAIAAASG0AQIE8gJCmJ8AAAIEhNAGCBDICwhhfgIACBAQQhsgQCAvIIT5CQAgQEAIbYAAgbyAEOYnAIAAASG0AQIE8gJCmJ8AAAIEhNAGCBDICwhhfgIACBAQQhsgQCAvIIT5CQAgQEAIbYAAgbyAEOYnAIAAASG0AQIE8gJCmJ8AAAIEhNAGCBDICwhhfgIACBAQQhsgQCAvIIT5CQAgQEAIbYAAgbyAEOYnAIAAASG0AQIE8gJCmJ8AAAIEhNAGCBDICwhhfgIACBAQQhsgQCAvIIT5CQAgQEAIbYAAgbyAEOYnAIAAASG0AQIE8gJCmJ8AAAIEhNAGCBDICwhhfgIACBAQQhsgQCAvIIT5CQAgQEAIbYAAgbyAEOYnAIAAASG0AQIE8gJCmJ8AAAIEhNAGCBDICwhhfgIACBAQQhsgQCAvIIT5CQAgQEAIbYAAgbyAEOYnAIAAASG0AQIE8gJCmJ8AAAIEhNAGCBDICwhhfgIACBAQQhsgQCAvIIT5CQAgQEAIbYAAgbyAEOYnAIAAASG0AQIE8gJCmJ8AAAIEhNAGCBDICwhhfgIACBAQQhsgQCAvIIT5CQAgQEAIbYAAgbyAEOYnAIAAASG0AQIE8gJCmJ8AAAIEhNAGCBDICwhhfgIACBAQQhsgQCAvIIT5CQAgQEAIbYAAgbyAEOYnAIAAASG0AQIE8gJCmJ8AAAIEhNAGCBDICwhhfgIACBAQQhsgQCAvIIT5CQAgQEAIbYAAgbyAEOYnAIAAASG0AQIE8gJCmJ8AAAIEhNAGCBDICwhhfgIACBAQQhsgQCAvIIT5CQAgQEAIbYAAgbyAEOYnAIAAASG0AQIE8gJCmJ8AAAIEhNAGCBDICwhhfgIACBAQQhsgQCAvIIT5CQAgQEAIbYAAgbyAEOYnAIAAASG0AQIE8gJCmJ8AAAIEhNAGCBDICwhhfgIACBAQQhsgQCAvIIT5CQAgQEAIbYAAgbyAEOYnAIAAASG0AQIE8gJCmJ8AAAIEhNAGCBDICwhhfgIACBAQQhsgQCAvIIT5CQAgQEAIbYAAgbyAEOYnAIAAASG0AQIE8gJCmJ8AAAIEhNAGCBDICwhhfgIACBAQQhsgQCAvIIT5CQAgQEAIbYAAgbyAEOYnAIAAASG0AQIE8gJCmJ8AAAIEhNAGCBDICwhhfgIACBAQQhsgQCAvIIT5CQAgQEAIbYAAgbyAEOYnAIAAASG0AQIE8gJCmJ8AAAIEhNAGCBDICwhhfgIACBAQQhsgQCAvIIT5CQAgQEAIbYAAgbyAEOYnAIAAASG0AQIE8gJCmJ8AAAIEhNAGCBDICwhhfgIACBAQQhsgQCAvIIT5CQAgQEAIbYAAgbyAEOYnAIAAASG0AQIE8gJCmJ8AAAIEhNAGCBDICwhhfgIACBAQQhsgQCAvIIT5CQAgQEAIbYAAgbyAEOYnAIAAASG0AQIE8gJCmJ8AAAIEhNAGCBDICwhhfgIACBAQQhsgQCAvIIT5CQAgQEAIbYAAgbyAEOYnAIAAASG0AQIE8gJCmJ8AAAIEhNAGCBDICwhhfgIACBAQQhsgQCAvIIT5CQAgQEAIbYAAgbyAEOYnAIAAASG0AQIE8gJCmJ8AAAIEhNAGCBDICwhhfgIACBAQQhsgQCAvIIT5CQAgQEAIbYAAgbyAEOYnAIAAASG0AQIE8gJCmJ8AAAIEhNAGCBDICwhhfgIACBAQQhsgQCAvIIT5CQAgQEAIbYAAgbyAEOYnAIAAASG0AQIE8gJCmJ8AAAIEhNAGCBDICwhhfgIACBAQQhsgQCAvIIT5CQAgQEAIbYAAgbyAEOYnAIAAASG0AQIE8gJCmJ8AAAIEhNAGCBDICwhhfgIACBAQQhsgQCAvIIT5CQAgQEAIbYAAgbyAEOYnAIAAASG0AQIE8gJCmJ8AAAIEhNAGCBDICwhhfgIACBAQQhsgQCAvIIT5CQAgQEAIbYAAgbyAEOYnAIAAASG0AQIE8gJCmJ8AAAIEhNAGCBDICwhhfgIACBAQQhsgQCAvIIT5CQAgQEAIbYAAgbyAEOYnAIAAASG0AQIE8gJCmJ8AAAIEhNAGCBDICwhhfgIACBAQQhsgQCAvIIT5CQAgQEAIbYAAgbyAEOYnAIAAASG0AQIE8gJCmJ8AAAIEhNAGCBDICwhhfgIACBAQQhsgQCAvIIT5CQAgQEAIbYAAgbyAEOYnAIAAASG0AQIE8gJCmJ8AAAIEhNAGCBDICwhhfgIACBAQQhsgQCAvIIT5CQAgQEAIbYAAgbyAEOYnAIAAASG0AQIE8gJCmJ8AAAIEhNAGCBDICwhhfgIACBAQQhsgQCAvIIT5CQAgQEAIbYAAgbyAEOYnAIAAASG0AQIE8gJCmJ8AAAIEhNAGCBDICwhhfgIACBAQQhsgQCAvIIT5CQAgQEAIbYAAgbyAEOYnAIAAASG0AQIE8gJCmJ8AAAIEhNAGCBDICwhhfgIACBAQQhsgQCAvIIT5CQAgQEAIbYAAgbyAEOYnAIAAASG0AQIE8gJCmJ8AAAIEhNAGCBDICwhhfgIACBAQQhsgQCAvIIT5CQAgQEAIbYAAgbyAEOYnAIAAASG0AQIE8gJCmJ8AAAIEhNAGCBDICwhhfgIACBAQQhsgQCAvIIT5CQAgQEAIbYAAgbyAEOYnAIAAASG0AQIE8gJCmJ8AAAIEhNAGCBDICwhhfgIACBAQQhsgQCAvIIT5CQAgQEAIbYAAgbyAEOYnAIAAASG0AQIE8gJCmJ8AAAIEhNAGCBDICwhhfgIACBAQQhsgQCAvIIT5CQAgQEAIbYAAgbyAEOYnAIAAASG0AQIE8gJCmJ8AAAIEhNAGCBDICwhhfgIACBAQQhsgQCAvIIT5CQAgQEAIbYAAgbyAEOYnAIAAASG0AQIE8gJCmJ8AAAIEhNAGCBDICwhhfgIACBAQQhsgQCAvIIT5CQAgQEAIbYAAgbyAEOYnAIAAASG0AQIE8gJCmJ8AAAIEhNAGCBDICwhhfgIACBAQQhsgQCAvIIT5CQAgQEAIbYAAgbyAEOYnAIAAASG0AQIE8gJCmJ8AAAIEhNAGCBDICwhhfgIACBAQQhsgQCAvIIT5CQAgQEAIbYAAgbyAEOYnAIAAASG0AQIE8gJCmJ8AAAIEhNAGCBDICwhhfgIACBAQQhsgQCAvIIT5CQAgQEAIbYAAgbyAEOYnAIAAASG0AQIE8gJCmJ8AAAIEhNAGCBDICwhhfgIACBAQQhsgQCAvIIT5CQAgQEAIbYAAgbyAEOYnAIAAASG0AQIE8gJCmJ8AAAIEhNAGCBDICwhhfgIACBAQQhsgQCAvIIT5CQAgQEAIbYAAgbyAEOYnAIAAASG0AQIE8gJCmJ8AAAIEhNAGCBDICwhhfgIACBAQQhsgQCAvIIT5CQAgQEAIbYAAgbyAEOYnAIAAASG0AQIE8gJCmJ8AAAIEhNAGCBDICwhhfgIACBAQQhsgQCAvIIT5CQAgQEAIbYAAgbyAEOYnAIAAASG0AQIE8gJCmJ8AAAIEhNAGCBDICwhhfgIACBAQQhsgQCAvIIT5CQAgQEAIbYAAgbyAEOYnAIAAASG0AQIE8gJCmJ8AAAIEhNAGCBDICwhhfgIACBAQQhsgQCAvIIT5CQAgQEAIbYAAgbyAEOYnAIAAASG0AQIE8gJCmJ8AAAIEhNAGCBDICwhhfgIACBAQQhsgQCAvIIT5CQAgQEAIbYAAgbyAEOYnAIAAASG0AQIE8gJCmJ8AAAIEhNAGCBDICwhhfgIACBAQQhsgQCAvIIT5CQAgQEAIbYAAgbyAEOYnAIAAASG0AQIE8gJCmJ8AAAIEhNAGCBDICwhhfgIACBAQQhsgQCAvIIT5CQAgQEAIbYAAgbyAEOYnAIAAASG0AQIE8gJCmJ8AAAIEhNAGCBDICwhhfgIACBAQQhsgQCAvIIT5CQAgQEAIbYAAgbyAEOYnAIAAASG0AQIE8gJCmJ8AAAIEhNAGCBDICwhhfgIACBAQQhsgQCAvIIT5CQAgQEAIbYAAgbyAEOYnAIAAASG0AQIE8gJCmJ8AAAIEhNAGCBDICwhhfgIACBAQQhsgQCAvIIT5CQAgQEAIbYAAgbyAEOYnAIAAASG0AQIE8gJCmJ8AAAIEhNAGCBDICwhhfgIACBAQQhsgQCAvIIT5CQAgQEAIbYAAgbyAEOYnAIAAASG0AQIE8gJCmJ8AAAIEhNAGCBDICwhhfgIACBAQQhsgQCAvIIT5CQAgQEAIbYAAgbyAEOYnAIAAASG0AQIE8gJCmJ8AAAIEhNAGCBDICwhhfgIACBAQQhsgQCAvIIT5CQAgQEAIbYAAgbyAEOYnAIAAASG0AQIE8gJCmJ8AAAIEhNAGCBDICwhhfgIACBAQQhsgQCAvIIT5CQAgQEAIbYAAgbyAEOYnAIAAASG0AQIE8gJCmJ8AAAIEhNAGCBDICwhhfgIACBAQQhsgQCAvIIT5CQAgQEAIbYAAgbyAEOYnAIAAASG0AQIE8gJCmJ8AAAIEHgNZAp3GaGynAAAAAElFTkSuQmCC','/static/json/07d3cb58-3e47-4652-8239-575e65b066c6_test.json'),(25,'11','physics','1','easy','',NULL,'2025-07-09 21:34:54','2025-07-09 23:11:06','draft',NULL,NULL,NULL,'unpublished',NULL,'a','individual','','','','',NULL,'{\"gravity\": 9.8, \"friction\": 0.3, \"elasticity\": 0.8, \"simulationSpeed\": 1}','data:image/png;base64,iVBORw0KGgoAAAANSUhEUgAAAy4AAAKrCAYAAAAXudl0AAAAAXNSR0IArs4c6QAAIABJREFUeF7t1zERAAAMArHi33Rt/JAq4FIWdo4AAQIECBAgQIAAAQJxgcXziUeAAAECBAgQIECAAIEzXJSAAAECBAgQIECAAIG8gOGSf5GABAgQIECAAAECBAgYLjpAgAABAgQIECBAgEBewHDJv0hAAgQIECBAgAABAgQMFx0gQIAAAQIECBAgQCAvYLjkXyQgAQIECBAgQIAAAQKGiw4QIECAAAECBAgQIJAXMFzyLxKQAAECBAgQIECAAAHDRQcIECBAgAABAgQIEMgLGC75FwlIgAABAgQIECBAgIDhogMECBAgQIAAAQIECOQFDJf8iwQkQIAAAQIECBAgQMBw0QECBAgQIECAAAECBPIChkv+RQISIECAAAECBAgQIGC46AABAgQIECBAgAABAnkBwyX/IgEJECBAgAABAgQIEDBcdIAAAQIECBAgQIAAgbyA4ZJ/kYAECBAgQIAAAQIECBguOkCAAAECBAgQIECAQF7AcMm/SEACBAgQIECAAAECBAwXHSBAgAABAgQIECBAIC9guORfJCABAgQIECBAgAABAoaLDhAgQIAAAQIECBAgkBcwXPIvEpAAAQIECBAgQIAAAcNFBwgQIECAAAECBAgQyAsYLvkXCUiAAAECBAgQIECAgOGiAwQIECBAgAABAgQI5AUMl/yLBCRAgAABAgQIECBAwHDRAQIECBAgQIAAAQIE8gKGS/5FAhIgQIAAAQIECBAgYLjoAAECBAgQIECAAAECeQHDJf8iAQkQIECAAAECBAgQMFx0gAABAgQIECBAgACBvIDhkn+RgAQIECBAgAABAgQIGC46QIAAAQIECBAgQIBAXsBwyb9IQAIECBAgQIAAAQIEDBcdIECAAAECBAgQIEAgL2C45F8kIAECBAgQIECAAAEChosOECBAgAABAgQIECCQFzBc8i8SkAABAgQIECBAgAABw0UHCBAgQIAAAQIECBDICxgu+RcJSIAAAQIECBAgQICA4aIDBAgQIECAAAECBAjkBQyX/IsEJECAAAECBAgQIEDAcNEBAgQIECBAgAABAgTyAoZL/kUCEiBAgAABAgQIECBguOgAAQIECBAgQIAAAQJ5AcMl/yIBCRAgQIAAAQIECBAwXHSAAAECBAgQIECAAIG8gOGSf5GABAgQIECAAAECBAgYLjpAgAABAgQIECBAgEBewHDJv0hAAgQIECBAgAABAgQMFx0gQIAAAQIECBAgQCAvYLjkXyQgAQIECBAgQIAAAQKGiw4QIECAAAECBAgQIJAXMFzyLxKQAAECBAgQIECAAAHDRQcIECBAgAABAgQIEMgLGC75FwlIgAABAgQIECBAgIDhogMECBAgQIAAAQIECOQFDJf8iwQkQIAAAQIECBAgQMBw0QECBAgQIECAAAECBPIChkv+RQISIECAAAECBAgQIGC46AABAgQIECBAgAABAnkBwyX/IgEJECBAgAABAgQIEDBcdIAAAQIECBAgQIAAgbyA4ZJ/kYAECBAgQIAAAQIECBguOkCAAAECBAgQIECAQF7AcMm/SEACBAgQIECAAAECBAwXHSBAgAABAgQIECBAIC9guORfJCABAgQIECBAgAABAoaLDhAgQIAAAQIECBAgkBcwXPIvEpAAAQIECBAgQIAAAcNFBwgQIECAAAECBAgQyAsYLvkXCUiAAAECBAgQIECAgOGiAwQIECBAgAABAgQI5AUMl/yLBCRAgAABAgQIECBAwHDRAQIECBAgQIAAAQIE8gKGS/5FAhIgQIAAAQIECBAgYLjoAAECBAgQIECAAAECeQHDJf8iAQkQIECAAAECBAgQMFx0gAABAgQIECBAgACBvIDhkn+RgAQIECBAgAABAgQIGC46QIAAAQIECBAgQIBAXsBwyb9IQAIECBAgQIAAAQIEDBcdIECAAAECBAgQIEAgL2C45F8kIAECBAgQIECAAAEChosOECBAgAABAgQIECCQFzBc8i8SkAABAgQIECBAgAABw0UHCBAgQIAAAQIECBDICxgu+RcJSIAAAQIECBAgQICA4aIDBAgQIECAAAECBAjkBQyX/IsEJECAAAECBAgQIEDAcNEBAgQIECBAgAABAgTyAoZL/kUCEiBAgAABAgQIECBguOgAAQIECBAgQIAAAQJ5AcMl/yIBCRAgQIAAAQIECBAwXHSAAAECBAgQIECAAIG8gOGSf5GABAgQIECAAAECBAgYLjpAgAABAgQIECBAgEBewHDJv0hAAgQIECBAgAABAgQMFx0gQIAAAQIECBAgQCAvYLjkXyQgAQIECBAgQIAAAQKGiw4QIECAAAECBAgQIJAXMFzyLxKQAAECBAgQIECAAAHDRQcIECBAgAABAgQIEMgLGC75FwlIgAABAgQIECBAgIDhogMECBAgQIAAAQIECOQFDJf8iwQkQIAAAQIECBAgQMBw0QECBAgQIECAAAECBPIChkv+RQISIECAAAECBAgQIGC46AABAgQIECBAgAABAnkBwyX/IgEJECBAgAABAgQIEDBcdIAAAQIECBAgQIAAgbyA4ZJ/kYAECBAgQIAAAQIECBguOkCAAAECBAgQIECAQF7AcMm/SEACBAgQIECAAAECBAwXHSBAgAABAgQIECBAIC9guORfJCABAgQIECBAgAABAoaLDhAgQIAAAQIECBAgkBcwXPIvEpAAAQIECBAgQIAAAcNFBwgQIECAAAECBAgQyAsYLvkXCUiAAAECBAgQIECAgOGiAwQIECBAgAABAgQI5AUMl/yLBCRAgAABAgQIECBAwHDRAQIECBAgQIAAAQIE8gKGS/5FAhIgQIAAAQIECBAgYLjoAAECBAgQIECAAAECeQHDJf8iAQkQIECAAAECBAgQMFx0gAABAgQIECBAgACBvIDhkn+RgAQIECBAgAABAgQIGC46QIAAAQIECBAgQIBAXsBwyb9IQAIECBAgQIAAAQIEDBcdIECAAAECBAgQIEAgL2C45F8kIAECBAgQIECAAAEChosOECBAgAABAgQIECCQFzBc8i8SkAABAgQIECBAgAABw0UHCBAgQIAAAQIECBDICxgu+RcJSIAAAQIECBAgQICA4aIDBAgQIECAAAECBAjkBQyX/IsEJECAAAECBAgQIEDAcNEBAgQIECBAgAABAgTyAoZL/kUCEiBAgAABAgQIECBguOgAAQIECBAgQIAAAQJ5AcMl/yIBCRAgQIAAAQIECBAwXHSAAAECBAgQIECAAIG8gOGSf5GABAgQIECAAAECBAgYLjpAgAABAgQIECBAgEBewHDJv0hAAgQIECBAgAABAgQMFx0gQIAAAQIECBAgQCAvYLjkXyQgAQIECBAgQIAAAQKGiw4QIECAAAECBAgQIJAXMFzyLxKQAAECBAgQIECAAAHDRQcIECBAgAABAgQIEMgLGC75FwlIgAABAgQIECBAgIDhogMECBAgQIAAAQIECOQFDJf8iwQkQIAAAQIECBAgQMBw0QECBAgQIECAAAECBPIChkv+RQISIECAAAECBAgQIGC46AABAgQIECBAgAABAnkBwyX/IgEJECBAgAABAgQIEDBcdIAAAQIECBAgQIAAgbyA4ZJ/kYAECBAgQIAAAQIECBguOkCAAAECBAgQIECAQF7AcMm/SEACBAgQIECAAAECBAwXHSBAgAABAgQIECBAIC9guORfJCABAgQIECBAgAABAoaLDhAgQIAAAQIECBAgkBcwXPIvEpAAAQIECBAgQIAAAcNFBwgQIECAAAECBAgQyAsYLvkXCUiAAAECBAgQIECAgOGiAwQIECBAgAABAgQI5AUMl/yLBCRAgAABAgQIECBAwHDRAQIECBAgQIAAAQIE8gKGS/5FAhIgQIAAAQIECBAgYLjoAAECBAgQIECAAAECeQHDJf8iAQkQIECAAAECBAgQMFx0gAABAgQIECBAgACBvIDhkn+RgAQIECBAgAABAgQIGC46QIAAAQIECBAgQIBAXsBwyb9IQAIECBAgQIAAAQIEDBcdIECAAAECBAgQIEAgL2C45F8kIAECBAgQIECAAAEChosOECBAgAABAgQIECCQFzBc8i8SkAABAgQIECBAgAABw0UHCBAgQIAAAQIECBDICxgu+RcJSIAAAQIECBAgQICA4aIDBAgQIECAAAECBAjkBQyX/IsEJECAAAECBAgQIEDAcNEBAgQIECBAgAABAgTyAoZL/kUCEiBAgAABAgQIECBguOgAAQIECBAgQIAAAQJ5AcMl/yIBCRAgQIAAAQIECBAwXHSAAAECBAgQIECAAIG8gOGSf5GABAgQIECAAAECBAgYLjpAgAABAgQIECBAgEBewHDJv0hAAgQIECBAgAABAgQMFx0gQIAAAQIECBAgQCAvYLjkXyQgAQIECBAgQIAAAQKGiw4QIECAAAECBAgQIJAXMFzyLxKQAAECBAgQIECAAAHDRQcIECBAgAABAgQIEMgLGC75FwlIgAABAgQIECBAgIDhogMECBAgQIAAAQIECOQFDJf8iwQkQIAAAQIECBAgQMBw0QECBAgQIECAAAECBPIChkv+RQISIECAAAECBAgQIGC46AABAgQIECBAgAABAnkBwyX/IgEJECBAgAABAgQIEDBcdIAAAQIECBAgQIAAgbyA4ZJ/kYAECBAgQIAAAQIECBguOkCAAAECBAgQIECAQF7AcMm/SEACBAgQIECAAAECBAwXHSBAgAABAgQIECBAIC9guORfJCABAgQIECBAgAABAoaLDhAgQIAAAQIECBAgkBcwXPIvEpAAAQIECBAgQIAAAcNFBwgQIECAAAECBAgQyAsYLvkXCUiAAAECBAgQIECAgOGiAwQIECBAgAABAgQI5AUMl/yLBCRAgAABAgQIECBAwHDRAQIECBAgQIAAAQIE8gKGS/5FAhIgQIAAAQIECBAgYLjoAAECBAgQIECAAAECeQHDJf8iAQkQIECAAAECBAgQMFx0gAABAgQIECBAgACBvIDhkn+RgAQIECBAgAABAgQIGC46QIAAAQIECBAgQIBAXsBwyb9IQAIECBAgQIAAAQIEDBcdIECAAAECBAgQIEAgL2C45F8kIAECBAgQIECAAAEChosOECBAgAABAgQIECCQFzBc8i8SkAABAgQIECBAgAABw0UHCBAgQIAAAQIECBDICxgu+RcJSIAAAQIECBAgQICA4aIDBAgQIECAAAECBAjkBQyX/IsEJECAAAECBAgQIEDAcNEBAgQIECBAgAABAgTyAoZL/kUCEiBAgAABAgQIECBguOgAAQIECBAgQIAAAQJ5AcMl/yIBCRAgQIAAAQIECBAwXHSAAAECBAgQIECAAIG8gOGSf5GABAgQIECAAAECBAgYLjpAgAABAgQIECBAgEBewHDJv0hAAgQIECBAgAABAgQMFx0gQIAAAQIECBAgQCAvYLjkXyQgAQIECBAgQIAAAQKGiw4QIECAAAECBAgQIJAXMFzyLxKQAAECBAgQIECAAAHDRQcIECBAgAABAgQIEMgLGC75FwlIgAABAgQIECBAgIDhogMECBAgQIAAAQIECOQFDJf8iwQkQIAAAQIECBAgQMBw0QECBAgQIECAAAECBPIChkv+RQISIECAAAECBAgQIGC46AABAgQIECBAgAABAnkBwyX/IgEJECBAgAABAgQIEDBcdIAAAQIECBAgQIAAgbyA4ZJ/kYAECBAgQIAAAQIECBguOkCAAAECBAgQIECAQF7AcMm/SEACBAgQIECAAAECBAwXHSBAgAABAgQIECBAIC9guORfJCABAgQIECBAgAABAoaLDhAgQIAAAQIECBAgkBcwXPIvEpAAAQIECBAgQIAAAcNFBwgQIECAAAECBAgQyAsYLvkXCUiAAAECBAgQIECAgOGiAwQIECBAgAABAgQI5AUMl/yLBCRAgAABAgQIECBAwHDRAQIECBAgQIAAAQIE8gKGS/5FAhIgQIAAAQIECBAgYLjoAAECBAgQIECAAAECeQHDJf8iAQkQIECAAAECBAgQMFx0gAABAgQIECBAgACBvIDhkn+RgAQIECBAgAABAgQIGC46QIAAAQIECBAgQIBAXsBwyb9IQAIECBAgQIAAAQIEDBcdIECAAAECBAgQIEAgL2C45F8kIAECBAgQIECAAAEChosOECBAgAABAgQIECCQFzBc8i8SkAABAgQIECBAgAABw0UHCBAgQIAAAQIECBDICxgu+RcJSIAAAQIECBAgQICA4aIDBAgQIECAAAECBAjkBQyX/IsEJECAAAECBAgQIEDAcNEBAgQIECBAgAABAgTyAoZL/kUCEiBAgAABAgQIECBguOgAAQIECBAgQIAAAQJ5AcMl/yIBCRAgQIAAAQIECBAwXHSAAAECBAgQIECAAIG8gOGSf5GABAgQIECAAAECBAgYLjpAgAABAgQIECBAgEBewHDJv0hAAgQIECBAgAABAgQMFx0gQIAAAQIECBAgQCAvYLjkXyQgAQIECBAgQIAAAQKGiw4QIECAAAECBAgQIJAXMFzyLxKQAAECBAgQIECAAAHDRQcIECBAgAABAgQIEMgLGC75FwlIgAABAgQIECBAgIDhogMECBAgQIAAAQIECOQFDJf8iwQkQIAAAQIECBAgQMBw0QECBAgQIECAAAECBPIChkv+RQISIECAAAECBAgQIGC46AABAgQIECBAgAABAnkBwyX/IgEJECBAgAABAgQIEDBcdIAAAQIECBAgQIAAgbyA4ZJ/kYAECBAgQIAAAQIECBguOkCAAAECBAgQIECAQF7AcMm/SEACBAgQIECAAAECBAwXHSBAgAABAgQIECBAIC9guORfJCABAgQIECBAgAABAoaLDhAgQIAAAQIECBAgkBcwXPIvEpAAAQIECBAgQIAAAcNFBwgQIECAAAECBAgQyAsYLvkXCUiAAAECBAgQIECAgOGiAwQIECBAgAABAgQI5AUMl/yLBCRAgAABAgQIECBAwHDRAQIECBAgQIAAAQIE8gKGS/5FAhIgQIAAAQIECBAgYLjoAAECBAgQIECAAAECeQHDJf8iAQkQIECAAAECBAgQMFx0gAABAgQIECBAgACBvIDhkn+RgAQIECBAgAABAgQIGC46QIAAAQIECBAgQIBAXsBwyb9IQAIECBAgQIAAAQIEDBcdIECAAAECBAgQIEAgL2C45F8kIAECBAgQIECAAAEChosOECBAgAABAgQIECCQFzBc8i8SkAABAgQIECBAgAABw0UHCBAgQIAAAQIECBDICxgu+RcJSIAAAQIECBAgQICA4aIDBAgQIECAAAECBAjkBQyX/IsEJECAAAECBAgQIEDAcNEBAgQIECBAgAABAgTyAoZL/kUCEiBAgAABAgQIECBguOgAAQIECBAgQIAAAQJ5AcMl/yIBCRAgQIAAAQIECBAwXHSAAAECBAgQIECAAIG8gOGSf5GABAgQIECAAAECBAgYLjpAgAABAgQIECBAgEBewHDJv0hAAgQIECBAgAABAgQMFx0gQIAAAQIECBAgQCAvYLjkXyQgAQIECBAgQIAAAQKGiw4QIECAAAECBAgQIJAXMFzyLxKQAAECBAgQIECAAAHDRQcIECBAgAABAgQIEMgLGC75FwlIgAABAgQIECBAgIDhogMECBAgQIAAAQIECOQFDJf8iwQkQIAAAQIECBAgQMBw0QECBAgQIECAAAECBPIChkv+RQISIECAAAECBAgQIGC46AABAgQIECBAgAABAnkBwyX/IgEJECBAgAABAgQIEDBcdIAAAQIECBAgQIAAgbyA4ZJ/kYAECBAgQIAAAQIECBguOkCAAAECBAgQIECAQF7AcMm/SEACBAgQIECAAAECBAwXHSBAgAABAgQIECBAIC9guORfJCABAgQIECBAgAABAoaLDhAgQIAAAQIECBAgkBcwXPIvEpAAAQIECBAgQIAAAcNFBwgQIECAAAECBAgQyAsYLvkXCUiAAAECBAgQIECAgOGiAwQIECBAgAABAgQI5AUMl/yLBCRAgAABAgQIECBAwHDRAQIECBAgQIAAAQIE8gKGS/5FAhIgQIAAAQIECBAgYLjoAAECBAgQIECAAAECeQHDJf8iAQkQIECAAAECBAgQMFx0gAABAgQIECBAgACBvIDhkn+RgAQIECBAgAABAgQIGC46QIAAAQIECBAgQIBAXsBwyb9IQAIECBAgQIAAAQIEDBcdIECAAAECBAgQIEAgL2C45F8kIAECBAgQIECAAAEChosOECBAgAABAgQIECCQFzBc8i8SkAABAgQIECBAgAABw0UHCBAgQIAAAQIECBDICxgu+RcJSIAAAQIECBAgQICA4aIDBAgQIECAAAECBAjkBQyX/IsEJECAAAECBAgQIEDAcNEBAgQIECBAgAABAgTyAoZL/kUCEiBAgAABAgQIECBguOgAAQIECBAgQIAAAQJ5AcMl/yIBCRAgQIAAAQIECBAwXHSAAAECBAgQIECAAIG8gOGSf5GABAgQIECAAAECBAgYLjpAgAABAgQIECBAgEBewHDJv0hAAgQIECBAgAABAgQMFx0gQIAAAQIECBAgQCAvYLjkXyQgAQIECBAgQIAAAQKGiw4QIECAAAECBAgQIJAXMFzyLxKQAAECBAgQIECAAAHDRQcIECBAgAABAgQIEMgLGC75FwlIgAABAgQIECBAgIDhogMECBAgQIAAAQIECOQFDJf8iwQkQIAAAQIECBAgQMBw0QECBAgQIECAAAECBPIChkv+RQISIECAAAECBAgQIGC46AABAgQIECBAgAABAnkBwyX/IgEJECBAgAABAgQIEDBcdIAAAQIECBAgQIAAgbyA4ZJ/kYAECBAgQIAAAQIECBguOkCAAAECBAgQIECAQF7AcMm/SEACBAgQIECAAAECBAwXHSBAgAABAgQIECBAIC9guORfJCABAgQIECBAgAABAoaLDhAgQIAAAQIECBAgkBcwXPIvEpAAAQIECBAgQIAAAcNFBwgQIECAAAECBAgQyAsYLvkXCUiAAAECBAgQIECAgOGiAwQIECBAgAABAgQI5AUMl/yLBCRAgAABAgQIECBAwHDRAQIECBAgQIAAAQIE8gKGS/5FAhIgQIAAAQIECBAgYLjoAAECBAgQIECAAAECeQHDJf8iAQkQIECAAAECBAgQMFx0gAABAgQIECBAgACBvIDhkn+RgAQIECBAgAABAgQIGC46QIAAAQIECBAgQIBAXsBwyb9IQAIECBAgQIAAAQIEDBcdIECAAAECBAgQIEAgL2C45F8kIAECBAgQIECAAAEChosOECBAgAABAgQIECCQFzBc8i8SkAABAgQIECBAgAABw0UHCBAgQIAAAQIECBDICxgu+RcJSIAAAQIECBAgQICA4aIDBAgQIECAAAECBAjkBQyX/IsEJECAAAECBAgQIEDAcNEBAgQIECBAgAABAgTyAoZL/kUCEiBAgAABAgQIECBguOgAAQIECBAgQIAAAQJ5AcMl/yIBCRAgQIAAAQIECBAwXHSAAAECBAgQIECAAIG8gOGSf5GABAgQIECAAAECBAgYLjpAgAABAgQIECBAgEBewHDJv0hAAgQIECBAgAABAgQMFx0gQIAAAQIECBAgQCAvYLjkXyQgAQIECBAgQIAAAQKGiw4QIECAAAECBAgQIJAXMFzyLxKQAAECBAgQIECAAAHDRQcIECBAgAABAgQIEMgLGC75FwlIgAABAgQIECBAgIDhogMECBAgQIAAAQIECOQFDJf8iwQkQIAAAQIECBAgQMBw0QECBAgQIECAAAECBPIChkv+RQISIECAAAECBAgQIGC46AABAgQIECBAgAABAnkBwyX/IgEJECBAgAABAgQIEDBcdIAAAQIECBAgQIAAgbyA4ZJ/kYAECBAgQIAAAQIECBguOkCAAAECBAgQIECAQF7AcMm/SEACBAgQIECAAAECBAwXHSBAgAABAgQIECBAIC9guORfJCABAgQIECBAgAABAoaLDhAgQIAAAQIECBAgkBcwXPIvEpAAAQIECBAgQIAAAcNFBwgQIECAAAECBAgQyAsYLvkXCUiAAAECBAgQIECAgOGiAwQIECBAgAABAgQI5AUMl/yLBCRAgAABAgQIECBAwHDRAQIECBAgQIAAAQIE8gKGS/5FAhIgQIAAAQIECBAgYLjoAAECBAgQIECAAAECeQHDJf8iAQkQIECAAAECBAgQMFx0gAABAgQIECBAgACBvIDhkn+RgAQIECBAgAABAgQIGC46QIAAAQIECBAgQIBAXsBwyb9IQAIECBAgQIAAAQIEDBcdIECAAAECBAgQIEAgL2C45F8kIAECBAgQIECAAAEChosOECBAgAABAgQIECCQFzBc8i8SkAABAgQIECBAgAABw0UHCBAgQIAAAQIECBDICxgu+RcJSIAAAQIECBAgQICA4aIDBAgQIECAAAECBAjkBQyX/IsEJECAAAECBAgQIEDAcNEBAgQIECBAgAABAgTyAoZL/kUCEiBAgAABAgQIECBguOgAAQIECBAgQIAAAQJ5AcMl/yIBCRAgQIAAAQIECBAwXHSAAAECBAgQIECAAIG8gOGSf5GABAgQIECAAAECBAgYLjpAgAABAgQIECBAgEBewHDJv0hAAgQIECBAgAABAgQMFx0gQIAAAQIECBAgQCAvYLjkXyQgAQIECBAgQIAAAQKGiw4QIECAAAECBAgQIJAXMFzyLxKQAAECBAgQIECAAAHDRQcIECBAgAABAgQIEMgLGC75FwlIgAABAgQIECBAgIDhogMECBAgQIAAAQIECOQFDJf8iwQkQIAAAQIECBAgQMBw0QECBAgQIECAAAECBPIChkv+RQISIECAAAECBAgQIGC46AABAgQIECBAgAABAnkBwyVsWIdbAAAL9ElEQVT/IgEJECBAgAABAgQIEDBcdIAAAQIECBAgQIAAgbyA4ZJ/kYAECBAgQIAAAQIECBguOkCAAAECBAgQIECAQF7AcMm/SEACBAgQIECAAAECBAwXHSBAgAABAgQIECBAIC9guORfJCABAgQIECBAgAABAoaLDhAgQIAAAQIECBAgkBcwXPIvEpAAAQIECBAgQIAAAcNFBwgQIECAAAECBAgQyAsYLvkXCUiAAAECBAgQIECAgOGiAwQIECBAgAABAgQI5AUMl/yLBCRAgAABAgQIECBAwHDRAQIECBAgQIAAAQIE8gKGS/5FAhIgQIAAAQIECBAgYLjoAAECBAgQIECAAAECeQHDJf8iAQkQIECAAAECBAgQMFx0gAABAgQIECBAgACBvIDhkn+RgAQIECBAgAABAgQIGC46QIAAAQIECBAgQIBAXsBwyb9IQAIECBAgQIAAAQIEDBcdIECAAAECBAgQIEAgL2C45F8kIAECBAgQIECAAAEChosOECBAgAABAgQIECCQFzBc8i8SkAABAgQIECBAgAABw0UHCBAgQIAAAQIECBDICxgu+RcJSIAAAQIECBAgQICA4aIDBAgQIECAAAECBAjkBQyX/IsEJECAAAECBAgQIEDAcNEBAgQIECBAgAABAgTyAoZL/kUCEiBAgAABAgQIECBguOgAAQIECBAgQIAAAQJ5AcMl/yIBCRAgQIAAAQIECBAwXHSAAAECBAgQIECAAIG8gOGSf5GABAgQIECAAAECBAgYLjpAgAABAgQIECBAgEBewHDJv0hAAgQIECBAgAABAgQMFx0gQIAAAQIECBAgQCAvYLjkXyQgAQIECBAgQIAAAQKGiw4QIECAAAECBAgQIJAXMFzyLxKQAAECBAgQIECAAAHDRQcIECBAgAABAgQIEMgLGC75FwlIgAABAgQIECBAgIDhogMECBAgQIAAAQIECOQFDJf8iwQkQIAAAQIECBAgQMBw0QECBAgQIECAAAECBPIChkv+RQISIECAAAECBAgQIGC46AABAgQIECBAgAABAnkBwyX/IgEJECBAgAABAgQIEDBcdIAAAQIECBAgQIAAgbyA4ZJ/kYAECBAgQIAAAQIECBguOkCAAAECBAgQIECAQF7AcMm/SEACBAgQIECAAAECBAwXHSBAgAABAgQIECBAIC9guORfJCABAgQIECBAgAABAoaLDhAgQIAAAQIECBAgkBcwXPIvEpAAAQIECBAgQIAAAcNFBwgQIECAAAECBAgQyAsYLvkXCUiAAAECBAgQIECAgOGiAwQIECBAgAABAgQI5AUMl/yLBCRAgAABAgQIECBAwHDRAQIECBAgQIAAAQIE8gKGS/5FAhIgQIAAAQIECBAgYLjoAAECBAgQIECAAAECeQHDJf8iAQkQIECAAAECBAgQMFx0gAABAgQIECBAgACBvIDhkn+RgAQIECBAgAABAgQIGC46QIAAAQIECBAgQIBAXsBwyb9IQAIECBAgQIAAAQIEDBcdIECAAAECBAgQIEAgL2C45F8kIAECBAgQIECAAAEChosOECBAgAABAgQIECCQFzBc8i8SkAABAgQIECBAgAABw0UHCBAgQIAAAQIECBDICxgu+RcJSIAAAQIECBAgQICA4aIDBAgQIECAAAECBAjkBQyX/IsEJECAAAECBAgQIEDAcNEBAgQIECBAgAABAgTyAoZL/kUCEiBAgAABAgQIECBguOgAAQIECBAgQIAAAQJ5AcMl/yIBCRAgQIAAAQIECBAwXHSAAAECBAgQIECAAIG8gOGSf5GABAgQIECAAAECBAgYLjpAgAABAgQIECBAgEBewHDJv0hAAgQIECBAgAABAgQMFx0gQIAAAQIECBAgQCAvYLjkXyQgAQIECBAgQIAAAQKGiw4QIECAAAECBAgQIJAXMFzyLxKQAAECBAgQIECAAAHDRQcIECBAgAABAgQIEMgLGC75FwlIgAABAgQIECBAgIDhogMECBAgQIAAAQIECOQFDJf8iwQkQIAAAQIECBAgQMBw0QECBAgQIECAAAECBPIChkv+RQISIECAAAECBAgQIGC46AABAgQIECBAgAABAnkBwyX/IgEJECBAgAABAgQIEDBcdIAAAQIECBAgQIAAgbyA4ZJ/kYAECBAgQIAAAQIECBguOkCAAAECBAgQIECAQF7AcMm/SEACBAgQIECAAAECBAwXHSBAgAABAgQIECBAIC9guORfJCABAgQIECBAgAABAoaLDhAgQIAAAQIECBAgkBcwXPIvEpAAAQIECBAgQIAAAcNFBwgQIECAAAECBAgQyAsYLvkXCUiAAAECBAgQIECAgOGiAwQIECBAgAABAgQI5AUMl/yLBCRAgAABAgQIECBAwHDRAQIECBAgQIAAAQIE8gKGS/5FAhIgQIAAAQIECBAgYLjoAAECBAgQIECAAAECeQHDJf8iAQkQIECAAAECBAgQMFx0gAABAgQIECBAgACBvIDhkn+RgAQIECBAgAABAgQIGC46QIAAAQIECBAgQIBAXsBwyb9IQAIECBAgQIAAAQIEDBcdIECAAAECBAgQIEAgL2C45F8kIAECBAgQIECAAAEChosOECBAgAABAgQIECCQFzBc8i8SkAABAgQIECBAgAABw0UHCBAgQIAAAQIECBDICxgu+RcJSIAAAQIECBAgQICA4aIDBAgQIECAAAECBAjkBQyX/IsEJECAAAECBAgQIEDAcNEBAgQIECBAgAABAgTyAoZL/kUCEiBAgAABAgQIECBguOgAAQIECBAgQIAAAQJ5AcMl/yIBCRAgQIAAAQIECBAwXHSAAAECBAgQIECAAIG8gOGSf5GABAgQIECAAAECBAgYLjpAgAABAgQIECBAgEBewHDJv0hAAgQIECBAgAABAgQMFx0gQIAAAQIECBAgQCAvYLjkXyQgAQIECBAgQIAAAQKGiw4QIECAAAECBAgQIJAXMFzyLxKQAAECBAgQIECAAAHDRQcIECBAgAABAgQIEMgLGC75FwlIgAABAgQIECBAgIDhogMECBAgQIAAAQIECOQFDJf8iwQkQIAAAQIECBAgQMBw0QECBAgQIECAAAECBPIChkv+RQISIECAAAECBAgQIGC46AABAgQIECBAgAABAnkBwyX/IgEJECBAgAABAgQIEDBcdIAAAQIECBAgQIAAgbyA4ZJ/kYAECBAgQIAAAQIECBguOkCAAAECBAgQIECAQF7AcMm/SEACBAgQIECAAAECBAwXHSBAgAABAgQIECBAIC9guORfJCABAgQIECBAgAABAoaLDhAgQIAAAQIECBAgkBcwXPIvEpAAAQIECBAgQIAAAcNFBwgQIECAAAECBAgQyAsYLvkXCUiAAAECBAgQIECAgOGiAwQIECBAgAABAgQI5AUMl/yLBCRAgAABAgQIECBAwHDRAQIECBAgQIAAAQIE8gKGS/5FAhIgQIAAAQIECBAgYLjoAAECBAgQIECAAAECeQHDJf8iAQkQIECAAAECBAgQMFx0gAABAgQIECBAgACBvIDhkn+RgAQIECBAgAABAgQIGC46QIAAAQIECBAgQIBAXsBwyb9IQAIECBAgQIAAAQIEDBcdIECAAAECBAgQIEAgL2C45F8kIAECBAgQIECAAAEChosOECBAgAABAgQIECCQFzBc8i8SkAABAgQIECBAgAABw0UHCBAgQIAAAQIECBDICxgu+RcJSIAAAQIECBAgQICA4aIDBAgQIECAAAECBAjkBQyX/IsEJECAAAECBAgQIEDAcNEBAgQIECBAgAABAgTyAoZL/kUCEiBAgAABAgQIECBguOgAAQIECBAgQIAAAQJ5AcMl/yIBCRAgQIAAAQIECBAwXHSAAAECBAgQIECAAIG8gOGSf5GABAgQIECAAAECBAgYLjpAgAABAgQIECBAgEBewHDJv0hAAgQIECBAgAABAgQMFx0gQIAAAQIECBAgQCAvYLjkXyQgAQIECBAgQIAAAQKGiw4QIECAAAECBAgQIJAXMFzyLxKQAAECBAgQIECAAAHDRQcIECBAgAABAgQIEMgLPFZIAqxw3SIWAAAAAElFTkSuQmCC','/static/json/3e83cbdd-8d1d-4743-a88a-60ca78e59ff6_experiment.json'),(26,'1','physics','1','medium','',NULL,'2025-07-09 22:43:00','2025-07-09 23:11:06','draft',NULL,NULL,NULL,'unpublished',NULL,'a','individual','','','','',NULL,'{\"gravity\": 9.8, \"friction\": 0.3, \"elasticity\": 0.8, \"simulationSpeed\": 1}','data:image/png;base64,iVBORw0KGgoAAAANSUhEUgAAAy4AAAKrCAYAAAAXudl0AAAAAXNSR0IArs4c6QAAIABJREFUeF7t1zERAAAMArHi33Rt/JAq4FIWdo4AAQIECBAgQIAAAQJxgcXziUeAAAECBAgQIECAAIEzXJSAAAECBAgQIECAAIG8gOGSf5GABAgQIECAAAECBAgYLjpAgAABAgQIECBAgEBewHDJv0hAAgQIECBAgAABAgQMFx0gQIAAAQIECBAgQCAvYLjkXyQgAQIECBAgQIAAAQKGiw4QIECAAAECBAgQIJAXMFzyLxKQAAECBAgQIECAAAHDRQcIECBAgAABAgQIEMgLGC75FwlIgAABAgQIECBAgIDhogMECBAgQIAAAQIECOQFDJf8iwQkQIAAAQIECBAgQMBw0QECBAgQIECAAAECBPIChkv+RQISIECAAAECBAgQIGC46AABAgQIECBAgAABAnkBwyX/IgEJECBAgAABAgQIEDBcdIAAAQIECBAgQIAAgbyA4ZJ/kYAECBAgQIAAAQIECBguOkCAAAECBAgQIECAQF7AcMm/SEACBAgQIECAAAECBAwXHSBAgAABAgQIECBAIC9guORfJCABAgQIECBAgAABAoaLDhAgQIAAAQIECBAgkBcwXPIvEpAAAQIECBAgQIAAAcNFBwgQIECAAAECBAgQyAsYLvkXCUiAAAECBAgQIECAgOGiAwQIECBAgAABAgQI5AUMl/yLBCRAgAABAgQIECBAwHDRAQIECBAgQIAAAQIE8gKGS/5FAhIgQIAAAQIECBAgYLjoAAECBAgQIECAAAECeQHDJf8iAQkQIECAAAECBAgQMFx0gAABAgQIECBAgACBvIDhkn+RgAQIECBAgAABAgQIGC46QIAAAQIECBAgQIBAXsBwyb9IQAIECBAgQIAAAQIEDBcdIECAAAECBAgQIEAgL2C45F8kIAECBAgQIECAAAEChosOECBAgAABAgQIECCQFzBc8i8SkAABAgQIECBAgAABw0UHCBAgQIAAAQIECBDICxgu+RcJSIAAAQIECBAgQICA4aIDBAgQIECAAAECBAjkBQyX/IsEJECAAAECBAgQIEDAcNEBAgQIECBAgAABAgTyAoZL/kUCEiBAgAABAgQIECBguOgAAQIECBAgQIAAAQJ5AcMl/yIBCRAgQIAAAQIECBAwXHSAAAECBAgQIECAAIG8gOGSf5GABAgQIECAAAECBAgYLjpAgAABAgQIECBAgEBewHDJv0hAAgQIECBAgAABAgQMFx0gQIAAAQIECBAgQCAvYLjkXyQgAQIECBAgQIAAAQKGiw4QIECAAAECBAgQIJAXMFzyLxKQAAECBAgQIECAAAHDRQcIECBAgAABAgQIEMgLGC75FwlIgAABAgQIECBAgIDhogMECBAgQIAAAQIECOQFDJf8iwQkQIAAAQIECBAgQMBw0QECBAgQIECAAAECBPIChkv+RQISIECAAAECBAgQIGC46AABAgQIECBAgAABAnkBwyX/IgEJECBAgAABAgQIEDBcdIAAAQIECBAgQIAAgbyA4ZJ/kYAECBAgQIAAAQIECBguOkCAAAECBAgQIECAQF7AcMm/SEACBAgQIECAAAECBAwXHSBAgAABAgQIECBAIC9guORfJCABAgQIECBAgAABAoaLDhAgQIAAAQIECBAgkBcwXPIvEpAAAQIECBAgQIAAAcNFBwgQIECAAAECBAgQyAsYLvkXCUiAAAECBAgQIECAgOGiAwQIECBAgAABAgQI5AUMl/yLBCRAgAABAgQIECBAwHDRAQIECBAgQIAAAQIE8gKGS/5FAhIgQIAAAQIECBAgYLjoAAECBAgQIECAAAECeQHDJf8iAQkQIECAAAECBAgQMFx0gAABAgQIECBAgACBvIDhkn+RgAQIECBAgAABAgQIGC46QIAAAQIECBAgQIBAXsBwyb9IQAIECBAgQIAAAQIEDBcdIECAAAECBAgQIEAgL2C45F8kIAECBAgQIECAAAEChosOECBAgAABAgQIECCQFzBc8i8SkAABAgQIECBAgAABw0UHCBAgQIAAAQIECBDICxgu+RcJSIAAAQIECBAgQICA4aIDBAgQIECAAAECBAjkBQyX/IsEJECAAAECBAgQIEDAcNEBAgQIECBAgAABAgTyAoZL/kUCEiBAgAABAgQIECBguOgAAQIECBAgQIAAAQJ5AcMl/yIBCRAgQIAAAQIECBAwXHSAAAECBAgQIECAAIG8gOGSf5GABAgQIECAAAECBAgYLjpAgAABAgQIECBAgEBewHDJv0hAAgQIECBAgAABAgQMFx0gQIAAAQIECBAgQCAvYLjkXyQgAQIECBAgQIAAAQKGiw4QIECAAAECBAgQIJAXMFzyLxKQAAECBAgQIECAAAHDRQcIECBAgAABAgQIEMgLGC75FwlIgAABAgQIECBAgIDhogMECBAgQIAAAQIECOQFDJf8iwQkQIAAAQIECBAgQMBw0QECBAgQIECAAAECBPIChkv+RQISIECAAAECBAgQIGC46AABAgQIECBAgAABAnkBwyX/IgEJECBAgAABAgQIEDBcdIAAAQIECBAgQIAAgbyA4ZJ/kYAECBAgQIAAAQIECBguOkCAAAECBAgQIECAQF7AcMm/SEACBAgQIECAAAECBAwXHSBAgAABAgQIECBAIC9guORfJCABAgQIECBAgAABAoaLDhAgQIAAAQIECBAgkBcwXPIvEpAAAQIECBAgQIAAAcNFBwgQIECAAAECBAgQyAsYLvkXCUiAAAECBAgQIECAgOGiAwQIECBAgAABAgQI5AUMl/yLBCRAgAABAgQIECBAwHDRAQIECBAgQIAAAQIE8gKGS/5FAhIgQIAAAQIECBAgYLjoAAECBAgQIECAAAECeQHDJf8iAQkQIECAAAECBAgQMFx0gAABAgQIECBAgACBvIDhkn+RgAQIECBAgAABAgQIGC46QIAAAQIECBAgQIBAXsBwyb9IQAIECBAgQIAAAQIEDBcdIECAAAECBAgQIEAgL2C45F8kIAECBAgQIECAAAEChosOECBAgAABAgQIECCQFzBc8i8SkAABAgQIECBAgAABw0UHCBAgQIAAAQIECBDICxgu+RcJSIAAAQIECBAgQICA4aIDBAgQIECAAAECBAjkBQyX/IsEJECAAAECBAgQIEDAcNEBAgQIECBAgAABAgTyAoZL/kUCEiBAgAABAgQIECBguOgAAQIECBAgQIAAAQJ5AcMl/yIBCRAgQIAAAQIECBAwXHSAAAECBAgQIECAAIG8gOGSf5GABAgQIECAAAECBAgYLjpAgAABAgQIECBAgEBewHDJv0hAAgQIECBAgAABAgQMFx0gQIAAAQIECBAgQCAvYLjkXyQgAQIECBAgQIAAAQKGiw4QIECAAAECBAgQIJAXMFzyLxKQAAECBAgQIECAAAHDRQcIECBAgAABAgQIEMgLGC75FwlIgAABAgQIECBAgIDhogMECBAgQIAAAQIECOQFDJf8iwQkQIAAAQIECBAgQMBw0QECBAgQIECAAAECBPIChkv+RQISIECAAAECBAgQIGC46AABAgQIECBAgAABAnkBwyX/IgEJECBAgAABAgQIEDBcdIAAAQIECBAgQIAAgbyA4ZJ/kYAECBAgQIAAAQIECBguOkCAAAECBAgQIECAQF7AcMm/SEACBAgQIECAAAECBAwXHSBAgAABAgQIECBAIC9guORfJCABAgQIECBAgAABAoaLDhAgQIAAAQIECBAgkBcwXPIvEpAAAQIECBAgQIAAAcNFBwgQIECAAAECBAgQyAsYLvkXCUiAAAECBAgQIECAgOGiAwQIECBAgAABAgQI5AUMl/yLBCRAgAABAgQIECBAwHDRAQIECBAgQIAAAQIE8gKGS/5FAhIgQIAAAQIECBAgYLjoAAECBAgQIECAAAECeQHDJf8iAQkQIECAAAECBAgQMFx0gAABAgQIECBAgACBvIDhkn+RgAQIECBAgAABAgQIGC46QIAAAQIECBAgQIBAXsBwyb9IQAIECBAgQIAAAQIEDBcdIECAAAECBAgQIEAgL2C45F8kIAECBAgQIECAAAEChosOECBAgAABAgQIECCQFzBc8i8SkAABAgQIECBAgAABw0UHCBAgQIAAAQIECBDICxgu+RcJSIAAAQIECBAgQICA4aIDBAgQIECAAAECBAjkBQyX/IsEJECAAAECBAgQIEDAcNEBAgQIECBAgAABAgTyAoZL/kUCEiBAgAABAgQIECBguOgAAQIECBAgQIAAAQJ5AcMl/yIBCRAgQIAAAQIECBAwXHSAAAECBAgQIECAAIG8gOGSf5GABAgQIECAAAECBAgYLjpAgAABAgQIECBAgEBewHDJv0hAAgQIECBAgAABAgQMFx0gQIAAAQIECBAgQCAvYLjkXyQgAQIECBAgQIAAAQKGiw4QIECAAAECBAgQIJAXMFzyLxKQAAECBAgQIECAAAHDRQcIECBAgAABAgQIEMgLGC75FwlIgAABAgQIECBAgIDhogMECBAgQIAAAQIECOQFDJf8iwQkQIAAAQIECBAgQMBw0QECBAgQIECAAAECBPIChkv+RQISIECAAAECBAgQIGC46AABAgQIECBAgAABAnkBwyX/IgEJECBAgAABAgQIEDBcdIAAAQIECBAgQIAAgbyA4ZJ/kYAECBAgQIAAAQIECBguOkCAAAECBAgQIECAQF7AcMm/SEACBAgQIECAAAECBAwXHSBAgAABAgQIECBAIC9guORfJCABAgQIECBAgAABAoaLDhAgQIAAAQIECBAgkBcwXPIvEpAAAQIECBAgQIAAAcNFBwgQIECAAAECBAgQyAsYLvkXCUiAAAECBAgQIECAgOGiAwQIECBAgAABAgQI5AUMl/yLBCRAgAABAgQIECBAwHDRAQIECBAgQIAAAQIE8gKGS/5FAhIgQIAAAQIECBAgYLjoAAECBAgQIECAAAECeQHDJf8iAQkQIECAAAECBAgQMFx0gAABAgQIECBAgACBvIDhkn+RgAQIECBAgAABAgQIGC46QIAAAQIECBAgQIBAXsBwyb9IQAIECBAgQIAAAQIEDBcdIECAAAECBAgQIEAgL2C45F8kIAECBAgQIECAAAEChosOECBAgAABAgQIECCQFzBc8i8SkAABAgQIECBAgAABw0UHCBAgQIAAAQIECBDICxgu+RcJSIAAAQIECBAgQICA4aIDBAgQIECAAAECBAjkBQyX/IsEJECAAAECBAgQIEDAcNEBAgQIECBAgAABAgTyAoZL/kUCEiBAgAABAgQIECBguOgAAQIECBAgQIAAAQJ5AcMl/yIBCRAgQIAAAQIECBAwXHSAAAECBAgQIECAAIG8gOGSf5GABAgQIECAAAECBAgYLjpAgAABAgQIECBAgEBewHDJv0hAAgQIECBAgAABAgQMFx0gQIAAAQIECBAgQCAvYLjkXyQgAQIECBAgQIAAAQKGiw4QIECAAAECBAgQIJAXMFzyLxKQAAECBAgQIECAAAHDRQcIECBAgAABAgQIEMgLGC75FwlIgAABAgQIECBAgIDhogMECBAgQIAAAQIECOQFDJf8iwQkQIAAAQIECBAgQMBw0QECBAgQIECAAAECBPIChkv+RQISIECAAAECBAgQIGC46AABAgQIECBAgAABAnkBwyX/IgEJECBAgAABAgQIEDBcdIAAAQIECBAgQIAAgbyA4ZJ/kYAECBAgQIAAAQIECBguOkCAAAECBAgQIECAQF7AcMm/SEACBAgQIECAAAECBAwXHSBAgAABAgQIECBAIC9guORfJCABAgQIECBAgAABAoaLDhAgQIAAAQIECBAgkBcwXPIvEpAAAQIECBAgQIAAAcNFBwgQIECAAAECBAgQyAsYLvkXCUiAAAECBAgQIECAgOGiAwQIECBAgAABAgQI5AUMl/yLBCRAgAABAgQIECBAwHDRAQIECBAgQIAAAQIE8gKGS/5FAhIgQIAAAQIECBAgYLjoAAECBAgQIECAAAECeQHDJf8iAQkQIECAAAECBAgQMFx0gAABAgQIECBAgACBvIDhkn+RgAQIECBAgAABAgQIGC46QIAAAQIECBAgQIBAXsBwyb9IQAIECBAgQIAAAQIEDBcdIECAAAECBAgQIEAgL2C45F8kIAECBAgQIECAAAEChosOECBAgAABAgQIECCQFzBc8i8SkAABAgQIECBAgAABw0UHCBAgQIAAAQIECBDICxgu+RcJSIAAAQIECBAgQICA4aIDBAgQIECAAAECBAjkBQyX/IsEJECAAAECBAgQIEDAcNEBAgQIECBAgAABAgTyAoZL/kUCEiBAgAABAgQIECBguOgAAQIECBAgQIAAAQJ5AcMl/yIBCRAgQIAAAQIECBAwXHSAAAECBAgQIECAAIG8gOGSf5GABAgQIECAAAECBAgYLjpAgAABAgQIECBAgEBewHDJv0hAAgQIECBAgAABAgQMFx0gQIAAAQIECBAgQCAvYLjkXyQgAQIECBAgQIAAAQKGiw4QIECAAAECBAgQIJAXMFzyLxKQAAECBAgQIECAAAHDRQcIECBAgAABAgQIEMgLGC75FwlIgAABAgQIECBAgIDhogMECBAgQIAAAQIECOQFDJf8iwQkQIAAAQIECBAgQMBw0QECBAgQIECAAAECBPIChkv+RQISIECAAAECBAgQIGC46AABAgQIECBAgAABAnkBwyX/IgEJECBAgAABAgQIEDBcdIAAAQIECBAgQIAAgbyA4ZJ/kYAECBAgQIAAAQIECBguOkCAAAECBAgQIECAQF7AcMm/SEACBAgQIECAAAECBAwXHSBAgAABAgQIECBAIC9guORfJCABAgQIECBAgAABAoaLDhAgQIAAAQIECBAgkBcwXPIvEpAAAQIECBAgQIAAAcNFBwgQIECAAAECBAgQyAsYLvkXCUiAAAECBAgQIECAgOGiAwQIECBAgAABAgQI5AUMl/yLBCRAgAABAgQIECBAwHDRAQIECBAgQIAAAQIE8gKGS/5FAhIgQIAAAQIECBAgYLjoAAECBAgQIECAAAECeQHDJf8iAQkQIECAAAECBAgQMFx0gAABAgQIECBAgACBvIDhkn+RgAQIECBAgAABAgQIGC46QIAAAQIECBAgQIBAXsBwyb9IQAIECBAgQIAAAQIEDBcdIECAAAECBAgQIEAgL2C45F8kIAECBAgQIECAAAEChosOECBAgAABAgQIECCQFzBc8i8SkAABAgQIECBAgAABw0UHCBAgQIAAAQIECBDICxgu+RcJSIAAAQIECBAgQICA4aIDBAgQIECAAAECBAjkBQyX/IsEJECAAAECBAgQIEDAcNEBAgQIECBAgAABAgTyAoZL/kUCEiBAgAABAgQIECBguOgAAQIECBAgQIAAAQJ5AcMl/yIBCRAgQIAAAQIECBAwXHSAAAECBAgQIECAAIG8gOGSf5GABAgQIECAAAECBAgYLjpAgAABAgQIECBAgEBewHDJv0hAAgQIECBAgAABAgQMFx0gQIAAAQIECBAgQCAvYLjkXyQgAQIECBAgQIAAAQKGiw4QIECAAAECBAgQIJAXMFzyLxKQAAECBAgQIECAAAHDRQcIECBAgAABAgQIEMgLGC75FwlIgAABAgQIECBAgIDhogMECBAgQIAAAQIECOQFDJf8iwQkQIAAAQIECBAgQMBw0QECBAgQIECAAAECBPIChkv+RQISIECAAAECBAgQIGC46AABAgQIECBAgAABAnkBwyX/IgEJECBAgAABAgQIEDBcdIAAAQIECBAgQIAAgbyA4ZJ/kYAECBAgQIAAAQIECBguOkCAAAECBAgQIECAQF7AcMm/SEACBAgQIECAAAECBAwXHSBAgAABAgQIECBAIC9guORfJCABAgQIECBAgAABAoaLDhAgQIAAAQIECBAgkBcwXPIvEpAAAQIECBAgQIAAAcNFBwgQIECAAAECBAgQyAsYLvkXCUiAAAECBAgQIECAgOGiAwQIECBAgAABAgQI5AUMl/yLBCRAgAABAgQIECBAwHDRAQIECBAgQIAAAQIE8gKGS/5FAhIgQIAAAQIECBAgYLjoAAECBAgQIECAAAECeQHDJf8iAQkQIECAAAECBAgQMFx0gAABAgQIECBAgACBvIDhkn+RgAQIECBAgAABAgQIGC46QIAAAQIECBAgQIBAXsBwyb9IQAIECBAgQIAAAQIEDBcdIECAAAECBAgQIEAgL2C45F8kIAECBAgQIECAAAEChosOECBAgAABAgQIECCQFzBc8i8SkAABAgQIECBAgAABw0UHCBAgQIAAAQIECBDICxgu+RcJSIAAAQIECBAgQICA4aIDBAgQIECAAAECBAjkBQyX/IsEJECAAAECBAgQIEDAcNEBAgQIECBAgAABAgTyAoZL/kUCEiBAgAABAgQIECBguOgAAQIECBAgQIAAAQJ5AcMl/yIBCRAgQIAAAQIECBAwXHSAAAECBAgQIECAAIG8gOGSf5GABAgQIECAAAECBAgYLjpAgAABAgQIECBAgEBewHDJv0hAAgQIECBAgAABAgQMFx0gQIAAAQIECBAgQCAvYLjkXyQgAQIECBAgQIAAAQKGiw4QIECAAAECBAgQIJAXMFzyLxKQAAECBAgQIECAAAHDRQcIECBAgAABAgQIEMgLGC75FwlIgAABAgQIECBAgIDhogMECBAgQIAAAQIECOQFDJf8iwQkQIAAAQIECBAgQMBw0QECBAgQIECAAAECBPIChkv+RQISIECAAAECBAgQIGC46AABAgQIECBAgAABAnkBwyX/IgEJECBAgAABAgQIEDBcdIAAAQIECBAgQIAAgbyA4ZJ/kYAECBAgQIAAAQIECBguOkCAAAECBAgQIECAQF7AcMm/SEACBAgQIECAAAECBAwXHSBAgAABAgQIECBAIC9guORfJCABAgQIECBAgAABAoaLDhAgQIAAAQIECBAgkBcwXPIvEpAAAQIECBAgQIAAAcNFBwgQIECAAAECBAgQyAsYLvkXCUiAAAECBAgQIECAgOGiAwQIECBAgAABAgQI5AUMl/yLBCRAgAABAgQIECBAwHDRAQIECBAgQIAAAQIE8gKGS/5FAhIgQIAAAQIECBAgYLjoAAECBAgQIECAAAECeQHDJf8iAQkQIECAAAECBAgQMFx0gAABAgQIECBAgACBvIDhkn+RgAQIECBAgAABAgQIGC46QIAAAQIECBAgQIBAXsBwyb9IQAIECBAgQIAAAQIEDBcdIECAAAECBAgQIEAgL2C45F8kIAECBAgQIECAAAEChosOECBAgAABAgQIECCQFzBc8i8SkAABAgQIECBAgAABw0UHCBAgQIAAAQIECBDICxgu+RcJSIAAAQIECBAgQICA4aIDBAgQIECAAAECBAjkBQyX/IsEJECAAAECBAgQIEDAcNEBAgQIECBAgAABAgTyAoZL/kUCEiBAgAABAgQIECBguOgAAQIECBAgQIAAAQJ5AcMl/yIBCRAgQIAAAQIECBAwXHSAAAECBAgQIECAAIG8gOGSf5GABAgQIECAAAECBAgYLjpAgAABAgQIECBAgEBewHDJv0hAAgQIECBAgAABAgQMFx0gQIAAAQIECBAgQCAvYLjkXyQgAQIECBAgQIAAAQKGiw4QIECAAAECBAgQIJAXMFzyLxKQAAECBAgQIECAAAHDRQcIECBAgAABAgQIEMgLGC75FwlIgAABAgQIECBAgIDhogMECBAgQIAAAQIECOQFDJf8iwQkQIAAAQIECBAgQMBw0QECBAgQIECAAAECBPIChkv+RQISIECAAAECBAgQIGC46AABAgQIECBAgAABAnkBwyX/IgEJECBAgAABAgQIEDBcdIAAAQIECBAgQIAAgbyA4ZJ/kYAECBAgQIAAAQIECBguOkCAAAECBAgQIECAQF7AcMm/SEACBAgQIECAAAECBAwXHSBAgAABAgQIECBAIC9guORfJCABAgQIECBAgAABAoaLDhAgQIAAAQIECBAgkBcwXPIvEpAAAQIECBAgQIAAAcNFBwgQIECAAAECBAgQyAsYLvkXCUiAAAECBAgQIECAgOGiAwQIECBAgAABAgQI5AUMl/yLBCRAgAABAgQIECBAwHDRAQIECBAgQIAAAQIE8gKGS/5FAhIgQIAAAQIECBAgYLjoAAECBAgQIECAAAECeQHDJf8iAQkQIECAAAECBAgQMFx0gAABAgQIECBAgACBvIDhkn+RgAQIECBAgAABAgQIGC46QIAAAQIECBAgQIBAXsBwyb9IQAIECBAgQIAAAQIEDBcdIECAAAECBAgQIEAgL2C45F8kIAECBAgQIECAAAEChosOECBAgAABAgQIECCQFzBc8i8SkAABAgQIECBAgAABw0UHCBAgQIAAAQIECBDICxgu+RcJSIAAAQIECBAgQICA4aIDBAgQIECAAAECBAjkBQyX/IsEJECAAAECBAgQIEDAcNEBAgQIECBAgAABAgTyAoZL/kUCEiBAgAABAgQIECBguOgAAQIECBAgQIAAAQJ5AcMl/yIBCRAgQIAAAQIECBAwXHSAAAECBAgQIECAAIG8gOGSf5GABAgQIECAAAECBAgYLjpAgAABAgQIECBAgEBewHDJv0hAAgQIECBAgAABAgQMFx0gQIAAAQIECBAgQCAvYLjkXyQgAQIECBAgQIAAAQKGiw4QIECAAAECBAgQIJAXMFzyLxKQAAECBAgQIECAAAHDRQcIECBAgAABAgQIEMgLGC75FwlIgAABAgQIECBAgIDhogMECBAgQIAAAQIECOQFDJf8iwQkQIAAAQIECBAgQMBw0QECBAgQIECAAAECBPIChkv+RQISIECAAAECBAgQIGC46AABAgQIECBAgAABAnkBwyVsWIdbAAAL9ElEQVT/IgEJECBAgAABAgQIEDBcdIAAAQIECBAgQIAAgbyA4ZJ/kYAECBAgQIAAAQIECBguOkCAAAECBAgQIECAQF7AcMm/SEACBAgQIECAAAECBAwXHSBAgAABAgQIECBAIC9guORfJCABAgQIECBAgAABAoaLDhAgQIAAAQIECBAgkBcwXPIvEpAAAQIECBAgQIAAAcNFBwgQIECAAAECBAgQyAsYLvkXCUiAAAECBAgQIECAgOGiAwQIECBAgAABAgQI5AUMl/yLBCRAgAABAgQIECBAwHDRAQIECBAgQIAAAQIE8gKGS/5FAhIgQIAAAQIECBAgYLjoAAECBAgQIECAAAECeQHDJf8iAQkQIECAAAECBAgQMFx0gAABAgQIECBAgACBvIDhkn+RgAQIECBAgAABAgQIGC46QIAAAQIECBAgQIBAXsBwyb9IQAIECBAgQIAAAQIEDBcdIECAAAECBAgQIEAgL2C45F8kIAECBAgQIECAAAEChosOECBAgAABAgQIECCQFzBc8i8SkAABAgQIECBAgAABw0UHCBAgQIAAAQIECBDICxgu+RcJSIAAAQIECBAgQICA4aIDBAgQIECAAAECBAjkBQyX/IsEJECAAAECBAgQIEDAcNEBAgQIECBAgAABAgTyAoZL/kUCEiBAgAABAgQIECBguOgAAQIECBAgQIAAAQJ5AcMl/yIBCRAgQIAAAQIECBAwXHSAAAECBAgQIECAAIG8gOGSf5GABAgQIECAAAECBAgYLjpAgAABAgQIECBAgEBewHDJv0hAAgQIECBAgAABAgQMFx0gQIAAAQIECBAgQCAvYLjkXyQgAQIECBAgQIAAAQKGiw4QIECAAAECBAgQIJAXMFzyLxKQAAECBAgQIECAAAHDRQcIECBAgAABAgQIEMgLGC75FwlIgAABAgQIECBAgIDhogMECBAgQIAAAQIECOQFDJf8iwQkQIAAAQIECBAgQMBw0QECBAgQIECAAAECBPIChkv+RQISIECAAAECBAgQIGC46AABAgQIECBAgAABAnkBwyX/IgEJECBAgAABAgQIEDBcdIAAAQIECBAgQIAAgbyA4ZJ/kYAECBAgQIAAAQIECBguOkCAAAECBAgQIECAQF7AcMm/SEACBAgQIECAAAECBAwXHSBAgAABAgQIECBAIC9guORfJCABAgQIECBAgAABAoaLDhAgQIAAAQIECBAgkBcwXPIvEpAAAQIECBAgQIAAAcNFBwgQIECAAAECBAgQyAsYLvkXCUiAAAECBAgQIECAgOGiAwQIECBAgAABAgQI5AUMl/yLBCRAgAABAgQIECBAwHDRAQIECBAgQIAAAQIE8gKGS/5FAhIgQIAAAQIECBAgYLjoAAECBAgQIECAAAECeQHDJf8iAQkQIECAAAECBAgQMFx0gAABAgQIECBAgACBvIDhkn+RgAQIECBAgAABAgQIGC46QIAAAQIECBAgQIBAXsBwyb9IQAIECBAgQIAAAQIEDBcdIECAAAECBAgQIEAgL2C45F8kIAECBAgQIECAAAEChosOECBAgAABAgQIECCQFzBc8i8SkAABAgQIECBAgAABw0UHCBAgQIAAAQIECBDICxgu+RcJSIAAAQIECBAgQICA4aIDBAgQIECAAAECBAjkBQyX/IsEJECAAAECBAgQIEDAcNEBAgQIECBAgAABAgTyAoZL/kUCEiBAgAABAgQIECBguOgAAQIECBAgQIAAAQJ5AcMl/yIBCRAgQIAAAQIECBAwXHSAAAECBAgQIECAAIG8gOGSf5GABAgQIECAAAECBAgYLjpAgAABAgQIECBAgEBewHDJv0hAAgQIECBAgAABAgQMFx0gQIAAAQIECBAgQCAvYLjkXyQgAQIECBAgQIAAAQKGiw4QIECAAAECBAgQIJAXMFzyLxKQAAECBAgQIECAAAHDRQcIECBAgAABAgQIEMgLGC75FwlIgAABAgQIECBAgIDhogMECBAgQIAAAQIECOQFDJf8iwQkQIAAAQIECBAgQMBw0QECBAgQIECAAAECBPIChkv+RQISIECAAAECBAgQIGC46AABAgQIECBAgAABAnkBwyX/IgEJECBAgAABAgQIEDBcdIAAAQIECBAgQIAAgbyA4ZJ/kYAECBAgQIAAAQIECBguOkCAAAECBAgQIECAQF7AcMm/SEACBAgQIECAAAECBAwXHSBAgAABAgQIECBAIC9guORfJCABAgQIECBAgAABAoaLDhAgQIAAAQIECBAgkBcwXPIvEpAAAQIECBAgQIAAAcNFBwgQIECAAAECBAgQyAsYLvkXCUiAAAECBAgQIECAgOGiAwQIECBAgAABAgQI5AUMl/yLBCRAgAABAgQIECBAwHDRAQIECBAgQIAAAQIE8gKGS/5FAhIgQIAAAQIECBAgYLjoAAECBAgQIECAAAECeQHDJf8iAQkQIECAAAECBAgQMFx0gAABAgQIECBAgACBvIDhkn+RgAQIECBAgAABAgQIGC46QIAAAQIECBAgQIBAXsBwyb9IQAIECBAgQIAAAQIEDBcdIECAAAECBAgQIEAgL2C45F8kIAECBAgQIECAAAEChosOECBAgAABAgQIECCQFzBc8i8SkAABAgQIECBAgAABw0UHCBAgQIAAAQIECBDICxgu+RcJSIAAAQIECBAgQICA4aIDBAgQIECAAAECBAjkBQyX/IsEJECAAAECBAgQIEDAcNEBAgQIECBAgAABAgTyAoZL/kUCEiBAgAABAgQIECBguOgAAQIECBAgQIAAAQJ5AcMl/yIBCRAgQIAAAQIECBAwXHSAAAECBAgQIECAAIG8gOGSf5GABAgQIECAAAECBAgYLjpAgAABAgQIECBAgEBewHDJv0hAAgQIECBAgAABAgQMFx0gQIAAAQIECBAgQCAvYLjkXyQgAQIECBAgQIAAAQKGiw4QIECAAAECBAgQIJAXMFzyLxKQAAECBAgQIECAAAHDRQcIECBAgAABAgQIEMgLGC75FwlIgAABAgQIECBAgIDhogMECBAgQIAAAQIECOQFDJf8iwQkQIAAAQIECBAgQMBw0QECBAgQIECAAAECBPIChkv+RQISIECAAAECBAgQIGC46AABAgQIECBAgAABAnkBwyX/IgEJECBAgAABAgQIEDBcdIAAAQIECBAgQIAAgbyA4ZJ/kYAECBAgQIAAAQIECBguOkCAAAECBAgQIECAQF7AcMm/SEACBAgQIECAAAECBAwXHSBAgAABAgQIECBAIC9guORfJCABAgQIECBAgAABAoaLDhAgQIAAAQIECBAgkBcwXPIvEpAAAQIECBAgQIAAAcNFBwgQIECAAAECBAgQyAsYLvkXCUiAAAECBAgQIECAgOGiAwQIECBAgAABAgQI5AUMl/yLBCRAgAABAgQIECBAwHDRAQIECBAgQIAAAQIE8gKGS/5FAhIgQIAAAQIECBAgYLjoAAECBAgQIECAAAECeQHDJf8iAQkQIECAAAECBAgQMFx0gAABAgQIECBAgACBvIDhkn+RgAQIECBAgAABAgQIGC46QIAAAQIECBAgQIBAXsBwyb9IQAIECBAgQIAAAQIEDBcdIECAAAECBAgQIEAgL2C45F8kIAECBAgQIECAAAEChosOECBAgAABAgQIECCQFzBc8i8SkAABAgQIECBAgAABw0UHCBAgQIAAAQIECBDICxgu+RcJSIAAAQIECBAgQICA4aIDBAgQIECAAAECBAjkBQyX/IsEJECAAAECBAgQIEDAcNEBAgQIECBAgAABAgTyAoZL/kUCEiBAgAABAgQIECBguOgAAQIECBAgQIAAAQJ5AcMl/yIBCRAgQIAAAQIECBAwXHSAAAECBAgQIECAAIG8gOGSf5GABAgQIECAAAECBAgYLjpAgAABAgQIECBAgEBewHDJv0hAAgQIECBAgAABAgQMFx0gQIAAAQIECBAgQCAvYLjkXyQgAQIECBAgQIAAAQKGiw4QIECAAAECBAgQIJAXMFzyLxKQAAECBAgQIECAAAHDRQcIECBAgAABAgQIEMgLPFZIAqxw3SIWAAAAAElFTkSuQmCC','/static/json/6f0ec8d9-782a-445f-a5f5-8fdb49498db9_experiment.json'),(27,'2','physics','2','medium','',NULL,'2025-07-09 23:08:58','2025-07-09 23:11:06','draft',NULL,NULL,NULL,'unpublished',NULL,'a','individual','','','','',NULL,'{\"gravity\": 9.8, \"friction\": 0.3, \"elasticity\": 0.8, \"simulationSpeed\": 1}','data:image/png;base64,iVBORw0KGgoAAAANSUhEUgAAAy4AAAKrCAYAAAAXudl0AAAAAXNSR0IArs4c6QAAIABJREFUeF7t1zERAAAMArHi33Rt/JAq4FIWdo4AAQIECBAgQIAAAQJxgcXziUeAAAECBAgQIECAAIEzXJSAAAECBAgQIECAAIG8gOGSf5GABAgQIECAAAECBAgYLjpAgAABAgQIECBAgEBewHDJv0hAAgQIECBAgAABAgQMFx0gQIAAAQIECBAgQCAvYLjkXyQgAQIECBAgQIAAAQKGiw4QIECAAAECBAgQIJAXMFzyLxKQAAECBAgQIECAAAHDRQcIECBAgAABAgQIEMgLGC75FwlIgAABAgQIECBAgIDhogMECBAgQIAAAQIECOQFDJf8iwQkQIAAAQIECBAgQMBw0QECBAgQIECAAAECBPIChkv+RQISIECAAAECBAgQIGC46AABAgQIECBAgAABAnkBwyX/IgEJECBAgAABAgQIEDBcdIAAAQIECBAgQIAAgbyA4ZJ/kYAECBAgQIAAAQIECBguOkCAAAECBAgQIECAQF7AcMm/SEACBAgQIECAAAECBAwXHSBAgAABAgQIECBAIC9guORfJCABAgQIECBAgAABAoaLDhAgQIAAAQIECBAgkBcwXPIvEpAAAQIECBAgQIAAAcNFBwgQIECAAAECBAgQyAsYLvkXCUiAAAECBAgQIECAgOGiAwQIECBAgAABAgQI5AUMl/yLBCRAgAABAgQIECBAwHDRAQIECBAgQIAAAQIE8gKGS/5FAhIgQIAAAQIECBAgYLjoAAECBAgQIECAAAECeQHDJf8iAQkQIECAAAECBAgQMFx0gAABAgQIECBAgACBvIDhkn+RgAQIECBAgAABAgQIGC46QIAAAQIECBAgQIBAXsBwyb9IQAIECBAgQIAAAQIEDBcdIECAAAECBAgQIEAgL2C45F8kIAECBAgQIECAAAEChosOECBAgAABAgQIECCQFzBc8i8SkAABAgQIECBAgAABw0UHCBAgQIAAAQIECBDICxgu+RcJSIAAAQIECBAgQICA4aIDBAgQIECAAAECBAjkBQyX/IsEJECAAAECBAgQIEDAcNEBAgQIECBAgAABAgTyAoZL/kUCEiBAgAABAgQIECBguOgAAQIECBAgQIAAAQJ5AcMl/yIBCRAgQIAAAQIECBAwXHSAAAECBAgQIECAAIG8gOGSf5GABAgQIECAAAECBAgYLjpAgAABAgQIECBAgEBewHDJv0hAAgQIECBAgAABAgQMFx0gQIAAAQIECBAgQCAvYLjkXyQgAQIECBAgQIAAAQKGiw4QIECAAAECBAgQIJAXMFzyLxKQAAECBAgQIECAAAHDRQcIECBAgAABAgQIEMgLGC75FwlIgAABAgQIECBAgIDhogMECBAgQIAAAQIECOQFDJf8iwQkQIAAAQIECBAgQMBw0QECBAgQIECAAAECBPIChkv+RQISIECAAAECBAgQIGC46AABAgQIECBAgAABAnkBwyX/IgEJECBAgAABAgQIEDBcdIAAAQIECBAgQIAAgbyA4ZJ/kYAECBAgQIAAAQIECBguOkCAAAECBAgQIECAQF7AcMm/SEACBAgQIECAAAECBAwXHSBAgAABAgQIECBAIC9guORfJCABAgQIECBAgAABAoaLDhAgQIAAAQIECBAgkBcwXPIvEpAAAQIECBAgQIAAAcNFBwgQIECAAAECBAgQyAsYLvkXCUiAAAECBAgQIECAgOGiAwQIECBAgAABAgQI5AUMl/yLBCRAgAABAgQIECBAwHDRAQIECBAgQIAAAQIE8gKGS/5FAhIgQIAAAQIECBAgYLjoAAECBAgQIECAAAECeQHDJf8iAQkQIECAAAECBAgQMFx0gAABAgQIECBAgACBvIDhkn+RgAQIECBAgAABAgQIGC46QIAAAQIECBAgQIBAXsBwyb9IQAIECBAgQIAAAQIEDBcdIECAAAECBAgQIEAgL2C45F8kIAECBAgQIECAAAEChosOECBAgAABAgQIECCQFzBc8i8SkAABAgQIECBAgAABw0UHCBAgQIAAAQIECBDICxgu+RcJSIAAAQIECBAgQICA4aIDBAgQIECAAAECBAjkBQyX/IsEJECAAAECBAgQIEDAcNEBAgQIECBAgAABAgTyAoZL/kUCEiBAgAABAgQIECBguOgAAQIECBAgQIAAAQJ5AcMl/yIBCRAgQIAAAQIECBAwXHSAAAECBAgQIECAAIG8gOGSf5GABAgQIECAAAECBAgYLjpAgAABAgQIECBAgEBewHDJv0hAAgQIECBAgAABAgQMFx0gQIAAAQIECBAgQCAvYLjkXyQgAQIECBAgQIAAAQKGiw4QIECAAAECBAgQIJAXMFzyLxKQAAECBAgQIECAAAHDRQcIECBAgAABAgQIEMgLGC75FwlIgAABAgQIECBAgIDhogMECBAgQIAAAQIECOQFDJf8iwQkQIAAAQIECBAgQMBw0QECBAgQIECAAAECBPIChkv+RQISIECAAAECBAgQIGC46AABAgQIECBAgAABAnkBwyX/IgEJECBAgAABAgQIEDBcdIAAAQIECBAgQIAAgbyA4ZJ/kYAECBAgQIAAAQIECBguOkCAAAECBAgQIECAQF7AcMm/SEACBAgQIECAAAECBAwXHSBAgAABAgQIECBAIC9guORfJCABAgQIECBAgAABAoaLDhAgQIAAAQIECBAgkBcwXPIvEpAAAQIECBAgQIAAAcNFBwgQIECAAAECBAgQyAsYLvkXCUiAAAECBAgQIECAgOGiAwQIECBAgAABAgQI5AUMl/yLBCRAgAABAgQIECBAwHDRAQIECBAgQIAAAQIE8gKGS/5FAhIgQIAAAQIECBAgYLjoAAECBAgQIECAAAECeQHDJf8iAQkQIECAAAECBAgQMFx0gAABAgQIECBAgACBvIDhkn+RgAQIECBAgAABAgQIGC46QIAAAQIECBAgQIBAXsBwyb9IQAIECBAgQIAAAQIEDBcdIECAAAECBAgQIEAgL2C45F8kIAECBAgQIECAAAEChosOECBAgAABAgQIECCQFzBc8i8SkAABAgQIECBAgAABw0UHCBAgQIAAAQIECBDICxgu+RcJSIAAAQIECBAgQICA4aIDBAgQIECAAAECBAjkBQyX/IsEJECAAAECBAgQIEDAcNEBAgQIECBAgAABAgTyAoZL/kUCEiBAgAABAgQIECBguOgAAQIECBAgQIAAAQJ5AcMl/yIBCRAgQIAAAQIECBAwXHSAAAECBAgQIECAAIG8gOGSf5GABAgQIECAAAECBAgYLjpAgAABAgQIECBAgEBewHDJv0hAAgQIECBAgAABAgQMFx0gQIAAAQIECBAgQCAvYLjkXyQgAQIECBAgQIAAAQKGiw4QIECAAAECBAgQIJAXMFzyLxKQAAECBAgQIECAAAHDRQcIECBAgAABAgQIEMgLGC75FwlIgAABAgQIECBAgIDhogMECBAgQIAAAQIECOQFDJf8iwQkQIAAAQIECBAgQMBw0QECBAgQIECAAAECBPIChkv+RQISIECAAAECBAgQIGC46AABAgQIECBAgAABAnkBwyX/IgEJECBAgAABAgQIEDBcdIAAAQIECBAgQIAAgbyA4ZJ/kYAECBAgQIAAAQIECBguOkCAAAECBAgQIECAQF7AcMm/SEACBAgQIECAAAECBAwXHSBAgAABAgQIECBAIC9guORfJCABAgQIECBAgAABAoaLDhAgQIAAAQIECBAgkBcwXPIvEpAAAQIECBAgQIAAAcNFBwgQIECAAAECBAgQyAsYLvkXCUiAAAECBAgQIECAgOGiAwQIECBAgAABAgQI5AUMl/yLBCRAgAABAgQIECBAwHDRAQIECBAgQIAAAQIE8gKGS/5FAhIgQIAAAQIECBAgYLjoAAECBAgQIECAAAECeQHDJf8iAQkQIECAAAECBAgQMFx0gAABAgQIECBAgACBvIDhkn+RgAQIECBAgAABAgQIGC46QIAAAQIECBAgQIBAXsBwyb9IQAIECBAgQIAAAQIEDBcdIECAAAECBAgQIEAgL2C45F8kIAECBAgQIECAAAEChosOECBAgAABAgQIECCQFzBc8i8SkAABAgQIECBAgAABw0UHCBAgQIAAAQIECBDICxgu+RcJSIAAAQIECBAgQICA4aIDBAgQIECAAAECBAjkBQyX/IsEJECAAAECBAgQIEDAcNEBAgQIECBAgAABAgTyAoZL/kUCEiBAgAABAgQIECBguOgAAQIECBAgQIAAAQJ5AcMl/yIBCRAgQIAAAQIECBAwXHSAAAECBAgQIECAAIG8gOGSf5GABAgQIECAAAECBAgYLjpAgAABAgQIECBAgEBewHDJv0hAAgQIECBAgAABAgQMFx0gQIAAAQIECBAgQCAvYLjkXyQgAQIECBAgQIAAAQKGiw4QIECAAAECBAgQIJAXMFzyLxKQAAECBAgQIECAAAHDRQcIECBAgAABAgQIEMgLGC75FwlIgAABAgQIECBAgIDhogMECBAgQIAAAQIECOQFDJf8iwQkQIAAAQIECBAgQMBw0QECBAgQIECAAAECBPIChkv+RQISIECAAAECBAgQIGC46AABAgQIECBAgAABAnkBwyX/IgEJECBAgAABAgQIEDBcdIAAAQIECBAgQIAAgbyA4ZJ/kYAECBAgQIAAAQIECBguOkCAAAECBAgQIECAQF7AcMm/SEACBAgQIECAAAECBAwXHSBAgAABAgQIECBAIC9guORfJCABAgQIECBAgAABAoaLDhAgQIAAAQIECBAgkBcwXPIvEpAAAQIECBAgQIAAAcNFBwgQIECAAAECBAgQyAsYLvkXCUiAAAECBAgQIECAgOGiAwQIECBAgAABAgQI5AUMl/yLBCRAgAABAgQIECBAwHDRAQIECBAgQIAAAQIE8gKGS/5FAhIgQIAAAQIECBAgYLjoAAECBAgQIECAAAECeQHDJf8iAQkQIECAAAECBAgQMFx0gAABAgQIECBAgACBvIDhkn+RgAQIECBAgAABAgQIGC46QIAAAQIECBAgQIBAXsBwyb9IQAIECBAgQIAAAQIEDBcdIECAAAECBAgQIEAgL2C45F8kIAECBAgQIECAAAEChosOECBAgAABAgQIECCQFzBc8i8SkAABAgQIECBAgAABw0UHCBAgQIAAAQIECBDICxgu+RcJSIAAAQIECBAgQICA4aIDBAgQIECAAAECBAjkBQyX/IsEJECAAAECBAgQIEDAcNEBAgQIECBAgAABAgTyAoZL/kUCEiBAgAABAgQIECBguOgAAQIECBAgQIAAAQJ5AcMl/yIBCRAgQIAAAQIECBAwXHSAAAECBAgQIECAAIG8gOGSf5GABAgQIECAAAECBAgYLjpAgAABAgQIECBAgEBewHDJv0hAAgQIECBAgAABAgQMFx0gQIAAAQIECBAgQCAvYLjkXyQgAQIECBAgQIAAAQKGiw4QIECAAAECBAgQIJAXMFzyLxKQAAECBAgQIECAAAHDRQcIECBAgAABAgQIEMgLGC75FwlIgAABAgQIECBAgIDhogMECBAgQIAAAQIECOQFDJf8iwQkQIAAAQIECBAgQMBw0QECBAgQIECAAAECBPIChkv+RQISIECAAAECBAgQIGC46AABAgQIECBAgAABAnkBwyX/IgEJECBAgAABAgQIEDBcdIAAAQIECBAgQIAAgbyA4ZJ/kYAECBAgQIAAAQIECBguOkCAAAECBAgQIECAQF7AcMm/SEACBAgQIECAAAECBAwXHSBAgAABAgQIECBAIC9guORfJCABAgQIECBAgAABAoaLDhAgQIAAAQIECBAgkBcwXPIvEpAAAQIECBAgQIAAAcNFBwgQIECAAAECBAgQyAsYLvkXCUiAAAECBAgQIECAgOGiAwQIECBAgAABAgQI5AUMl/yLBCRAgAABAgQIECBAwHDRAQIECBAgQIAAAQIE8gKGS/5FAhIgQIAAAQIECBAgYLjoAAECBAgQIECAAAECeQHDJf8iAQkQIECAAAECBAgQMFx0gAABAgQIECBAgACBvIDhkn+RgAQIECBAgAABAgQIGC46QIAAAQIECBAgQIBAXsBwyb9IQAIECBAgQIAAAQIEDBcdIECAAAECBAgQIEAgL2C45F8kIAECBAgQIECAAAEChosOECBAgAABAgQIECCQFzBc8i8SkAABAgQIECBAgAABw0UHCBAgQIAAAQIECBDICxgu+RcJSIAAAQIECBAgQICA4aIDBAgQIECAAAECBAjkBQyX/IsEJECAAAECBAgQIEDAcNEBAgQIECBAgAABAgTyAoZL/kUCEiBAgAABAgQIECBguOgAAQIECBAgQIAAAQJ5AcMl/yIBCRAgQIAAAQIECBAwXHSAAAECBAgQIECAAIG8gOGSf5GABAgQIECAAAECBAgYLjpAgAABAgQIECBAgEBewHDJv0hAAgQIECBAgAABAgQMFx0gQIAAAQIECBAgQCAvYLjkXyQgAQIECBAgQIAAAQKGiw4QIECAAAECBAgQIJAXMFzyLxKQAAECBAgQIECAAAHDRQcIECBAgAABAgQIEMgLGC75FwlIgAABAgQIECBAgIDhogMECBAgQIAAAQIECOQFDJf8iwQkQIAAAQIECBAgQMBw0QECBAgQIECAAAECBPIChkv+RQISIECAAAECBAgQIGC46AABAgQIECBAgAABAnkBwyX/IgEJECBAgAABAgQIEDBcdIAAAQIECBAgQIAAgbyA4ZJ/kYAECBAgQIAAAQIECBguOkCAAAECBAgQIECAQF7AcMm/SEACBAgQIECAAAECBAwXHSBAgAABAgQIECBAIC9guORfJCABAgQIECBAgAABAoaLDhAgQIAAAQIECBAgkBcwXPIvEpAAAQIECBAgQIAAAcNFBwgQIECAAAECBAgQyAsYLvkXCUiAAAECBAgQIECAgOGiAwQIECBAgAABAgQI5AUMl/yLBCRAgAABAgQIECBAwHDRAQIECBAgQIAAAQIE8gKGS/5FAhIgQIAAAQIECBAgYLjoAAECBAgQIECAAAECeQHDJf8iAQkQIECAAAECBAgQMFx0gAABAgQIECBAgACBvIDhkn+RgAQIECBAgAABAgQIGC46QIAAAQIECBAgQIBAXsBwyb9IQAIECBAgQIAAAQIEDBcdIECAAAECBAgQIEAgL2C45F8kIAECBAgQIECAAAEChosOECBAgAABAgQIECCQFzBc8i8SkAABAgQIECBAgAABw0UHCBAgQIAAAQIECBDICxgu+RcJSIAAAQIECBAgQICA4aIDBAgQIECAAAECBAjkBQyX/IsEJECAAAECBAgQIEDAcNEBAgQIECBAgAABAgTyAoZL/kUCEiBAgAABAgQIECBguOgAAQIECBAgQIAAAQJ5AcMl/yIBCRAgQIAAAQIECBAwXHSAAAECBAgQIECAAIG8gOGSf5GABAgQIECAAAECBAgYLjpAgAABAgQIECBAgEBewHDJv0hAAgQIECBAgAABAgQMFx0gQIAAAQIECBAgQCAvYLjkXyQgAQIECBAgQIAAAQKGiw4QIECAAAECBAgQIJAXMFzyLxKQAAECBAgQIECAAAHDRQcIECBAgAABAgQIEMgLGC75FwlIgAABAgQIECBAgIDhogMECBAgQIAAAQIECOQFDJf8iwQkQIAAAQIECBAgQMBw0QECBAgQIECAAAECBPIChkv+RQISIECAAAECBAgQIGC46AABAgQIECBAgAABAnkBwyX/IgEJECBAgAABAgQIEDBcdIAAAQIECBAgQIAAgbyA4ZJ/kYAECBAgQIAAAQIECBguOkCAAAECBAgQIECAQF7AcMm/SEACBAgQIECAAAECBAwXHSBAgAABAgQIECBAIC9guORfJCABAgQIECBAgAABAoaLDhAgQIAAAQIECBAgkBcwXPIvEpAAAQIECBAgQIAAAcNFBwgQIECAAAECBAgQyAsYLvkXCUiAAAECBAgQIECAgOGiAwQIECBAgAABAgQI5AUMl/yLBCRAgAABAgQIECBAwHDRAQIECBAgQIAAAQIE8gKGS/5FAhIgQIAAAQIECBAgYLjoAAECBAgQIECAAAECeQHDJf8iAQkQIECAAAECBAgQMFx0gAABAgQIECBAgACBvIDhkn+RgAQIECBAgAABAgQIGC46QIAAAQIECBAgQIBAXsBwyb9IQAIECBAgQIAAAQIEDBcdIECAAAECBAgQIEAgL2C45F8kIAECBAgQIECAAAEChosOECBAgAABAgQIECCQFzBc8i8SkAABAgQIECBAgAABw0UHCBAgQIAAAQIECBDICxgu+RcJSIAAAQIECBAgQICA4aIDBAgQIECAAAECBAjkBQyX/IsEJECAAAECBAgQIEDAcNEBAgQIECBAgAABAgTyAoZL/kUCEiBAgAABAgQIECBguOgAAQIECBAgQIAAAQJ5AcMl/yIBCRAgQIAAAQIECBAwXHSAAAECBAgQIECAAIG8gOGSf5GABAgQIECAAAECBAgYLjpAgAABAgQIECBAgEBewHDJv0hAAgQIECBAgAABAgQMFx0gQIAAAQIECBAgQCAvYLjkXyQgAQIECBAgQIAAAQKGiw4QIECAAAECBAgQIJAXMFzyLxKQAAECBAgQIECAAAHDRQcIECBAgAABAgQIEMgLGC75FwlIgAABAgQIECBAgIDhogMECBAgQIAAAQIECOQFDJf8iwQkQIAAAQIECBAgQMBw0QECBAgQIECAAAECBPIChkv+RQISIECAAAECBAgQIGC46AABAgQIECBAgAABAnkBwyX/IgEJECBAgAABAgQIEDBcdIAAAQIECBAgQIAAgbyA4ZJ/kYAECBAgQIAAAQIECBguOkCAAAECBAgQIECAQF7AcMm/SEACBAgQIECAAAECBAwXHSBAgAABAgQIECBAIC9guORfJCABAgQIECBAgAABAoaLDhAgQIAAAQIECBAgkBcwXPIvEpAAAQIECBAgQIAAAcNFBwgQIECAAAECBAgQyAsYLvkXCUiAAAECBAgQIECAgOGiAwQIECBAgAABAgQI5AUMl/yLBCRAgAABAgQIECBAwHDRAQIECBAgQIAAAQIE8gKGS/5FAhIgQIAAAQIECBAgYLjoAAECBAgQIECAAAECeQHDJf8iAQkQIECAAAECBAgQMFx0gAABAgQIECBAgACBvIDhkn+RgAQIECBAgAABAgQIGC46QIAAAQIECBAgQIBAXsBwyb9IQAIECBAgQIAAAQIEDBcdIECAAAECBAgQIEAgL2C45F8kIAECBAgQIECAAAEChosOECBAgAABAgQIECCQFzBc8i8SkAABAgQIECBAgAABw0UHCBAgQIAAAQIECBDICxgu+RcJSIAAAQIECBAgQICA4aIDBAgQIECAAAECBAjkBQyX/IsEJECAAAECBAgQIEDAcNEBAgQIECBAgAABAgTyAoZL/kUCEiBAgAABAgQIECBguOgAAQIECBAgQIAAAQJ5AcMl/yIBCRAgQIAAAQIECBAwXHSAAAECBAgQIECAAIG8gOGSf5GABAgQIECAAAECBAgYLjpAgAABAgQIECBAgEBewHDJv0hAAgQIECBAgAABAgQMFx0gQIAAAQIECBAgQCAvYLjkXyQgAQIECBAgQIAAAQKGiw4QIECAAAECBAgQIJAXMFzyLxKQAAECBAgQIECAAAHDRQcIECBAgAABAgQIEMgLGC75FwlIgAABAgQIECBAgIDhogMECBAgQIAAAQIECOQFDJf8iwQkQIAAAQIECBAgQMBw0QECBAgQIECAAAECBPIChkv+RQISIECAAAECBAgQIGC46AABAgQIECBAgAABAnkBwyX/IgEJECBAgAABAgQIEDBcdIAAAQIECBAgQIAAgbyA4ZJ/kYAECBAgQIAAAQIECBguOkCAAAECBAgQIECAQF7AcMm/SEACBAgQIECAAAECBAwXHSBAgAABAgQIECBAIC9guORfJCABAgQIECBAgAABAoaLDhAgQIAAAQIECBAgkBcwXPIvEpAAAQIECBAgQIAAAcNFBwgQIECAAAECBAgQyAsYLvkXCUiAAAECBAgQIECAgOGiAwQIECBAgAABAgQI5AUMl/yLBCRAgAABAgQIECBAwHDRAQIECBAgQIAAAQIE8gKGS/5FAhIgQIAAAQIECBAgYLjoAAECBAgQIECAAAECeQHDJf8iAQkQIECAAAECBAgQMFx0gAABAgQIECBAgACBvIDhkn+RgAQIECBAgAABAgQIGC46QIAAAQIECBAgQIBAXsBwyb9IQAIECBAgQIAAAQIEDBcdIECAAAECBAgQIEAgL2C45F8kIAECBAgQIECAAAEChosOECBAgAABAgQIECCQFzBc8i8SkAABAgQIECBAgAABw0UHCBAgQIAAAQIECBDICxgu+RcJSIAAAQIECBAgQICA4aIDBAgQIECAAAECBAjkBQyX/IsEJECAAAECBAgQIEDAcNEBAgQIECBAgAABAgTyAoZL/kUCEiBAgAABAgQIECBguOgAAQIECBAgQIAAAQJ5AcMl/yIBCRAgQIAAAQIECBAwXHSAAAECBAgQIECAAIG8gOGSf5GABAgQIECAAAECBAgYLjpAgAABAgQIECBAgEBewHDJv0hAAgQIECBAgAABAgQMFx0gQIAAAQIECBAgQCAvYLjkXyQgAQIECBAgQIAAAQKGiw4QIECAAAECBAgQIJAXMFzyLxKQAAECBAgQIECAAAHDRQcIECBAgAABAgQIEMgLGC75FwlIgAABAgQIECBAgIDhogMECBAgQIAAAQIECOQFDJf8iwQkQIAAAQIECBAgQMBw0QECBAgQIECAAAECBPIChkv+RQISIECAAAECBAgQIGC46AABAgQIECBAgAABAnkBwyVsWIdbAAAL9ElEQVT/IgEJECBAgAABAgQIEDBcdIAAAQIECBAgQIAAgbyA4ZJ/kYAECBAgQIAAAQIECBguOkCAAAECBAgQIECAQF7AcMm/SEACBAgQIECAAAECBAwXHSBAgAABAgQIECBAIC9guORfJCABAgQIECBAgAABAoaLDhAgQIAAAQIECBAgkBcwXPIvEpAAAQIECBAgQIAAAcNFBwgQIECAAAECBAgQyAsYLvkXCUiAAAECBAgQIECAgOGiAwQIECBAgAABAgQI5AUMl/yLBCRAgAABAgQIECBAwHDRAQIECBAgQIAAAQIE8gKGS/5FAhIgQIAAAQIECBAgYLjoAAECBAgQIECAAAECeQHDJf8iAQkQIECAAAECBAgQMFx0gAABAgQIECBAgACBvIDhkn+RgAQIECBAgAABAgQIGC46QIAAAQIECBAgQIBAXsBwyb9IQAIECBAgQIAAAQIEDBcdIECAAAECBAgQIEAgL2C45F8kIAECBAgQIECAAAEChosOECBAgAABAgQIECCQFzBc8i8SkAABAgQIECBAgAABw0UHCBAgQIAAAQIECBDICxgu+RcJSIAAAQIECBAgQICA4aIDBAgQIECAAAECBAjkBQyX/IsEJECAAAECBAgQIEDAcNEBAgQIECBAgAABAgTyAoZL/kUCEiBAgAABAgQIECBguOgAAQIECBAgQIAAAQJ5AcMl/yIBCRAgQIAAAQIECBAwXHSAAAECBAgQIECAAIG8gOGSf5GABAgQIECAAAECBAgYLjpAgAABAgQIECBAgEBewHDJv0hAAgQIECBAgAABAgQMFx0gQIAAAQIECBAgQCAvYLjkXyQgAQIECBAgQIAAAQKGiw4QIECAAAECBAgQIJAXMFzyLxKQAAECBAgQIECAAAHDRQcIECBAgAABAgQIEMgLGC75FwlIgAABAgQIECBAgIDhogMECBAgQIAAAQIECOQFDJf8iwQkQIAAAQIECBAgQMBw0QECBAgQIECAAAECBPIChkv+RQISIECAAAECBAgQIGC46AABAgQIECBAgAABAnkBwyX/IgEJECBAgAABAgQIEDBcdIAAAQIECBAgQIAAgbyA4ZJ/kYAECBAgQIAAAQIECBguOkCAAAECBAgQIECAQF7AcMm/SEACBAgQIECAAAECBAwXHSBAgAABAgQIECBAIC9guORfJCABAgQIECBAgAABAoaLDhAgQIAAAQIECBAgkBcwXPIvEpAAAQIECBAgQIAAAcNFBwgQIECAAAECBAgQyAsYLvkXCUiAAAECBAgQIECAgOGiAwQIECBAgAABAgQI5AUMl/yLBCRAgAABAgQIECBAwHDRAQIECBAgQIAAAQIE8gKGS/5FAhIgQIAAAQIECBAgYLjoAAECBAgQIECAAAECeQHDJf8iAQkQIECAAAECBAgQMFx0gAABAgQIECBAgACBvIDhkn+RgAQIECBAgAABAgQIGC46QIAAAQIECBAgQIBAXsBwyb9IQAIECBAgQIAAAQIEDBcdIECAAAECBAgQIEAgL2C45F8kIAECBAgQIECAAAEChosOECBAgAABAgQIECCQFzBc8i8SkAABAgQIECBAgAABw0UHCBAgQIAAAQIECBDICxgu+RcJSIAAAQIECBAgQICA4aIDBAgQIECAAAECBAjkBQyX/IsEJECAAAECBAgQIEDAcNEBAgQIECBAgAABAgTyAoZL/kUCEiBAgAABAgQIECBguOgAAQIECBAgQIAAAQJ5AcMl/yIBCRAgQIAAAQIECBAwXHSAAAECBAgQIECAAIG8gOGSf5GABAgQIECAAAECBAgYLjpAgAABAgQIECBAgEBewHDJv0hAAgQIECBAgAABAgQMFx0gQIAAAQIECBAgQCAvYLjkXyQgAQIECBAgQIAAAQKGiw4QIECAAAECBAgQIJAXMFzyLxKQAAECBAgQIECAAAHDRQcIECBAgAABAgQIEMgLGC75FwlIgAABAgQIECBAgIDhogMECBAgQIAAAQIECOQFDJf8iwQkQIAAAQIECBAgQMBw0QECBAgQIECAAAECBPIChkv+RQISIECAAAECBAgQIGC46AABAgQIECBAgAABAnkBwyX/IgEJECBAgAABAgQIEDBcdIAAAQIECBAgQIAAgbyA4ZJ/kYAECBAgQIAAAQIECBguOkCAAAECBAgQIECAQF7AcMm/SEACBAgQIECAAAECBAwXHSBAgAABAgQIECBAIC9guORfJCABAgQIECBAgAABAoaLDhAgQIAAAQIECBAgkBcwXPIvEpAAAQIECBAgQIAAAcNFBwgQIECAAAECBAgQyAsYLvkXCUiAAAECBAgQIECAgOGiAwQIECBAgAABAgQI5AUMl/yLBCRAgAABAgQIECBAwHDRAQIECBAgQIAAAQIE8gKGS/5FAhIgQIAAAQIECBAgYLjoAAECBAgQIECAAAECeQHDJf8iAQkQIECAAAECBAgQMFx0gAABAgQIECBAgACBvIDhkn+RgAQIECBAgAABAgQIGC46QIAAAQIECBAgQIBAXsBwyb9IQAIECBAgQIAAAQIEDBcdIECAAAECBAgQIEAgL2C45F8kIAECBAgQIECAAAEChosOECBAgAABAgQIECCQFzBc8i8SkAABAgQIECBAgAABw0UHCBAgQIAAAQIECBDICxgu+RcJSIAAAQIECBAgQICA4aIDBAgQIECAAAECBAjkBQyX/IsEJECAAAECBAgQIEDAcNEBAgQIECBAgAABAgTyAoZL/kUCEiBAgAABAgQIECBguOgAAQIECBAgQIAAAQJ5AcMl/yIBCRAgQIAAAQIECBAwXHSAAAECBAgQIECAAIG8gOGSf5GABAgQIECAAAECBAgYLjpAgAABAgQIECBAgEBewHDJv0hAAgQIECBAgAABAgQMFx0gQIAAAQIECBAgQCAvYLjkXyQgAQIECBAgQIAAAQKGiw4QIECAAAECBAgQIJAXMFzyLxKQAAECBAgQIECAAAHDRQcIECBAgAABAgQIEMgLGC75FwlIgAABAgQIECBAgIDhogMECBAgQIAAAQIECOQFDJf8iwQkQIAAAQIECBAgQMBw0QECBAgQIECAAAECBPIChkv+RQISIECAAAECBAgQIGC46AABAgQIECBAgAABAnkBwyX/IgEJECBAgAABAgQIEDBcdIAAAQIECBAgQIAAgbyA4ZJ/kYAECBAgQIAAAQIECBguOkCAAAECBAgQIECAQF7AcMm/SEACBAgQIECAAAECBAwXHSBAgAABAgQIECBAIC9guORfJCABAgQIECBAgAABAoaLDhAgQIAAAQIECBAgkBcwXPIvEpAAAQIECBAgQIAAAcNFBwgQIECAAAECBAgQyAsYLvkXCUiAAAECBAgQIECAgOGiAwQIECBAgAABAgQI5AUMl/yLBCRAgAABAgQIECBAwHDRAQIECBAgQIAAAQIE8gKGS/5FAhIgQIAAAQIECBAgYLjoAAECBAgQIECAAAECeQHDJf8iAQkQIECAAAECBAgQMFx0gAABAgQIECBAgACBvIDhkn+RgAQIECBAgAABAgQIGC46QIAAAQIECBAgQIBAXsBwyb9IQAIECBAgQIAAAQIEDBcdIECAAAECBAgQIEAgL2C45F8kIAECBAgQIECAAAEChosOECBAgAABAgQIECCQFzBc8i8SkAABAgQIECBAgAABw0UHCBAgQIAAAQIECBDICxgu+RcJSIAAAQIECBAgQICA4aIDBAgQIECAAAECBAjkBQyX/IsEJECAAAECBAgQIEDAcNEBAgQIECBAgAABAgTyAoZL/kUCEiBAgAABAgQIECBguOgAAQIECBAgQIAAAQJ5AcMl/yIBCRAgQIAAAQIECBAwXHSAAAECBAgQIECAAIG8gOGSf5GABAgQIECAAAECBAgYLjpAgAABAgQIECBAgEBewHDJv0hAAgQIECBAgAABAgQMFx0gQIAAAQIECBAgQCAvYLjkXyQgAQIECBAgQIAAAQKGiw4QIECAAAECBAgQIJAXMFzyLxKQAAECBAgQIECAAAHDRQcIECBAgAABAgQIEMgLPFZIAqxw3SIWAAAAAElFTkSuQmCC','/static/json/cdcce8f4-8b9d-493e-a3ea-6fdfadd7095c_experiment.json'),(28,'2','physics','2','medium','',NULL,'2025-07-09 23:09:10','2025-07-10 00:10:54','draft',NULL,NULL,NULL,'unpublished',NULL,'a','individual','','','','',NULL,'{\"gravity\": 9.8, \"friction\": 0.3, \"elasticity\": 0.8, \"simulationSpeed\": 1}','data:image/png;base64,iVBORw0KGgoAAAANSUhEUgAAAy4AAAKrCAYAAAAXudl0AAAAAXNSR0IArs4c6QAAIABJREFUeF7t1zERAAAMArHi33Rt/JAq4FIWdo4AAQIECBAgQIAAAQJxgcXziUeAAAECBAgQIECAAIEzXJSAAAECBAgQIECAAIG8gOGSf5GABAgQIECAAAECBAgYLjpAgAABAgQIECBAgEBewHDJv0hAAgQIECBAgAABAgQMFx0gQIAAAQIECBAgQCAvYLjkXyQgAQIECBAgQIAAAQKGiw4QIECAAAECBAgQIJAXMFzyLxKQAAECBAgQIECAAAHDRQcIECBAgAABAgQIEMgLGC75FwlIgAABAgQIECBAgIDhogMECBAgQIAAAQIECOQFDJf8iwQkQIAAAQIECBAgQMBw0QECBAgQIECAAAECBPIChkv+RQISIECAAAECBAgQIGC46AABAgQIECBAgAABAnkBwyX/IgEJECBAgAABAgQIEDBcdIAAAQIECBAgQIAAgbyA4ZJ/kYAECBAgQIAAAQIECBguOkCAAAECBAgQIECAQF7AcMm/SEACBAgQIECAAAECBAwXHSBAgAABAgQIECBAIC9guORfJCABAgQIECBAgAABAoaLDhAgQIAAAQIECBAgkBcwXPIvEpAAAQIECBAgQIAAAcNFBwgQIECAAAECBAgQyAsYLvkXCUiAAAECBAgQIECAgOGiAwQIECBAgAABAgQI5AUMl/yLBCRAgAABAgQIECBAwHDRAQIECBAgQIAAAQIE8gKGS/5FAhIgQIAAAQIECBAgYLjoAAECBAgQIECAAAECeQHDJf8iAQkQIECAAAECBAgQMFx0gAABAgQIECBAgACBvIDhkn+RgAQIECBAgAABAgQIGC46QIAAAQIECBAgQIBAXsBwyb9IQAIECBAgQIAAAQIEDBcdIECAAAECBAgQIEAgL2C45F8kIAECBAgQIECAAAEChosOECBAgAABAgQIECCQFzBc8i8SkAABAgQIECBAgAABw0UHCBAgQIAAAQIECBDICxgu+RcJSIAAAQIECBAgQICA4aIDBAgQIECAAAECBAjkBQyX/IsEJECAAAECBAgQIEDAcNEBAgQIECBAgAABAgTyAoZL/kUCEiBAgAABAgQIECBguOgAAQIECBAgQIAAAQJ5AcMl/yIBCRAgQIAAAQIECBAwXHSAAAECBAgQIECAAIG8gOGSf5GABAgQIECAAAECBAgYLjpAgAABAgQIECBAgEBewHDJv0hAAgQIECBAgAABAgQMFx0gQIAAAQIECBAgQCAvYLjkXyQgAQIECBAgQIAAAQKGiw4QIECAAAECBAgQIJAXMFzyLxKQAAECBAgQIECAAAHDRQcIECBAgAABAgQIEMgLGC75FwlIgAABAgQIECBAgIDhogMECBAgQIAAAQIECOQFDJf8iwQkQIAAAQIECBAgQMBw0QECBAgQIECAAAECBPIChkv+RQISIECAAAECBAgQIGC46AABAgQIECBAgAABAnkBwyX/IgEJECBAgAABAgQIEDBcdIAAAQIECBAgQIAAgbyA4ZJ/kYAECBAgQIAAAQIECBguOkCAAAECBAgQIECAQF7AcMm/SEACBAgQIECAAAECBAwXHSBAgAABAgQIECBAIC9guORfJCABAgQIECBAgAABAoaLDhAgQIAAAQIECBAgkBcwXPIvEpAAAQIECBAgQIAAAcNFBwgQIECAAAECBAgQyAsYLvkXCUiAAAECBAgQIECAgOGiAwQIECBAgAABAgQI5AUMl/yLBCRAgAABAgQIECBAwHDRAQIECBAgQIAAAQIE8gKGS/5FAhIgQIAAAQIECBAgYLjoAAECBAgQIECAAAECeQHDJf8iAQkQIECAAAECBAgQMFx0gAABAgQIECBAgACBvIDhkn+RgAQIECBAgAABAgQIGC46QIAAAQIECBAgQIBAXsBwyb9IQAIECBAgQIAAAQIEDBcdIECAAAECBAgQIEAgL2C45F8kIAECBAgQIECAAAEChosOECBAgAABAgQIECCQFzBc8i8SkAABAgQIECBAgAABw0UHCBAgQIAAAQIECBDICxgu+RcJSIAAAQIECBAgQICA4aIDBAgQIECAAAECBAjkBQyX/IsEJECAAAECBAgQIEDAcNEBAgQIECBAgAABAgTyAoZL/kUCEiBAgAABAgQIECBguOgAAQIECBAgQIAAAQJ5AcMl/yIBCRAgQIAAAQIECBAwXHSAAAECBAgQIECAAIG8gOGSf5GABAgQIECAAAECBAgYLjpAgAABAgQIECBAgEBewHDJv0hAAgQIECBAgAABAgQMFx0gQIAAAQIECBAgQCAvYLjkXyQgAQIECBAgQIAAAQKGiw4QIECAAAECBAgQIJAXMFzyLxKQAAECBAgQIECAAAHDRQcIECBAgAABAgQIEMgLGC75FwlIgAABAgQIECBAgIDhogMECBAgQIAAAQIECOQFDJf8iwQkQIAAAQIECBAgQMBw0QECBAgQIECAAAECBPIChkv+RQISIECAAAECBAgQIGC46AABAgQIECBAgAABAnkBwyX/IgEJECBAgAABAgQIEDBcdIAAAQIECBAgQIAAgbyA4ZJ/kYAECBAgQIAAAQIECBguOkCAAAECBAgQIECAQF7AcMm/SEACBAgQIECAAAECBAwXHSBAgAABAgQIECBAIC9guORfJCABAgQIECBAgAABAoaLDhAgQIAAAQIECBAgkBcwXPIvEpAAAQIECBAgQIAAAcNFBwgQIECAAAECBAgQyAsYLvkXCUiAAAECBAgQIECAgOGiAwQIECBAgAABAgQI5AUMl/yLBCRAgAABAgQIECBAwHDRAQIECBAgQIAAAQIE8gKGS/5FAhIgQIAAAQIECBAgYLjoAAECBAgQIECAAAECeQHDJf8iAQkQIECAAAECBAgQMFx0gAABAgQIECBAgACBvIDhkn+RgAQIECBAgAABAgQIGC46QIAAAQIECBAgQIBAXsBwyb9IQAIECBAgQIAAAQIEDBcdIECAAAECBAgQIEAgL2C45F8kIAECBAgQIECAAAEChosOECBAgAABAgQIECCQFzBc8i8SkAABAgQIECBAgAABw0UHCBAgQIAAAQIECBDICxgu+RcJSIAAAQIECBAgQICA4aIDBAgQIECAAAECBAjkBQyX/IsEJECAAAECBAgQIEDAcNEBAgQIECBAgAABAgTyAoZL/kUCEiBAgAABAgQIECBguOgAAQIECBAgQIAAAQJ5AcMl/yIBCRAgQIAAAQIECBAwXHSAAAECBAgQIECAAIG8gOGSf5GABAgQIECAAAECBAgYLjpAgAABAgQIECBAgEBewHDJv0hAAgQIECBAgAABAgQMFx0gQIAAAQIECBAgQCAvYLjkXyQgAQIECBAgQIAAAQKGiw4QIECAAAECBAgQIJAXMFzyLxKQAAECBAgQIECAAAHDRQcIECBAgAABAgQIEMgLGC75FwlIgAABAgQIECBAgIDhogMECBAgQIAAAQIECOQFDJf8iwQkQIAAAQIECBAgQMBw0QECBAgQIECAAAECBPIChkv+RQISIECAAAECBAgQIGC46AABAgQIECBAgAABAnkBwyX/IgEJECBAgAABAgQIEDBcdIAAAQIECBAgQIAAgbyA4ZJ/kYAECBAgQIAAAQIECBguOkCAAAECBAgQIECAQF7AcMm/SEACBAgQIECAAAECBAwXHSBAgAABAgQIECBAIC9guORfJCABAgQIECBAgAABAoaLDhAgQIAAAQIECBAgkBcwXPIvEpAAAQIECBAgQIAAAcNFBwgQIECAAAECBAgQyAsYLvkXCUiAAAECBAgQIECAgOGiAwQIECBAgAABAgQI5AUMl/yLBCRAgAABAgQIECBAwHDRAQIECBAgQIAAAQIE8gKGS/5FAhIgQIAAAQIECBAgYLjoAAECBAgQIECAAAECeQHDJf8iAQkQIECAAAECBAgQMFx0gAABAgQIECBAgACBvIDhkn+RgAQIECBAgAABAgQIGC46QIAAAQIECBAgQIBAXsBwyb9IQAIECBAgQIAAAQIEDBcdIECAAAECBAgQIEAgL2C45F8kIAECBAgQIECAAAEChosOECBAgAABAgQIECCQFzBc8i8SkAABAgQIECBAgAABw0UHCBAgQIAAAQIECBDICxgu+RcJSIAAAQIECBAgQICA4aIDBAgQIECAAAECBAjkBQyX/IsEJECAAAECBAgQIEDAcNEBAgQIECBAgAABAgTyAoZL/kUCEiBAgAABAgQIECBguOgAAQIECBAgQIAAAQJ5AcMl/yIBCRAgQIAAAQIECBAwXHSAAAECBAgQIECAAIG8gOGSf5GABAgQIECAAAECBAgYLjpAgAABAgQIECBAgEBewHDJv0hAAgQIECBAgAABAgQMFx0gQIAAAQIECBAgQCAvYLjkXyQgAQIECBAgQIAAAQKGiw4QIECAAAECBAgQIJAXMFzyLxKQAAECBAgQIECAAAHDRQcIECBAgAABAgQIEMgLGC75FwlIgAABAgQIECBAgIDhogMECBAgQIAAAQIECOQFDJf8iwQkQIAAAQIECBAgQMBw0QECBAgQIECAAAECBPIChkv+RQISIECAAAECBAgQIGC46AABAgQIECBAgAABAnkBwyX/IgEJECBAgAABAgQIEDBcdIAAAQIECBAgQIAAgbyA4ZJ/kYAECBAgQIAAAQIECBguOkCAAAECBAgQIECAQF7AcMm/SEACBAgQIECAAAECBAwXHSBAgAABAgQIECBAIC9guORfJCABAgQIECBAgAABAoaLDhAgQIAAAQIECBAgkBcwXPIvEpAAAQIECBAgQIAAAcNFBwgQIECAAAECBAgQyAsYLvkXCUiAAAECBAgQIECAgOGiAwQIECBAgAABAgQI5AUMl/yLBCRAgAABAgQIECBAwHDRAQIECBAgQIAAAQIE8gKGS/5FAhIgQIAAAQIECBAgYLjoAAECBAgQIECAAAECeQHDJf8iAQkQIECAAAECBAgQMFx0gAABAgQIECBAgACBvIDhkn+RgAQIECBAgAABAgQIGC46QIAAAQIECBAgQIBAXsBwyb9IQAIECBAgQIAAAQIEDBcdIECAAAECBAgQIEAgL2C45F8kIAECBAgQIECAAAEChosOECBAgAABAgQIECCQFzBc8i8SkAABAgQIECBAgAABw0UHCBAgQIAAAQIECBDICxgu+RcJSIAAAQIECBAgQICA4aIDBAgQIECAAAECBAjkBQyX/IsEJECAAAECBAgQIEDAcNEBAgQIECBAgAABAgTyAoZL/kUCEiBAgAABAgQIECBguOgAAQIECBAgQIAAAQJ5AcMl/yIBCRAgQIAAAQIECBAwXHSAAAECBAgQIECAAIG8gOGSf5GABAgQIECAAAECBAgYLjpAgAABAgQIECBAgEBewHDJv0hAAgQIECBAgAABAgQMFx0gQIAAAQIECBAgQCAvYLjkXyQgAQIECBAgQIAAAQKGiw4QIECAAAECBAgQIJAXMFzyLxKQAAECBAgQIECAAAHDRQcIECBAgAABAgQIEMgLGC75FwlIgAABAgQIECBAgIDhogMECBAgQIAAAQIECOQFDJf8iwQkQIAAAQIECBAgQMBw0QECBAgQIECAAAECBPIChkv+RQISIECAAAECBAgQIGC46AABAgQIECBAgAABAnkBwyX/IgEJECBAgAABAgQIEDBcdIAAAQIECBAgQIAAgbyA4ZJ/kYAECBAgQIAAAQIECBguOkCAAAECBAgQIECAQF7AcMm/SEACBAgQIECAAAECBAwXHSBAgAABAgQIECBAIC9guORfJCABAgQIECBAgAABAoaLDhAgQIAAAQIECBAgkBcwXPIvEpAAAQIECBAgQIAAAcNFBwgQIECAAAECBAgQyAsYLvkXCUiAAAECBAgQIECAgOGiAwQIECBAgAABAgQI5AUMl/yLBCRAgAABAgQIECBAwHDRAQIECBAgQIAAAQIE8gKGS/5FAhIgQIAAAQIECBAgYLjoAAECBAgQIECAAAECeQHDJf8iAQkQIECAAAECBAgQMFx0gAABAgQIECBAgACBvIDhkn+RgAQIECBAgAABAgQIGC46QIAAAQIECBAgQIBAXsBwyb9IQAIECBAgQIAAAQIEDBcdIECAAAECBAgQIEAgL2C45F8kIAECBAgQIECAAAEChosOECBAgAABAgQIECCQFzBc8i8SkAABAgQIECBAgAABw0UHCBAgQIAAAQIECBDICxgu+RcJSIAAAQIECBAgQICA4aIDBAgQIECAAAECBAjkBQyX/IsEJECAAAECBAgQIEDAcNEBAgQIECBAgAABAgTyAoZL/kUCEiBAgAABAgQIECBguOgAAQIECBAgQIAAAQJ5AcMl/yIBCRAgQIAAAQIECBAwXHSAAAECBAgQIECAAIG8gOGSf5GABAgQIECAAAECBAgYLjpAgAABAgQIECBAgEBewHDJv0hAAgQIECBAgAABAgQMFx0gQIAAAQIECBAgQCAvYLjkXyQgAQIECBAgQIAAAQKGiw4QIECAAAECBAgQIJAXMFzyLxKQAAECBAgQIECAAAHDRQcIECBAgAABAgQIEMgLGC75FwlIgAABAgQIECBAgIDhogMECBAgQIAAAQIECOQFDJf8iwQkQIAAAQIECBAgQMBw0QECBAgQIECAAAECBPIChkv+RQISIECAAAECBAgQIGC46AABAgQIECBAgAABAnkBwyX/IgEJECBAgAABAgQIEDBcdIAAAQIECBAgQIAAgbyA4ZJ/kYAECBAgQIAAAQIECBguOkCAAAECBAgQIECAQF7AcMm/SEACBAgQIECAAAECBAwXHSBAgAABAgQIECBAIC9guORfJCABAgQIECBAgAABAoaLDhAgQIAAAQIECBAgkBcwXPIvEpAAAQIECBAgQIAAAcNFBwgQIECAAAECBAgQyAsYLvkXCUiAAAECBAgQIECAgOGiAwQIECBAgAABAgQI5AUMl/yLBCRAgAABAgQIECBAwHDRAQIECBAgQIAAAQIE8gKGS/5FAhIgQIAAAQIECBAgYLjoAAECBAgQIECAAAECeQHDJf8iAQkQIECAAAECBAgQMFx0gAABAgQIECBAgACBvIDhkn+RgAQIECBAgAABAgQIGC46QIAAAQIECBAgQIBAXsBwyb9IQAIECBAgQIAAAQIEDBcdIECAAAECBAgQIEAgL2C45F8kIAECBAgQIECAAAEChosOECBAgAABAgQIECCQFzBc8i8SkAABAgQIECBAgAABw0UHCBAgQIAAAQIECBDICxgu+RcJSIAAAQIECBAgQICA4aIDBAgQIECAAAECBAjkBQyX/IsEJECAAAECBAgQIEDAcNEBAgQIECBAgAABAgTyAoZL/kUCEiBAgAABAgQIECBguOgAAQIECBAgQIAAAQJ5AcMl/yIBCRAgQIAAAQIECBAwXHSAAAECBAgQIECAAIG8gOGSf5GABAgQIECAAAECBAgYLjpAgAABAgQIECBAgEBewHDJv0hAAgQIECBAgAABAgQMFx0gQIAAAQIECBAgQCAvYLjkXyQgAQIECBAgQIAAAQKGiw4QIECAAAECBAgQIJAXMFzyLxKQAAECBAgQIECAAAHDRQcIECBAgAABAgQIEMgLGC75FwlIgAABAgQIECBAgIDhogMECBAgQIAAAQIECOQFDJf8iwQkQIAAAQIECBAgQMBw0QECBAgQIECAAAECBPIChkv+RQISIECAAAECBAgQIGC46AABAgQIECBAgAABAnkBwyX/IgEJECBAgAABAgQIEDBcdIAAAQIECBAgQIAAgbyA4ZJ/kYAECBAgQIAAAQIECBguOkCAAAECBAgQIECAQF7AcMm/SEACBAgQIECAAAECBAwXHSBAgAABAgQIECBAIC9guORfJCABAgQIECBAgAABAoaLDhAgQIAAAQIECBAgkBcwXPIvEpAAAQIECBAgQIAAAcNFBwgQIECAAAECBAgQyAsYLvkXCUiAAAECBAgQIECAgOGiAwQIECBAgAABAgQI5AUMl/yLBCRAgAABAgQIECBAwHDRAQIECBAgQIAAAQIE8gKGS/5FAhIgQIAAAQIECBAgYLjoAAECBAgQIECAAAECeQHDJf8iAQkQIECAAAECBAgQMFx0gAABAgQIECBAgACBvIDhkn+RgAQIECBAgAABAgQIGC46QIAAAQIECBAgQIBAXsBwyb9IQAIECBAgQIAAAQIEDBcdIECAAAECBAgQIEAgL2C45F8kIAECBAgQIECAAAEChosOECBAgAABAgQIECCQFzBc8i8SkAABAgQIECBAgAABw0UHCBAgQIAAAQIECBDICxgu+RcJSIAAAQIECBAgQICA4aIDBAgQIECAAAECBAjkBQyX/IsEJECAAAECBAgQIEDAcNEBAgQIECBAgAABAgTyAoZL/kUCEiBAgAABAgQIECBguOgAAQIECBAgQIAAAQJ5AcMl/yIBCRAgQIAAAQIECBAwXHSAAAECBAgQIECAAIG8gOGSf5GABAgQIECAAAECBAgYLjpAgAABAgQIECBAgEBewHDJv0hAAgQIECBAgAABAgQMFx0gQIAAAQIECBAgQCAvYLjkXyQgAQIECBAgQIAAAQKGiw4QIECAAAECBAgQIJAXMFzyLxKQAAECBAgQIECAAAHDRQcIECBAgAABAgQIEMgLGC75FwlIgAABAgQIECBAgIDhogMECBAgQIAAAQIECOQFDJf8iwQkQIAAAQIECBAgQMBw0QECBAgQIECAAAECBPIChkv+RQISIECAAAECBAgQIGC46AABAgQIECBAgAABAnkBwyX/IgEJECBAgAABAgQIEDBcdIAAAQIECBAgQIAAgbyA4ZJ/kYAECBAgQIAAAQIECBguOkCAAAECBAgQIECAQF7AcMm/SEACBAgQIECAAAECBAwXHSBAgAABAgQIECBAIC9guORfJCABAgQIECBAgAABAoaLDhAgQIAAAQIECBAgkBcwXPIvEpAAAQIECBAgQIAAAcNFBwgQIECAAAECBAgQyAsYLvkXCUiAAAECBAgQIECAgOGiAwQIECBAgAABAgQI5AUMl/yLBCRAgAABAgQIECBAwHDRAQIECBAgQIAAAQIE8gKGS/5FAhIgQIAAAQIECBAgYLjoAAECBAgQIECAAAECeQHDJf8iAQkQIECAAAECBAgQMFx0gAABAgQIECBAgACBvIDhkn+RgAQIECBAgAABAgQIGC46QIAAAQIECBAgQIBAXsBwyb9IQAIECBAgQIAAAQIEDBcdIECAAAECBAgQIEAgL2C45F8kIAECBAgQIECAAAEChosOECBAgAABAgQIECCQFzBc8i8SkAABAgQIECBAgAABw0UHCBAgQIAAAQIECBDICxgu+RcJSIAAAQIECBAgQICA4aIDBAgQIECAAAECBAjkBQyX/IsEJECAAAECBAgQIEDAcNEBAgQIECBAgAABAgTyAoZL/kUCEiBAgAABAgQIECBguOgAAQIECBAgQIAAAQJ5AcMl/yIBCRAgQIAAAQIECBAwXHSAAAECBAgQIECAAIG8gOGSf5GABAgQIECAAAECBAgYLjpAgAABAgQIECBAgEBewHDJv0hAAgQIECBAgAABAgQMFx0gQIAAAQIECBAgQCAvYLjkXyQgAQIECBAgQIAAAQKGiw4QIECAAAECBAgQIJAXMFzyLxKQAAECBAgQIECAAAHDRQcIECBAgAABAgQIEMgLGC75FwlIgAABAgQIECBAgIDhogMECBAgQIAAAQIECOQFDJf8iwQkQIAAAQIECBAgQMBw0QECBAgQIECAAAECBPIChkv+RQISIECAAAECBAgQIGC46AABAgQIECBAgAABAnkBwyX/IgEJECBAgAABAgQIEDBcdIAAAQIECBAgQIAAgbyA4ZJ/kYAECBAgQIAAAQIECBguOkCAAAECBAgQIECAQF7AcMm/SEACBAgQIECAAAECBAwXHSBAgAABAgQIECBAIC9guORfJCABAgQIECBAgAABAoaLDhAgQIAAAQIECBAgkBcwXPIvEpAAAQIECBAgQIAAAcNFBwgQIECAAAECBAgQyAsYLvkXCUiAAAECBAgQIECAgOGiAwQIECBAgAABAgQI5AUMl/yLBCRAgAABAgQIECBAwHDRAQIECBAgQIAAAQIE8gKGS/5FAhIgQIAAAQIECBAgYLjoAAECBAgQIECAAAECeQHDJf8iAQkQIECAAAECBAgQMFx0gAABAgQIECBAgACBvIDhkn+RgAQIECBAgAABAgQIGC46QIAAAQIECBAgQIBAXsBwyb9IQAIECBAgQIAAAQIEDBcdIECAAAECBAgQIEAgL2C45F8kIAECBAgQIECAAAEChosOECBAgAABAgQIECCQFzBc8i8SkAABAgQIECBAgAABw0UHCBAgQIAAAQIECBDICxgu+RcJSIAAAQIECBAgQICA4aIDBAgQIECAAAECBAjkBQyX/IsEJECAAAECBAgQIEDAcNEBAgQIECBAgAABAgTyAoZL/kUCEiBAgAABAgQIECBguOgAAQIECBAgQIAAAQJ5AcMl/yIBCRAgQIAAAQIECBAwXHSAAAECBAgQIECAAIG8gOGSf5GABAgQIECAAAECBAgYLjpAgAABAgQIECBAgEBewHDJv0hAAgQIECBAgAABAgQMFx0gQIAAAQIECBAgQCAvYLjkXyQgAQIECBAgQIAAAQKGiw4QIECAAAECBAgQIJAXMFzyLxKQAAECBAgQIECAAAHDRQcIECBAgAABAgQIEMgLGC75FwlIgAABAgQIECBAgIDhogMECBAgQIAAAQIECOQFDJf8iwQkQIAAAQIECBAgQMBw0QECBAgQIECAAAECBPIChkv+RQISIECAAAECBAgQIGC46AABAgQIECBAgAABAnkBwyVsWIdbAAAL9ElEQVT/IgEJECBAgAABAgQIEDBcdIAAAQIECBAgQIAAgbyA4ZJ/kYAECBAgQIAAAQIECBguOkCAAAECBAgQIECAQF7AcMm/SEACBAgQIECAAAECBAwXHSBAgAABAgQIECBAIC9guORfJCABAgQIECBAgAABAoaLDhAgQIAAAQIECBAgkBcwXPIvEpAAAQIECBAgQIAAAcNFBwgQIECAAAECBAgQyAsYLvkXCUiAAAECBAgQIECAgOGiAwQIECBAgAABAgQI5AUMl/yLBCRAgAABAgQIECBAwHDRAQIECBAgQIAAAQIE8gKGS/5FAhIgQIAAAQIECBAgYLjoAAECBAgQIECAAAECeQHDJf8iAQkQIECAAAECBAgQMFx0gAABAgQIECBAgACBvIDhkn+RgAQIECBAgAABAgQIGC46QIAAAQIECBAgQIBAXsBwyb9IQAIECBAgQIAAAQIEDBcdIECAAAECBAgQIEAgL2C45F8kIAECBAgQIECAAAEChosOECBAgAABAgQIECCQFzBc8i8SkAABAgQIECBAgAABw0UHCBAgQIAAAQIECBDICxgu+RcJSIAAAQIECBAgQICA4aIDBAgQIECAAAECBAjkBQyX/IsEJECAAAECBAgQIEDAcNEBAgQIECBAgAABAgTyAoZL/kUCEiBAgAABAgQIECBguOgAAQIECBAgQIAAAQJ5AcMl/yIBCRAgQIAAAQIECBAwXHSAAAECBAgQIECAAIG8gOGSf5GABAgQIECAAAECBAgYLjpAgAABAgQIECBAgEBewHDJv0hAAgQIECBAgAABAgQMFx0gQIAAAQIECBAgQCAvYLjkXyQgAQIECBAgQIAAAQKGiw4QIECAAAECBAgQIJAXMFzyLxKQAAECBAgQIECAAAHDRQcIECBAgAABAgQIEMgLGC75FwlIgAABAgQIECBAgIDhogMECBAgQIAAAQIECOQFDJf8iwQkQIAAAQIECBAgQMBw0QECBAgQIECAAAECBPIChkv+RQISIECAAAECBAgQIGC46AABAgQIECBAgAABAnkBwyX/IgEJECBAgAABAgQIEDBcdIAAAQIECBAgQIAAgbyA4ZJ/kYAECBAgQIAAAQIECBguOkCAAAECBAgQIECAQF7AcMm/SEACBAgQIECAAAECBAwXHSBAgAABAgQIECBAIC9guORfJCABAgQIECBAgAABAoaLDhAgQIAAAQIECBAgkBcwXPIvEpAAAQIECBAgQIAAAcNFBwgQIECAAAECBAgQyAsYLvkXCUiAAAECBAgQIECAgOGiAwQIECBAgAABAgQI5AUMl/yLBCRAgAABAgQIECBAwHDRAQIECBAgQIAAAQIE8gKGS/5FAhIgQIAAAQIECBAgYLjoAAECBAgQIECAAAECeQHDJf8iAQkQIECAAAECBAgQMFx0gAABAgQIECBAgACBvIDhkn+RgAQIECBAgAABAgQIGC46QIAAAQIECBAgQIBAXsBwyb9IQAIECBAgQIAAAQIEDBcdIECAAAECBAgQIEAgL2C45F8kIAECBAgQIECAAAEChosOECBAgAABAgQIECCQFzBc8i8SkAABAgQIECBAgAABw0UHCBAgQIAAAQIECBDICxgu+RcJSIAAAQIECBAgQICA4aIDBAgQIECAAAECBAjkBQyX/IsEJECAAAECBAgQIEDAcNEBAgQIECBAgAABAgTyAoZL/kUCEiBAgAABAgQIECBguOgAAQIECBAgQIAAAQJ5AcMl/yIBCRAgQIAAAQIECBAwXHSAAAECBAgQIECAAIG8gOGSf5GABAgQIECAAAECBAgYLjpAgAABAgQIECBAgEBewHDJv0hAAgQIECBAgAABAgQMFx0gQIAAAQIECBAgQCAvYLjkXyQgAQIECBAgQIAAAQKGiw4QIECAAAECBAgQIJAXMFzyLxKQAAECBAgQIECAAAHDRQcIECBAgAABAgQIEMgLGC75FwlIgAABAgQIECBAgIDhogMECBAgQIAAAQIECOQFDJf8iwQkQIAAAQIECBAgQMBw0QECBAgQIECAAAECBPIChkv+RQISIECAAAECBAgQIGC46AABAgQIECBAgAABAnkBwyX/IgEJECBAgAABAgQIEDBcdIAAAQIECBAgQIAAgbyA4ZJ/kYAECBAgQIAAAQIECBguOkCAAAECBAgQIECAQF7AcMm/SEACBAgQIECAAAECBAwXHSBAgAABAgQIECBAIC9guORfJCABAgQIECBAgAABAoaLDhAgQIAAAQIECBAgkBcwXPIvEpAAAQIECBAgQIAAAcNFBwgQIECAAAECBAgQyAsYLvkXCUiAAAECBAgQIECAgOGiAwQIECBAgAABAgQI5AUMl/yLBCRAgAABAgQIECBAwHDRAQIECBAgQIAAAQIE8gKGS/5FAhIgQIAAAQIECBAgYLjoAAECBAgQIECAAAECeQHDJf8iAQkQIECAAAECBAgQMFx0gAABAgQIECBAgACBvIDhkn+RgAQIECBAgAABAgQIGC46QIAAAQIECBAgQIBAXsBwyb9IQAIECBAgQIAAAQIEDBcdIECAAAECBAgQIEAgL2C45F8kIAECBAgQIECAAAEChosOECBAgAABAgQIECCQFzBc8i8SkAABAgQIECBAgAABw0UHCBAgQIAAAQIECBDICxgu+RcJSIAAAQIECBAgQICA4aIDBAgQIECAAAECBAjkBQyX/IsEJECAAAECBAgQIEDAcNEBAgQIECBAgAABAgTyAoZL/kUCEiBAgAABAgQIECBguOgAAQIECBAgQIAAAQJ5AcMl/yIBCRAgQIAAAQIECBAwXHSAAAECBAgQIECAAIG8gOGSf5GABAgQIECAAAECBAgYLjpAgAABAgQIECBAgEBewHDJv0hAAgQIECBAgAABAgQMFx0gQIAAAQIECBAgQCAvYLjkXyQgAQIECBAgQIAAAQKGiw4QIECAAAECBAgQIJAXMFzyLxKQAAECBAgQIECAAAHDRQcIECBAgAABAgQIEMgLGC75FwlIgAABAgQIECBAgIDhogMECBAgQIAAAQIECOQFDJf8iwQkQIAAAQIECBAgQMBw0QECBAgQIECAAAECBPIChkv+RQISIECAAAECBAgQIGC46AABAgQIECBAgAABAnkBwyX/IgEJECBAgAABAgQIEDBcdIAAAQIECBAgQIAAgbyA4ZJ/kYAECBAgQIAAAQIECBguOkCAAAECBAgQIECAQF7AcMm/SEACBAgQIECAAAECBAwXHSBAgAABAgQIECBAIC9guORfJCABAgQIECBAgAABAoaLDhAgQIAAAQIECBAgkBcwXPIvEpAAAQIECBAgQIAAAcNFBwgQIECAAAECBAgQyAsYLvkXCUiAAAECBAgQIECAgOGiAwQIECBAgAABAgQI5AUMl/yLBCRAgAABAgQIECBAwHDRAQIECBAgQIAAAQIE8gKGS/5FAhIgQIAAAQIECBAgYLjoAAECBAgQIECAAAECeQHDJf8iAQkQIECAAAECBAgQMFx0gAABAgQIECBAgACBvIDhkn+RgAQIECBAgAABAgQIGC46QIAAAQIECBAgQIBAXsBwyb9IQAIECBAgQIAAAQIEDBcdIECAAAECBAgQIEAgL2C45F8kIAECBAgQIECAAAEChosOECBAgAABAgQIECCQFzBc8i8SkAABAgQIECBAgAABw0UHCBAgQIAAAQIECBDICxgu+RcJSIAAAQIECBAgQICA4aIDBAgQIECAAAECBAjkBQyX/IsEJECAAAECBAgQIEDAcNEBAgQIECBAgAABAgTyAoZL/kUCEiBAgAABAgQIECBguOgAAQIECBAgQIAAAQJ5AcMl/yIBCRAgQIAAAQIECBAwXHSAAAECBAgQIECAAIG8gOGSf5GABAgQIECAAAECBAgYLjpAgAABAgQIECBAgEBewHDJv0hAAgQIECBAgAABAgQMFx0gQIAAAQIECBAgQCAvYLjkXyQgAQIECBAgQIAAAQKGiw4QIECAAAECBAgQIJAXMFzyLxKQAAECBAgQIECAAAHDRQcIECBAgAABAgQIEMgLPFZIAqxw3SIWAAAAAElFTkSuQmCC','/static/json/cdcce8f4-8b9d-493e-a3ea-6fdfadd7095c_experiment.json'),(29,'2','physics','2','medium','',NULL,'2025-07-10 00:10:11','2025-07-10 00:17:53','draft',NULL,NULL,NULL,'unpublished',NULL,'a','individual','','','','',NULL,'{\"gravity\": 9.8, \"friction\": 0.3, \"elasticity\": 0.8, \"simulationSpeed\": 1}','data:image/png;base64,iVBORw0KGgoAAAANSUhEUgAAAy4AAAKrCAYAAAAXudl0AAAAAXNSR0IArs4c6QAAIABJREFUeF7t1zERAAAMArHi33Rt/JAq4FIWdo4AAQIECBAgQIAAAQJxgcXziUeAAAECBAgQIECAAIEzXJSAAAECBAgQIECAAIG8gOGSf5GABAgQIECAAAECBAgYLjpAgAABAgQIECBAgEBewHDJv0hAAgQIECBAgAABAgQMFx0gQIAAAQIECBAgQCAvYLjkXyQgAQIECBAgQIAAAQKGiw4QIECAAAECBAgQIJAXMFzyLxKQAAECBAgQIECAAAHDRQcIECBAgAABAgQIEMgLGC75FwlIgAABAgQIECBAgIDhogMECBAgQIAAAQIECOQFDJf8iwQkQIAAAQIECBAgQMBw0QECBAgQIECAAAECBPIChkv+RQISIECAAAECBAgQIGC46AABAgQIECBAgAABAnkBwyX/IgEJECBAgAABAgQIEDBcdIAAAQIECBAgQIAAgbyA4ZJ/kYAECBAgQIAAAQIECBguOkCAAAECBAgQIECAQF7AcMm/SEACBAgQIECAAAECBAwXHSBAgAABAgQIECBAIC9guORfJCABAgQIECBAgAABAoaLDhAgQIAAAQIECBAgkBcwXPIvEpAAAQIECBAgQIAAAcNFBwgQIECAAAECBAgQyAsYLvkXCUiAAAECBAgQIECAgOGiAwQIECBAgAABAgQI5AUMl/yLBCRAgAABAgQIECBAwHDRAQIECBAgQIAAAQIE8gKGS/5FAhIgQIAAAQIECBAgYLjoAAECBAgQIECAAAECeQHDJf8iAQkQIECAAAECBAgQMFx0gAABAgQIECBAgACBvIDhkn+RgAQIECBAgAABAgQIGC46QIAAAQIECBAgQIBAXsBwyb9IQAIECBAgQIAAAQIEDBcdIECAAAECBAgQIEAgL2C45F8kIAECBAgQIECAAAEChosOECBAgAABAgQIECCQFzBc8i8SkAABAgQIECBAgAABw0UHCBAgQIAAAQIECBDICxgu+RcJSIAAAQIECBAgQICA4aIDBAgQIECAAAECBAjkBQyX/IsEJECAAAECBAgQIEDAcNEBAgQIECBAgAABAgTyAoZL/kUCEiBAgAABAgQIECBguOgAAQIECBAgQIAAAQJ5AcMl/yIBCRAgQIAAAQIECBAwXHSAAAECBAgQIECAAIG8gOGSf5GABAgQIECAAAECBAgYLjpAgAABAgQIECBAgEBewHDJv0hAAgQIECBAgAABAgQMFx0gQIAAAQIECBAgQCAvYLjkXyQgAQIECBAgQIAAAQKGiw4QIECAAAECBAgQIJAXMFzyLxKQAAECBAgQIECAAAHDRQcIECBAgAABAgQIEMgLGC75FwlIgAABAgQIECBAgIDhogMECBAgQIAAAQIECOQFDJf8iwQkQIAAAQIECBAgQMBw0QECBAgQIECAAAECBPIChkv+RQISIECAAAECBAgQIGC46AABAgQIECBAgAABAnkBwyX/IgEJECBAgAABAgQIEDBcdIAAAQIECBAgQIAAgbyA4ZJ/kYAECBAgQIAAAQIECBguOkCAAAECBAgQIECAQF7AcMm/SEACBAgQIECAAAECBAwXHSBAgAABAgQIECBAIC9guORfJCABAgQIECBAgAABAoaLDhAgQIAAAQIECBAgkBcwXPIvEpAAAQIECBAgQIAAAcNFBwgQIECAAAECBAgQyAsYLvkXCUiAAAECBAgQIECAgOGiAwQIECBAgAABAgQI5AUMl/yLBCRAgAABAgQIECBAwHDRAQIECBAgQIAAAQIE8gKGS/5FAhIgQIAAAQIECBAgYLjoAAECBAgQIECAAAECeQHDJf8iAQkQIECAAAECBAgQMFx0gAABAgQIECBAgACBvIDhkn+RgAQIECBAgAABAgQIGC46QIAAAQIECBAgQIBAXsBwyb9IQAIECBAgQIAAAQIEDBcdIECAAAECBAgQIEAgL2C45F8kIAECBAgQIECAAAEChosOECBAgAABAgQIECCQFzBc8i8SkAABAgQIECBAgAABw0UHCBAgQIAAAQIECBDICxgu+RcJSIAAAQIECBAgQICA4aIDBAgQIECAAAECBAjkBQyX/IsEJECAAAECBAgQIEDAcNEBAgQIECBAgAABAgTyAoZL/kUCEiBAgAABAgQIECBguOgAAQIECBAgQIAAAQJ5AcMl/yIBCRAgQIAAAQIECBAwXHSAAAECBAgQIECAAIG8gOGSf5GABAgQIECAAAECBAgYLjpAgAABAgQIECBAgEBewHDJv0hAAgQIECBAgAABAgQMFx0gQIAAAQIECBAgQCAvYLjkXyQgAQIECBAgQIAAAQKGiw4QIECAAAECBAgQIJAXMFzyLxKQAAECBAgQIECAAAHDRQcIECBAgAABAgQIEMgLGC75FwlIgAABAgQIECBAgIDhogMECBAgQIAAAQIECOQFDJf8iwQkQIAAAQIECBAgQMBw0QECBAgQIECAAAECBPIChkv+RQISIECAAAECBAgQIGC46AABAgQIECBAgAABAnkBwyX/IgEJECBAgAABAgQIEDBcdIAAAQIECBAgQIAAgbyA4ZJ/kYAECBAgQIAAAQIECBguOkCAAAECBAgQIECAQF7AcMm/SEACBAgQIECAAAECBAwXHSBAgAABAgQIECBAIC9guORfJCABAgQIECBAgAABAoaLDhAgQIAAAQIECBAgkBcwXPIvEpAAAQIECBAgQIAAAcNFBwgQIECAAAECBAgQyAsYLvkXCUiAAAECBAgQIECAgOGiAwQIECBAgAABAgQI5AUMl/yLBCRAgAABAgQIECBAwHDRAQIECBAgQIAAAQIE8gKGS/5FAhIgQIAAAQIECBAgYLjoAAECBAgQIECAAAECeQHDJf8iAQkQIECAAAECBAgQMFx0gAABAgQIECBAgACBvIDhkn+RgAQIECBAgAABAgQIGC46QIAAAQIECBAgQIBAXsBwyb9IQAIECBAgQIAAAQIEDBcdIECAAAECBAgQIEAgL2C45F8kIAECBAgQIECAAAEChosOECBAgAABAgQIECCQFzBc8i8SkAABAgQIECBAgAABw0UHCBAgQIAAAQIECBDICxgu+RcJSIAAAQIECBAgQICA4aIDBAgQIECAAAECBAjkBQyX/IsEJECAAAECBAgQIEDAcNEBAgQIECBAgAABAgTyAoZL/kUCEiBAgAABAgQIECBguOgAAQIECBAgQIAAAQJ5AcMl/yIBCRAgQIAAAQIECBAwXHSAAAECBAgQIECAAIG8gOGSf5GABAgQIECAAAECBAgYLjpAgAABAgQIECBAgEBewHDJv0hAAgQIECBAgAABAgQMFx0gQIAAAQIECBAgQCAvYLjkXyQgAQIECBAgQIAAAQKGiw4QIECAAAECBAgQIJAXMFzyLxKQAAECBAgQIECAAAHDRQcIECBAgAABAgQIEMgLGC75FwlIgAABAgQIECBAgIDhogMECBAgQIAAAQIECOQFDJf8iwQkQIAAAQIECBAgQMBw0QECBAgQIECAAAECBPIChkv+RQISIECAAAECBAgQIGC46AABAgQIECBAgAABAnkBwyX/IgEJECBAgAABAgQIEDBcdIAAAQIECBAgQIAAgbyA4ZJ/kYAECBAgQIAAAQIECBguOkCAAAECBAgQIECAQF7AcMm/SEACBAgQIECAAAECBAwXHSBAgAABAgQIECBAIC9guORfJCABAgQIECBAgAABAoaLDhAgQIAAAQIECBAgkBcwXPIvEpAAAQIECBAgQIAAAcNFBwgQIECAAAECBAgQyAsYLvkXCUiAAAECBAgQIECAgOGiAwQIECBAgAABAgQI5AUMl/yLBCRAgAABAgQIECBAwHDRAQIECBAgQIAAAQIE8gKGS/5FAhIgQIAAAQIECBAgYLjoAAECBAgQIECAAAECeQHDJf8iAQkQIECAAAECBAgQMFx0gAABAgQIECBAgACBvIDhkn+RgAQIECBAgAABAgQIGC46QIAAAQIECBAgQIBAXsBwyb9IQAIECBAgQIAAAQIEDBcdIECAAAECBAgQIEAgL2C45F8kIAECBAgQIECAAAEChosOECBAgAABAgQIECCQFzBc8i8SkAABAgQIECBAgAABw0UHCBAgQIAAAQIECBDICxgu+RcJSIAAAQIECBAgQICA4aIDBAgQIECAAAECBAjkBQyX/IsEJECAAAECBAgQIEDAcNEBAgQIECBAgAABAgTyAoZL/kUCEiBAgAABAgQIECBguOgAAQIECBAgQIAAAQJ5AcMl/yIBCRAgQIAAAQIECBAwXHSAAAECBAgQIECAAIG8gOGSf5GABAgQIECAAAECBAgYLjpAgAABAgQIECBAgEBewHDJv0hAAgQIECBAgAABAgQMFx0gQIAAAQIECBAgQCAvYLjkXyQgAQIECBAgQIAAAQKGiw4QIECAAAECBAgQIJAXMFzyLxKQAAECBAgQIECAAAHDRQcIECBAgAABAgQIEMgLGC75FwlIgAABAgQIECBAgIDhogMECBAgQIAAAQIECOQFDJf8iwQkQIAAAQIECBAgQMBw0QECBAgQIECAAAECBPIChkv+RQISIECAAAECBAgQIGC46AABAgQIECBAgAABAnkBwyX/IgEJECBAgAABAgQIEDBcdIAAAQIECBAgQIAAgbyA4ZJ/kYAECBAgQIAAAQIECBguOkCAAAECBAgQIECAQF7AcMm/SEACBAgQIECAAAECBAwXHSBAgAABAgQIECBAIC9guORfJCABAgQIECBAgAABAoaLDhAgQIAAAQIECBAgkBcwXPIvEpAAAQIECBAgQIAAAcNFBwgQIECAAAECBAgQyAsYLvkXCUiAAAECBAgQIECAgOGiAwQIECBAgAABAgQI5AUMl/yLBCRAgAABAgQIECBAwHDRAQIECBAgQIAAAQIE8gKGS/5FAhIgQIAAAQIECBAgYLjoAAECBAgQIECAAAECeQHDJf8iAQkQIECAAAECBAgQMFx0gAABAgQIECBAgACBvIDhkn+RgAQIECBAgAABAgQIGC46QIAAAQIECBAgQIBAXsBwyb9IQAIECBAgQIAAAQIEDBcdIECAAAECBAgQIEAgL2C45F8kIAECBAgQIECAAAEChosOECBAgAABAgQIECCQFzBc8i8SkAABAgQIECBAgAABw0UHCBAgQIAAAQIECBDICxgu+RcJSIAAAQIECBAgQICA4aIDBAgQIECAAAECBAjkBQyX/IsEJECAAAECBAgQIEDAcNEBAgQIECBAgAABAgTyAoZL/kUCEiBAgAABAgQIECBguOgAAQIECBAgQIAAAQJ5AcMl/yIBCRAgQIAAAQIECBAwXHSAAAECBAgQIECAAIG8gOGSf5GABAgQIECAAAECBAgYLjpAgAABAgQIECBAgEBewHDJv0hAAgQIECBAgAABAgQMFx0gQIAAAQIECBAgQCAvYLjkXyQgAQIECBAgQIAAAQKGiw4QIECAAAECBAgQIJAXMFzyLxKQAAECBAgQIECAAAHDRQcIECBAgAABAgQIEMgLGC75FwlIgAABAgQIECBAgIDhogMECBAgQIAAAQIECOQFDJf8iwQkQIAAAQIECBAgQMBw0QECBAgQIECAAAECBPIChkv+RQISIECAAAECBAgQIGC46AABAgQIECBAgAABAnkBwyX/IgEJECBAgAABAgQIEDBcdIAAAQIECBAgQIAAgbyA4ZJ/kYAECBAgQIAAAQIECBguOkCAAAECBAgQIECAQF7AcMm/SEACBAgQIECAAAECBAwXHSBAgAABAgQIECBAIC9guORfJCABAgQIECBAgAABAoaLDhAgQIAAAQIECBAgkBcwXPIvEpAAAQIECBAgQIAAAcNFBwgQIECAAAECBAgQyAsYLvkXCUiAAAECBAgQIECAgOGiAwQIECBAgAABAgQI5AUMl/yLBCRAgAABAgQIECBAwHDRAQIECBAgQIAAAQIE8gKGS/5FAhIgQIAAAQIECBAgYLjoAAECBAgQIECAAAECeQHDJf8iAQkQIECAAAECBAgQMFx0gAABAgQIECBAgACBvIDhkn+RgAQIECBAgAABAgQIGC46QIAAAQIECBAgQIBAXsBwyb9IQAIECBAgQIAAAQIEDBcdIECAAAECBAgQIEAgL2C45F8kIAECBAgQIECAAAEChosOECBAgAABAgQIECCQFzBc8i8SkAABAgQIECBAgAABw0UHCBAgQIAAAQIECBDICxgu+RcJSIAAAQIECBAgQICA4aIDBAgQIECAAAECBAjkBQyX/IsEJECAAAECBAgQIEDAcNEBAgQIECBAgAABAgTyAoZL/kUCEiBAgAABAgQIECBguOgAAQIECBAgQIAAAQJ5AcMl/yIBCRAgQIAAAQIECBAwXHSAAAECBAgQIECAAIG8gOGSf5GABAgQIECAAAECBAgYLjpAgAABAgQIECBAgEBewHDJv0hAAgQIECBAgAABAgQMFx0gQIAAAQIECBAgQCAvYLjkXyQgAQIECBAgQIAAAQKGiw4QIECAAAECBAgQIJAXMFzyLxKQAAECBAgQIECAAAHDRQcIECBAgAABAgQIEMgLGC75FwlIgAABAgQIECBAgIDhogMECBAgQIAAAQIECOQFDJf8iwQkQIAAAQIECBAgQMBw0QECBAgQIECAAAECBPIChkv+RQISIECAAAECBAgQIGC46AABAgQIECBAgAABAnkBwyX/IgEJECBAgAABAgQIEDBcdIAAAQIECBAgQIAAgbyA4ZJ/kYAECBAgQIAAAQIECBguOkCAAAECBAgQIECAQF7AcMm/SEACBAgQIECAAAECBAwXHSBAgAABAgQIECBAIC9guORfJCABAgQIECBAgAABAoaLDhAgQIAAAQIECBAgkBcwXPIvEpAAAQIECBAgQIAAAcNFBwgQIECAAAECBAgQyAsYLvkXCUiAAAECBAgQIECAgOGiAwQIECBAgAABAgQI5AUMl/yLBCRAgAABAgQIECBAwHDRAQIECBAgQIAAAQIE8gKGS/5FAhIgQIAAAQIECBAgYLjoAAECBAgQIECAAAECeQHDJf8iAQkQIECAAAECBAgQMFx0gAABAgQIECBAgACBvIDhkn+RgAQIECBAgAABAgQIGC46QIAAAQIECBAgQIBAXsBwyb9IQAIECBAgQIAAAQIEDBcdIECAAAECBAgQIEAgL2C45F8kIAECBAgQIECAAAEChosOECBAgAABAgQIECCQFzBc8i8SkAABAgQIECBAgAABw0UHCBAgQIAAAQIECBDICxgu+RcJSIAAAQIECBAgQICA4aIDBAgQIECAAAECBAjkBQyX/IsEJECAAAECBAgQIEDAcNEBAgQIECBAgAABAgTyAoZL/kUCEiBAgAABAgQIECBguOgAAQIECBAgQIAAAQJ5AcMl/yIBCRAgQIAAAQIECBAwXHSAAAECBAgQIECAAIG8gOGSf5GABAgQIECAAAECBAgYLjpAgAABAgQIECBAgEBewHDJv0hAAgQIECBAgAABAgQMFx0gQIAAAQIECBAgQCAvYLjkXyQgAQIECBAgQIAAAQKGiw4QIECAAAECBAgQIJAXMFzyLxKQAAECBAgQIECAAAHDRQcIECBAgAABAgQIEMgLGC75FwlIgAABAgQIECBAgIDhogMECBAgQIAAAQIECOQFDJf8iwQkQIAAAQIECBAgQMBw0QECBAgQIECAAAECBPIChkv+RQISIECAAAECBAgQIGC46AABAgQIECBAgAABAnkBwyX/IgEJECBAgAABAgQIEDBcdIAAAQIECBAgQIAAgbyA4ZJ/kYAECBAgQIAAAQIECBguOkCAAAECBAgQIECAQF7AcMm/SEACBAgQIECAAAECBAwXHSBAgAABAgQIECBAIC9guORfJCABAgQIECBAgAABAoaLDhAgQIAAAQIECBAgkBcwXPIvEpAAAQIECBAgQIAAAcNFBwgQIECAAAECBAgQyAsYLvkXCUiAAAECBAgQIECAgOGiAwQIECBAgAABAgQI5AUMl/yLBCRAgAABAgQIECBAwHDRAQIECBAgQIAAAQIE8gKGS/5FAhIgQIAAAQIECBAgYLjoAAECBAgQIECAAAECeQHDJf8iAQkQIECAAAECBAgQMFx0gAABAgQIECBAgACBvIDhkn+RgAQIECBAgAABAgQIGC46QIAAAQIECBAgQIBAXsBwyb9IQAIECBAgQIAAAQIEDBcdIECAAAECBAgQIEAgL2C45F8kIAECBAgQIECAAAEChosOECBAgAABAgQIECCQFzBc8i8SkAABAgQIECBAgAABw0UHCBAgQIAAAQIECBDICxgu+RcJSIAAAQIECBAgQICA4aIDBAgQIECAAAECBAjkBQyX/IsEJECAAAECBAgQIEDAcNEBAgQIECBAgAABAgTyAoZL/kUCEiBAgAABAgQIECBguOgAAQIECBAgQIAAAQJ5AcMl/yIBCRAgQIAAAQIECBAwXHSAAAECBAgQIECAAIG8gOGSf5GABAgQIECAAAECBAgYLjpAgAABAgQIECBAgEBewHDJv0hAAgQIECBAgAABAgQMFx0gQIAAAQIECBAgQCAvYLjkXyQgAQIECBAgQIAAAQKGiw4QIECAAAECBAgQIJAXMFzyLxKQAAECBAgQIECAAAHDRQcIECBAgAABAgQIEMgLGC75FwlIgAABAgQIECBAgIDhogMECBAgQIAAAQIECOQFDJf8iwQkQIAAAQIECBAgQMBw0QECBAgQIECAAAECBPIChkv+RQISIECAAAECBAgQIGC46AABAgQIECBAgAABAnkBwyX/IgEJECBAgAABAgQIEDBcdIAAAQIECBAgQIAAgbyA4ZJ/kYAECBAgQIAAAQIECBguOkCAAAECBAgQIECAQF7AcMm/SEACBAgQIECAAAECBAwXHSBAgAABAgQIECBAIC9guORfJCABAgQIECBAgAABAoaLDhAgQIAAAQIECBAgkBcwXPIvEpAAAQIECBAgQIAAAcNFBwgQIECAAAECBAgQyAsYLvkXCUiAAAECBAgQIECAgOGiAwQIECBAgAABAgQI5AUMl/yLBCRAgAABAgQIECBAwHDRAQIECBAgQIAAAQIE8gKGS/5FAhIgQIAAAQIECBAgYLjoAAECBAgQIECAAAECeQHDJf8iAQkQIECAAAECBAgQMFx0gAABAgQIECBAgACBvIDhkn+RgAQIECBAgAABAgQIGC46QIAAAQIECBAgQIBAXsBwyb9IQAIECBAgQIAAAQIEDBcdIECAAAECBAgQIEAgL2C45F8kIAECBAgQIECAAAEChosOECBAgAABAgQIECCQFzBc8i8SkAABAgQIECBAgAABw0UHCBAgQIAAAQIECBDICxgu+RcJSIAAAQIECBAgQICA4aIDBAgQIECAAAECBAjkBQyX/IsEJECAAAECBAgQIEDAcNEBAgQIECBAgAABAgTyAoZL/kUCEiBAgAABAgQIECBguOgAAQIECBAgQIAAAQJ5AcMl/yIBCRAgQIAAAQIECBAwXHSAAAECBAgQIECAAIG8gOGSf5GABAgQIECAAAECBAgYLjpAgAABAgQIECBAgEBewHDJv0hAAgQIECBAgAABAgQMFx0gQIAAAQIECBAgQCAvYLjkXyQgAQIECBAgQIAAAQKGiw4QIECAAAECBAgQIJAXMFzyLxKQAAECBAgQIECAAAHDRQcIECBAgAABAgQIEMgLGC75FwlIgAABAgQIECBAgIDhogMECBAgQIAAAQIECOQFDJf8iwQkQIAAAQIECBAgQMBw0QECBAgQIECAAAECBPIChkv+RQISIECAAAECBAgQIGC46AABAgQIECBAgAABAnkBwyX/IgEJECBAgAABAgQIEDBcdIAAAQIECBAgQIAAgbyA4ZJ/kYAECBAgQIAAAQIECBguOkCAAAECBAgQIECAQF7AcMm/SEACBAgQIECAAAECBAwXHSBAgAABAgQIECBAIC9guORfJCABAgQIECBAgAABAoaLDhAgQIAAAQIECBAgkBcwXPIvEpAAAQIECBAgQIAAAcNFBwgQIECAAAECBAgQyAsYLvkXCUiAAAECBAgQIECAgOGiAwQIECBAgAABAgQI5AUMl/yLBCRAgAABAgQIECBAwHDRAQIECBAgQIAAAQIE8gKGS/5FAhIgQIAAAQIECBAgYLjoAAECBAgQIECAAAECeQHDJf8iAQkQIECAAAECBAgQMFx0gAABAgQIECBAgACBvIDhkn+RgAQIECBAgAABAgQIGC46QIAAAQIECBAgQIBAXsBwyb9IQAIECBAgQIAAAQIEDBcdIECAAAECBAgQIEAgL2C45F8kIAECBAgQIECAAAEChosOECBAgAABAgQIECCQFzBc8i8SkAABAgQIECBAgAABw0UHCBAgQIAAAQIECBDICxgu+RcJSIAAAQIECBAgQICA4aIDBAgQIECAAAECBAjkBQyX/IsEJECAAAECBAgQIEDAcNEBAgQIECBAgAABAgTyAoZL/kUCEiBAgAABAgQIECBguOgAAQIECBAgQIAAAQJ5AcMl/yIBCRAgQIAAAQIECBAwXHSAAAECBAgQIECAAIG8gOGSf5GABAgQIECAAAECBAgYLjpAgAABAgQIECBAgEBewHDJv0hAAgQIECBAgAABAgQMFx0gQIAAAQIECBAgQCAvYLjkXyQgAQIECBAgQIAAAQKGiw4QIECAAAECBAgQIJAXMFzyLxKQAAECBAgQIECAAAHDRQcIECBAgAABAgQIEMgLGC75FwlIgAABAgQIECBAgIDhogMECBAgQIAAAQIECOQFDJf8iwQkQIAAAQIECBAgQMBw0QECBAgQIECAAAECBPIChkv+RQISIECAAAECBAgQIGC46AABAgQIECBAgAABAnkBwyVsWIdbAAAL9ElEQVT/IgEJECBAgAABAgQIEDBcdIAAAQIECBAgQIAAgbyA4ZJ/kYAECBAgQIAAAQIECBguOkCAAAECBAgQIECAQF7AcMm/SEACBAgQIECAAAECBAwXHSBAgAABAgQIECBAIC9guORfJCABAgQIECBAgAABAoaLDhAgQIAAAQIECBAgkBcwXPIvEpAAAQIECBAgQIAAAcNFBwgQIECAAAECBAgQyAsYLvkXCUiAAAECBAgQIECAgOGiAwQIECBAgAABAgQI5AUMl/yLBCRAgAABAgQIECBAwHDRAQIECBAgQIAAAQIE8gKGS/5FAhIgQIAAAQIECBAgYLjoAAECBAgQIECAAAECeQHDJf8iAQkQIECAAAECBAgQMFx0gAABAgQIECBAgACBvIDhkn+RgAQIECBAgAABAgQIGC46QIAAAQIECBAgQIBAXsBwyb9IQAIECBAgQIAAAQIEDBcdIECAAAECBAgQIEAgL2C45F8kIAECBAgQIECAAAEChosOECBAgAABAgQIECCQFzBc8i8SkAABAgQIECBAgAABw0UHCBAgQIAAAQIECBDICxgu+RcJSIAAAQIECBAgQICA4aIDBAgQIECAAAECBAjkBQyX/IsEJECAAAECBAgQIEDAcNEBAgQIECBAgAABAgTyAoZL/kUCEiBAgAABAgQIECBguOgAAQIECBAgQIAAAQJ5AcMl/yIBCRAgQIAAAQIECBAwXHSAAAECBAgQIECAAIG8gOGSf5GABAgQIECAAAECBAgYLjpAgAABAgQIECBAgEBewHDJv0hAAgQIECBAgAABAgQMFx0gQIAAAQIECBAgQCAvYLjkXyQgAQIECBAgQIAAAQKGiw4QIECAAAECBAgQIJAXMFzyLxKQAAECBAgQIECAAAHDRQcIECBAgAABAgQIEMgLGC75FwlIgAABAgQIECBAgIDhogMECBAgQIAAAQIECOQFDJf8iwQkQIAAAQIECBAgQMBw0QECBAgQIECAAAECBPIChkv+RQISIECAAAECBAgQIGC46AABAgQIECBAgAABAnkBwyX/IgEJECBAgAABAgQIEDBcdIAAAQIECBAgQIAAgbyA4ZJ/kYAECBAgQIAAAQIECBguOkCAAAECBAgQIECAQF7AcMm/SEACBAgQIECAAAECBAwXHSBAgAABAgQIECBAIC9guORfJCABAgQIECBAgAABAoaLDhAgQIAAAQIECBAgkBcwXPIvEpAAAQIECBAgQIAAAcNFBwgQIECAAAECBAgQyAsYLvkXCUiAAAECBAgQIECAgOGiAwQIECBAgAABAgQI5AUMl/yLBCRAgAABAgQIECBAwHDRAQIECBAgQIAAAQIE8gKGS/5FAhIgQIAAAQIECBAgYLjoAAECBAgQIECAAAECeQHDJf8iAQkQIECAAAECBAgQMFx0gAABAgQIECBAgACBvIDhkn+RgAQIECBAgAABAgQIGC46QIAAAQIECBAgQIBAXsBwyb9IQAIECBAgQIAAAQIEDBcdIECAAAECBAgQIEAgL2C45F8kIAECBAgQIECAAAEChosOECBAgAABAgQIECCQFzBc8i8SkAABAgQIECBAgAABw0UHCBAgQIAAAQIECBDICxgu+RcJSIAAAQIECBAgQICA4aIDBAgQIECAAAECBAjkBQyX/IsEJECAAAECBAgQIEDAcNEBAgQIECBAgAABAgTyAoZL/kUCEiBAgAABAgQIECBguOgAAQIECBAgQIAAAQJ5AcMl/yIBCRAgQIAAAQIECBAwXHSAAAECBAgQIECAAIG8gOGSf5GABAgQIECAAAECBAgYLjpAgAABAgQIECBAgEBewHDJv0hAAgQIECBAgAABAgQMFx0gQIAAAQIECBAgQCAvYLjkXyQgAQIECBAgQIAAAQKGiw4QIECAAAECBAgQIJAXMFzyLxKQAAECBAgQIECAAAHDRQcIECBAgAABAgQIEMgLGC75FwlIgAABAgQIECBAgIDhogMECBAgQIAAAQIECOQFDJf8iwQkQIAAAQIECBAgQMBw0QECBAgQIECAAAECBPIChkv+RQISIECAAAECBAgQIGC46AABAgQIECBAgAABAnkBwyX/IgEJECBAgAABAgQIEDBcdIAAAQIECBAgQIAAgbyA4ZJ/kYAECBAgQIAAAQIECBguOkCAAAECBAgQIECAQF7AcMm/SEACBAgQIECAAAECBAwXHSBAgAABAgQIECBAIC9guORfJCABAgQIECBAgAABAoaLDhAgQIAAAQIECBAgkBcwXPIvEpAAAQIECBAgQIAAAcNFBwgQIECAAAECBAgQyAsYLvkXCUiAAAECBAgQIECAgOGiAwQIECBAgAABAgQI5AUMl/yLBCRAgAABAgQIECBAwHDRAQIECBAgQIAAAQIE8gKGS/5FAhIgQIAAAQIECBAgYLjoAAECBAgQIECAAAECeQHDJf8iAQkQIECAAAECBAgQMFx0gAABAgQIECBAgACBvIDhkn+RgAQIECBAgAABAgQIGC46QIAAAQIECBAgQIBAXsBwyb9IQAIECBAgQIAAAQIEDBcdIECAAAECBAgQIEAgL2C45F8kIAECBAgQIECAAAEChosOECBAgAABAgQIECCQFzBc8i8SkAABAgQIECBAgAABw0UHCBAgQIAAAQIECBDICxgu+RcJSIAAAQIECBAgQICA4aIDBAgQIECAAAECBAjkBQyX/IsEJECAAAECBAgQIEDAcNEBAgQIECBAgAABAgTyAoZL/kUCEiBAgAABAgQIECBguOgAAQIECBAgQIAAAQJ5AcMl/yIBCRAgQIAAAQIECBAwXHSAAAECBAgQIECAAIG8gOGSf5GABAgQIECAAAECBAgYLjpAgAABAgQIECBAgEBewHDJv0hAAgQIECBAgAABAgQMFx0gQIAAAQIECBAgQCAvYLjkXyQgAQIECBAgQIAAAQKGiw4QIECAAAECBAgQIJAXMFzyLxKQAAECBAgQIECAAAHDRQcIECBAgAABAgQIEMgLGC75FwlIgAABAgQIECBAgIDhogMECBAgQIAAAQIECOQFDJf8iwQkQIAAAQIECBAgQMBw0QECBAgQIECAAAECBPIChkv+RQISIECAAAECBAgQIGC46AABAgQIECBAgAABAnkBwyX/IgEJECBAgAABAgQIEDBcdIAAAQIECBAgQIAAgbyA4ZJ/kYAECBAgQIAAAQIECBguOkCAAAECBAgQIECAQF7AcMm/SEACBAgQIECAAAECBAwXHSBAgAABAgQIECBAIC9guORfJCABAgQIECBAgAABAoaLDhAgQIAAAQIECBAgkBcwXPIvEpAAAQIECBAgQIAAAcNFBwgQIECAAAECBAgQyAsYLvkXCUiAAAECBAgQIECAgOGiAwQIECBAgAABAgQI5AUMl/yLBCRAgAABAgQIECBAwHDRAQIECBAgQIAAAQIE8gKGS/5FAhIgQIAAAQIECBAgYLjoAAECBAgQIECAAAECeQHDJf8iAQkQIECAAAECBAgQMFx0gAABAgQIECBAgACBvIDhkn+RgAQIECBAgAABAgQIGC46QIAAAQIECBAgQIBAXsBwyb9IQAIECBAgQIAAAQIEDBcdIECAAAECBAgQIEAgL2C45F8kIAECBAgQIECAAAEChosOECBAgAABAgQIECCQFzBc8i8SkAABAgQIECBAgAABw0UHCBAgQIAAAQIECBDICxgu+RcJSIAAAQIECBAgQICA4aIDBAgQIECAAAECBAjkBQyX/IsEJECAAAECBAgQIEDAcNEBAgQIECBAgAABAgTyAoZL/kUCEiBAgAABAgQIECBguOgAAQIECBAgQIAAAQJ5AcMl/yIBCRAgQIAAAQIECBAwXHSAAAECBAgQIECAAIG8gOGSf5GABAgQIECAAAECBAgYLjpAgAABAgQIECBAgEBewHDJv0hAAgQIECBAgAABAgQMFx0gQIAAAQIECBAgQCAvYLjkXyQgAQIECBAgQIAAAQKGiw4QIECAAAECBAgQIJAXMFzyLxKQAAECBAgQIECAAAHDRQcIECBAgAABAgQIEMgLPFZIAqxw3SIWAAAAAElFTkSuQmCC','/static/json/bb3a7da9-3a23-4c49-b132-d87ddf291081_experiment.json'),(30,'3','physics','3','medium','',NULL,'2025-07-10 00:17:36','2025-07-10 01:35:45','draft',NULL,NULL,NULL,'unpublished',NULL,'a','individual','','','','',NULL,'{\"gravity\": 9.8, \"friction\": 0.3, \"elasticity\": 0.8, \"simulationSpeed\": 1}','data:image/png;base64,iVBORw0KGgoAAAANSUhEUgAAAy4AAAKrCAYAAAAXudl0AAAAAXNSR0IArs4c6QAAIABJREFUeF7t1zERAAAMArHi33Rt/JAq4FIWdo4AAQIECBAgQIAAAQJxgcXziUeAAAECBAgQIECAAIEzXJSAAAECBAgQIECAAIG8gOGSf5GABAgQIECAAAECBAgYLjpAgAABAgQIECBAgEBewHDJv0hAAgQIECBAgAABAgQMFx0gQIAAAQIECBAgQCAvYLjkXyQgAQIECBAgQIAAAQKGiw4QIECAAAECBAgQIJAXMFzyLxKQAAECBAgQIECAAAHDRQcIECBAgAABAgQIEMgLGC75FwlIgAABAgQIECBAgIDhogMECBAgQIAAAQIECOQFDJf8iwQkQIAAAQIECBAgQMBw0QECBAgQIECAAAECBPIChkv+RQISIECAAAECBAgQIGC46AABAgQIECBAgAABAnkBwyX/IgEJECBAgAABAgQIEDBcdIAAAQIECBAgQIAAgbyA4ZJ/kYAECBAgQIAAAQIECBguOkCAAAECBAgQIECAQF7AcMm/SEACBAgQIECAAAECBAwXHSBAgAABAgQIECBAIC9guORfJCABAgQIECBAgAABAoaLDhAgQIAAAQIECBAgkBcwXPIvEpAAAQIECBAgQIAAAcNFBwgQIECAAAECBAgQyAsYLvkXCUiAAAECBAgQIECAgOGiAwQIECBAgAABAgQI5AUMl/yLBCRAgAABAgQIECBAwHDRAQIECBAgQIAAAQIE8gKGS/5FAhIgQIAAAQIECBAgYLjoAAECBAgQIECAAAECeQHDJf8iAQkQIECAAAECBAgQMFx0gAABAgQIECBAgACBvIDhkn+RgAQIECBAgAABAgQIGC46QIAAAQIECBAgQIBAXsBwyb9IQAIECBAgQIAAAQIEDBcdIECAAAECBAgQIEAgL2C45F8kIAECBAgQIECAAAEChosOECBAgAABAgQIECCQFzBc8i8SkAABAgQIECBAgAABw0UHCBAgQIAAAQIECBDICxgu+RcJSIAAAQIECBAgQICA4aIDBAgQIECAAAECBAjkBQyX/IsEJECAAAECBAgQIEDAcNEBAgQIECBAgAABAgTyAoZL/kUCEiBAgAABAgQIECBguOgAAQIECBAgQIAAAQJ5AcMl/yIBCRAgQIAAAQIECBAwXHSAAAECBAgQIECAAIG8gOGSf5GABAgQIECAAAECBAgYLjpAgAABAgQIECBAgEBewHDJv0hAAgQIECBAgAABAgQMFx0gQIAAAQIECBAgQCAvYLjkXyQgAQIECBAgQIAAAQKGiw4QIECAAAECBAgQIJAXMFzyLxKQAAECBAgQIECAAAHDRQcIECBAgAABAgQIEMgLGC75FwlIgAABAgQIECBAgIDhogMECBAgQIAAAQIECOQFDJf8iwQkQIAAAQIECBAgQMBw0QECBAgQIECAAAECBPIChkv+RQISIECAAAECBAgQIGC46AABAgQIECBAgAABAnkBwyX/IgEJECBAgAABAgQIEDBcdIAAAQIECBAgQIAAgbyA4ZJ/kYAECBAgQIAAAQIECBguOkCAAAECBAgQIECAQF7AcMm/SEACBAgQIECAAAECBAwXHSBAgAABAgQIECBAIC9guORfJCABAgQIECBAgAABAoaLDhAgQIAAAQIECBAgkBcwXPIvEpAAAQIECBAgQIAAAcNFBwgQIECAAAECBAgQyAsYLvkXCUiAAAECBAgQIECAgOGiAwQIECBAgAABAgQI5AUMl/yLBCRAgAABAgQIECBAwHDRAQIECBAgQIAAAQIE8gKGS/5FAhIgQIAAAQIECBAgYLjoAAECBAgQIECAAAECeQHDJf8iAQkQIECAAAECBAgQMFx0gAABAgQIECBAgACBvIDhkn+RgAQIECBAgAABAgQIGC46QIAAAQIECBAgQIBAXsBwyb9IQAIECBAgQIAAAQIEDBcdIECAAAECBAgQIEAgL2C45F8kIAECBAgQIECAAAEChosOECBAgAABAgQIECCQFzBc8i8SkAABAgQIECBAgAABw0UHCBAgQIAAAQIECBDICxgu+RcJSIAAAQIECBAgQICA4aIDBAgQIECAAAECBAjkBQyX/IsEJECAAAECBAgQIEDAcNEBAgQIECBAgAABAgTyAoZL/kUCEiBAgAABAgQIECBguOgAAQIECBAgQIAAAQJ5AcMl/yIBCRAgQIAAAQIECBAwXHSAAAECBAgQIECAAIG8gOGSf5GABAgQIECAAAECBAgYLjpAgAABAgQIECBAgEBewHDJv0hAAgQIECBAgAABAgQMFx0gQIAAAQIECBAgQCAvYLjkXyQgAQIECBAgQIAAAQKGiw4QIECAAAECBAgQIJAXMFzyLxKQAAECBAgQIECAAAHDRQcIECBAgAABAgQIEMgLGC75FwlIgAABAgQIECBAgIDhogMECBAgQIAAAQIECOQFDJf8iwQkQIAAAQIECBAgQMBw0QECBAgQIECAAAECBPIChkv+RQISIECAAAECBAgQIGC46AABAgQIECBAgAABAnkBwyX/IgEJECBAgAABAgQIEDBcdIAAAQIECBAgQIAAgbyA4ZJ/kYAECBAgQIAAAQIECBguOkCAAAECBAgQIECAQF7AcMm/SEACBAgQIECAAAECBAwXHSBAgAABAgQIECBAIC9guORfJCABAgQIECBAgAABAoaLDhAgQIAAAQIECBAgkBcwXPIvEpAAAQIECBAgQIAAAcNFBwgQIECAAAECBAgQyAsYLvkXCUiAAAECBAgQIECAgOGiAwQIECBAgAABAgQI5AUMl/yLBCRAgAABAgQIECBAwHDRAQIECBAgQIAAAQIE8gKGS/5FAhIgQIAAAQIECBAgYLjoAAECBAgQIECAAAECeQHDJf8iAQkQIECAAAECBAgQMFx0gAABAgQIECBAgACBvIDhkn+RgAQIECBAgAABAgQIGC46QIAAAQIECBAgQIBAXsBwyb9IQAIECBAgQIAAAQIEDBcdIECAAAECBAgQIEAgL2C45F8kIAECBAgQIECAAAEChosOECBAgAABAgQIECCQFzBc8i8SkAABAgQIECBAgAABw0UHCBAgQIAAAQIECBDICxgu+RcJSIAAAQIECBAgQICA4aIDBAgQIECAAAECBAjkBQyX/IsEJECAAAECBAgQIEDAcNEBAgQIECBAgAABAgTyAoZL/kUCEiBAgAABAgQIECBguOgAAQIECBAgQIAAAQJ5AcMl/yIBCRAgQIAAAQIECBAwXHSAAAECBAgQIECAAIG8gOGSf5GABAgQIECAAAECBAgYLjpAgAABAgQIECBAgEBewHDJv0hAAgQIECBAgAABAgQMFx0gQIAAAQIECBAgQCAvYLjkXyQgAQIECBAgQIAAAQKGiw4QIECAAAECBAgQIJAXMFzyLxKQAAECBAgQIECAAAHDRQcIECBAgAABAgQIEMgLGC75FwlIgAABAgQIECBAgIDhogMECBAgQIAAAQIECOQFDJf8iwQkQIAAAQIECBAgQMBw0QECBAgQIECAAAECBPIChkv+RQISIECAAAECBAgQIGC46AABAgQIECBAgAABAnkBwyX/IgEJECBAgAABAgQIEDBcdIAAAQIECBAgQIAAgbyA4ZJ/kYAECBAgQIAAAQIECBguOkCAAAECBAgQIECAQF7AcMm/SEACBAgQIECAAAECBAwXHSBAgAABAgQIECBAIC9guORfJCABAgQIECBAgAABAoaLDhAgQIAAAQIECBAgkBcwXPIvEpAAAQIECBAgQIAAAcNFBwgQIECAAAECBAgQyAsYLvkXCUiAAAECBAgQIECAgOGiAwQIECBAgAABAgQI5AUMl/yLBCRAgAABAgQIECBAwHDRAQIECBAgQIAAAQIE8gKGS/5FAhIgQIAAAQIECBAgYLjoAAECBAgQIECAAAECeQHDJf8iAQkQIECAAAECBAgQMFx0gAABAgQIECBAgACBvIDhkn+RgAQIECBAgAABAgQIGC46QIAAAQIECBAgQIBAXsBwyb9IQAIECBAgQIAAAQIEDBcdIECAAAECBAgQIEAgL2C45F8kIAECBAgQIECAAAEChosOECBAgAABAgQIECCQFzBc8i8SkAABAgQIECBAgAABw0UHCBAgQIAAAQIECBDICxgu+RcJSIAAAQIECBAgQICA4aIDBAgQIECAAAECBAjkBQyX/IsEJECAAAECBAgQIEDAcNEBAgQIECBAgAABAgTyAoZL/kUCEiBAgAABAgQIECBguOgAAQIECBAgQIAAAQJ5AcMl/yIBCRAgQIAAAQIECBAwXHSAAAECBAgQIECAAIG8gOGSf5GABAgQIECAAAECBAgYLjpAgAABAgQIECBAgEBewHDJv0hAAgQIECBAgAABAgQMFx0gQIAAAQIECBAgQCAvYLjkXyQgAQIECBAgQIAAAQKGiw4QIECAAAECBAgQIJAXMFzyLxKQAAECBAgQIECAAAHDRQcIECBAgAABAgQIEMgLGC75FwlIgAABAgQIECBAgIDhogMECBAgQIAAAQIECOQFDJf8iwQkQIAAAQIECBAgQMBw0QECBAgQIECAAAECBPIChkv+RQISIECAAAECBAgQIGC46AABAgQIECBAgAABAnkBwyX/IgEJECBAgAABAgQIEDBcdIAAAQIECBAgQIAAgbyA4ZJ/kYAECBAgQIAAAQIECBguOkCAAAECBAgQIECAQF7AcMm/SEACBAgQIECAAAECBAwXHSBAgAABAgQIECBAIC9guORfJCABAgQIECBAgAABAoaLDhAgQIAAAQIECBAgkBcwXPIvEpAAAQIECBAgQIAAAcNFBwgQIECAAAECBAgQyAsYLvkXCUiAAAECBAgQIECAgOGiAwQIECBAgAABAgQI5AUMl/yLBCRAgAABAgQIECBAwHDRAQIECBAgQIAAAQIE8gKGS/5FAhIgQIAAAQIECBAgYLjoAAECBAgQIECAAAECeQHDJf8iAQkQIECAAAECBAgQMFx0gAABAgQIECBAgACBvIDhkn+RgAQIECBAgAABAgQIGC46QIAAAQIECBAgQIBAXsBwyb9IQAIECBAgQIAAAQIEDBcdIECAAAECBAgQIEAgL2C45F8kIAECBAgQIECAAAEChosOECBAgAABAgQIECCQFzBc8i8SkAABAgQIECBAgAABw0UHCBAgQIAAAQIECBDICxgu+RcJSIAAAQIECBAgQICA4aIDBAgQIECAAAECBAjkBQyX/IsEJECAAAECBAgQIEDAcNEBAgQIECBAgAABAgTyAoZL/kUCEiBAgAABAgQIECBguOgAAQIECBAgQIAAAQJ5AcMl/yIBCRAgQIAAAQIECBAwXHSAAAECBAgQIECAAIG8gOGSf5GABAgQIECAAAECBAgYLjpAgAABAgQIECBAgEBewHDJv0hAAgQIECBAgAABAgQMFx0gQIAAAQIECBAgQCAvYLjkXyQgAQIECBAgQIAAAQKGiw4QIECAAAECBAgQIJAXMFzyLxKQAAECBAgQIECAAAHDRQcIECBAgAABAgQIEMgLGC75FwlIgAABAgQIECBAgIDhogMECBAgQIAAAQIECOQFDJf8iwQkQIAAAQIECBAgQMBw0QECBAgQIECAAAECBPIChkv+RQISIECAAAECBAgQIGC46AABAgQIECBAgAABAnkBwyX/IgEJECBAgAABAgQIEDBcdIAAAQIECBAgQIAAgbyA4ZJ/kYAECBAgQIAAAQIECBguOkCAAAECBAgQIECAQF7AcMm/SEACBAgQIECAAAECBAwXHSBAgAABAgQIECBAIC9guORfJCABAgQIECBAgAABAoaLDhAgQIAAAQIECBAgkBcwXPIvEpAAAQIECBAgQIAAAcNFBwgQIECAAAECBAgQyAsYLvkXCUiAAAECBAgQIECAgOGiAwQIECBAgAABAgQI5AUMl/yLBCRAgAABAgQIECBAwHDRAQIECBAgQIAAAQIE8gKGS/5FAhIgQIAAAQIECBAgYLjoAAECBAgQIECAAAECeQHDJf8iAQkQIECAAAECBAgQMFx0gAABAgQIECBAgACBvIDhkn+RgAQIECBAgAABAgQIGC46QIAAAQIECBAgQIBAXsBwyb9IQAIECBAgQIAAAQIEDBcdIECAAAECBAgQIEAgL2C45F8kIAECBAgQIECAAAEChosOECBAgAABAgQIECCQFzBc8i8SkAABAgQIECBAgAABw0UHCBAgQIAAAQIECBDICxgu+RcJSIAAAQIECBAgQICA4aIDBAgQIECAAAECBAjkBQyX/IsEJECAAAECBAgQIEDAcNEBAgQIECBAgAABAgTyAoZL/kUCEiBAgAABAgQIECBguOgAAQIECBAgQIAAAQJ5AcMl/yIBCRAgQIAAAQIECBAwXHSAAAECBAgQIECAAIG8gOGSf5GABAgQIECAAAECBAgYLjpAgAABAgQIECBAgEBewHDJv0hAAgQIECBAgAABAgQMFx0gQIAAAQIECBAgQCAvYLjkXyQgAQIECBAgQIAAAQKGiw4QIECAAAECBAgQIJAXMFzyLxKQAAECBAgQIECAAAHDRQcIECBAgAABAgQIEMgLGC75FwlIgAABAgQIECBAgIDhogMECBAgQIAAAQIECOQFDJf8iwQkQIAAAQIECBAgQMBw0QECBAgQIECAAAECBPIChkv+RQISIECAAAECBAgQIGC46AABAgQIECBAgAABAnkBwyX/IgEJECBAgAABAgQIEDBcdIAAAQIECBAgQIAAgbyA4ZJ/kYAECBAgQIAAAQIECBguOkCAAAECBAgQIECAQF7AcMm/SEACBAgQIECAAAECBAwXHSBAgAABAgQIECBAIC9guORfJCABAgQIECBAgAABAoaLDhAgQIAAAQIECBAgkBcwXPIvEpAAAQIECBAgQIAAAcNFBwgQIECAAAECBAgQyAsYLvkXCUiAAAECBAgQIECAgOGiAwQIECBAgAABAgQI5AUMl/yLBCRAgAABAgQIECBAwHDRAQIECBAgQIAAAQIE8gKGS/5FAhIgQIAAAQIECBAgYLjoAAECBAgQIECAAAECeQHDJf8iAQkQIECAAAECBAgQMFx0gAABAgQIECBAgACBvIDhkn+RgAQIECBAgAABAgQIGC46QIAAAQIECBAgQIBAXsBwyb9IQAIECBAgQIAAAQIEDBcdIECAAAECBAgQIEAgL2C45F8kIAECBAgQIECAAAEChosOECBAgAABAgQIECCQFzBc8i8SkAABAgQIECBAgAABw0UHCBAgQIAAAQIECBDICxgu+RcJSIAAAQIECBAgQICA4aIDBAgQIECAAAECBAjkBQyX/IsEJECAAAECBAgQIEDAcNEBAgQIECBAgAABAgTyAoZL/kUCEiBAgAABAgQIECBguOgAAQIECBAgQIAAAQJ5AcMl/yIBCRAgQIAAAQIECBAwXHSAAAECBAgQIECAAIG8gOGSf5GABAgQIECAAAECBAgYLjpAgAABAgQIECBAgEBewHDJv0hAAgQIECBAgAABAgQMFx0gQIAAAQIECBAgQCAvYLjkXyQgAQIECBAgQIAAAQKGiw4QIECAAAECBAgQIJAXMFzyLxKQAAECBAgQIECAAAHDRQcIECBAgAABAgQIEMgLGC75FwlIgAABAgQIECBAgIDhogMECBAgQIAAAQIECOQFDJf8iwQkQIAAAQIECBAgQMBw0QECBAgQIECAAAECBPIChkv+RQISIECAAAECBAgQIGC46AABAgQIECBAgAABAnkBwyX/IgEJECBAgAABAgQIEDBcdIAAAQIECBAgQIAAgbyA4ZJ/kYAECBAgQIAAAQIECBguOkCAAAECBAgQIECAQF7AcMm/SEACBAgQIECAAAECBAwXHSBAgAABAgQIECBAIC9guORfJCABAgQIECBAgAABAoaLDhAgQIAAAQIECBAgkBcwXPIvEpAAAQIECBAgQIAAAcNFBwgQIECAAAECBAgQyAsYLvkXCUiAAAECBAgQIECAgOGiAwQIECBAgAABAgQI5AUMl/yLBCRAgAABAgQIECBAwHDRAQIECBAgQIAAAQIE8gKGS/5FAhIgQIAAAQIECBAgYLjoAAECBAgQIECAAAECeQHDJf8iAQkQIECAAAECBAgQMFx0gAABAgQIECBAgACBvIDhkn+RgAQIECBAgAABAgQIGC46QIAAAQIECBAgQIBAXsBwyb9IQAIECBAgQIAAAQIEDBcdIECAAAECBAgQIEAgL2C45F8kIAECBAgQIECAAAEChosOECBAgAABAgQIECCQFzBc8i8SkAABAgQIECBAgAABw0UHCBAgQIAAAQIECBDICxgu+RcJSIAAAQIECBAgQICA4aIDBAgQIECAAAECBAjkBQyX/IsEJECAAAECBAgQIEDAcNEBAgQIECBAgAABAgTyAoZL/kUCEiBAgAABAgQIECBguOgAAQIECBAgQIAAAQJ5AcMl/yIBCRAgQIAAAQIECBAwXHSAAAECBAgQIECAAIG8gOGSf5GABAgQIECAAAECBAgYLjpAgAABAgQIECBAgEBewHDJv0hAAgQIECBAgAABAgQMFx0gQIAAAQIECBAgQCAvYLjkXyQgAQIECBAgQIAAAQKGiw4QIECAAAECBAgQIJAXMFzyLxKQAAECBAgQIECAAAHDRQcIECBAgAABAgQIEMgLGC75FwlIgAABAgQIECBAgIDhogMECBAgQIAAAQIECOQFDJf8iwQkQIAAAQIECBAgQMBw0QECBAgQIECAAAECBPIChkv+RQISIECAAAECBAgQIGC46AABAgQIECBAgAABAnkBwyX/IgEJECBAgAABAgQIEDBcdIAAAQIECBAgQIAAgbyA4ZJ/kYAECBAgQIAAAQIECBguOkCAAAECBAgQIECAQF7AcMm/SEACBAgQIECAAAECBAwXHSBAgAABAgQIECBAIC9guORfJCABAgQIECBAgAABAoaLDhAgQIAAAQIECBAgkBcwXPIvEpAAAQIECBAgQIAAAcNFBwgQIECAAAECBAgQyAsYLvkXCUiAAAECBAgQIECAgOGiAwQIECBAgAABAgQI5AUMl/yLBCRAgAABAgQIECBAwHDRAQIECBAgQIAAAQIE8gKGS/5FAhIgQIAAAQIECBAgYLjoAAECBAgQIECAAAECeQHDJf8iAQkQIECAAAECBAgQMFx0gAABAgQIECBAgACBvIDhkn+RgAQIECBAgAABAgQIGC46QIAAAQIECBAgQIBAXsBwyb9IQAIECBAgQIAAAQIEDBcdIECAAAECBAgQIEAgL2C45F8kIAECBAgQIECAAAEChosOECBAgAABAgQIECCQFzBc8i8SkAABAgQIECBAgAABw0UHCBAgQIAAAQIECBDICxgu+RcJSIAAAQIECBAgQICA4aIDBAgQIECAAAECBAjkBQyX/IsEJECAAAECBAgQIEDAcNEBAgQIECBAgAABAgTyAoZL/kUCEiBAgAABAgQIECBguOgAAQIECBAgQIAAAQJ5AcMl/yIBCRAgQIAAAQIECBAwXHSAAAECBAgQIECAAIG8gOGSf5GABAgQIECAAAECBAgYLjpAgAABAgQIECBAgEBewHDJv0hAAgQIECBAgAABAgQMFx0gQIAAAQIECBAgQCAvYLjkXyQgAQIECBAgQIAAAQKGiw4QIECAAAECBAgQIJAXMFzyLxKQAAECBAgQIECAAAHDRQcIECBAgAABAgQIEMgLGC75FwlIgAABAgQIECBAgIDhogMECBAgQIAAAQIECOQFDJf8iwQkQIAAAQIECBAgQMBw0QECBAgQIECAAAECBPIChkv+RQISIECAAAECBAgQIGC46AABAgQIECBAgAABAnkBwyX/IgEJECBAgAABAgQIEDBcdIAAAQIECBAgQIAAgbyA4ZJ/kYAECBAgQIAAAQIECBguOkCAAAECBAgQIECAQF7AcMm/SEACBAgQIECAAAECBAwXHSBAgAABAgQIECBAIC9guORfJCABAgQIECBAgAABAoaLDhAgQIAAAQIECBAgkBcwXPIvEpAAAQIECBAgQIAAAcNFBwgQIECAAAECBAgQyAsYLvkXCUiAAAECBAgQIECAgOGiAwQIECBAgAABAgQI5AUMl/yLBCRAgAABAgQIECBAwHDRAQIECBAgQIAAAQIE8gKGS/5FAhIgQIAAAQIECBAgYLjoAAECBAgQIECAAAECeQHDJf8iAQkQIECAAAECBAgQMFx0gAABAgQIECBAgACBvIDhkn+RgAQIECBAgAABAgQIGC46QIAAAQIECBAgQIBAXsBwyb9IQAIECBAgQIAAAQIEDBcdIECAAAECBAgQIEAgL2C45F8kIAECBAgQIECAAAEChosOECBAgAABAgQIECCQFzBc8i8SkAABAgQIECBAgAABw0UHCBAgQIAAAQIECBDICxgu+RcJSIAAAQIECBAgQICA4aIDBAgQIECAAAECBAjkBQyX/IsEJECAAAECBAgQIEDAcNEBAgQIECBAgAABAgTyAoZL/kUCEiBAgAABAgQIECBguOgAAQIECBAgQIAAAQJ5AcMl/yIBCRAgQIAAAQIECBAwXHSAAAECBAgQIECAAIG8gOGSf5GABAgQIECAAAECBAgYLjpAgAABAgQIECBAgEBewHDJv0hAAgQIECBAgAABAgQMFx0gQIAAAQIECBAgQCAvYLjkXyQgAQIECBAgQIAAAQKGiw4QIECAAAECBAgQIJAXMFzyLxKQAAECBAgQIECAAAHDRQcIECBAgAABAgQIEMgLGC75FwlIgAABAgQIECBAgIDhogMECBAgQIAAAQIECOQFDJf8iwQkQIAAAQIECBAgQMBw0QECBAgQIECAAAECBPIChkv+RQISIECAAAECBAgQIGC46AABAgQIECBAgAABAnkBwyVsWIdbAAAL9ElEQVT/IgEJECBAgAABAgQIEDBcdIAAAQIECBAgQIAAgbyA4ZJ/kYAECBAgQIAAAQIECBguOkCAAAECBAgQIECAQF7AcMm/SEACBAgQIECAAAECBAwXHSBAgAABAgQIECBAIC9guORfJCABAgQIECBAgAABAoaLDhAgQIAAAQIECBAgkBcwXPIvEpAAAQIECBAgQIAAAcNFBwgQIECAAAECBAgQyAsYLvkXCUiAAAECBAgQIECAgOGiAwQIECBAgAABAgQI5AUMl/yLBCRAgAABAgQIECBAwHDRAQIECBAgQIAAAQIE8gKGS/5FAhIgQIAAAQIECBAgYLjoAAECBAgQIECAAAECeQHDJf8iAQkQIECAAAECBAgQMFx0gAABAgQIECBAgACBvIDhkn+RgAQIECBAgAABAgQIGC46QIAAAQIECBAgQIBAXsBwyb9IQAIECBAgQIAAAQIEDBcdIECAAAECBAgQIEAgL2C45F8kIAECBAgQIECAAAEChosOECBAgAABAgQIECCQFzBc8i8SkAABAgQIECBAgAABw0UHCBAgQIAAAQIECBDICxgu+RcJSIAAAQIECBAgQICA4aIDBAgQIECAAAECBAjkBQyX/IsEJECAAAECBAgQIEDAcNEBAgQIECBAgAABAgTyAoZL/kUCEiBAgAABAgQIECBguOgAAQIECBAgQIAAAQJ5AcMl/yIBCRAgQIAAAQIECBAwXHSAAAECBAgQIECAAIG8gOGSf5GABAgQIECAAAECBAgYLjpAgAABAgQIECBAgEBewHDJv0hAAgQIECBAgAABAgQMFx0gQIAAAQIECBAgQCAvYLjkXyQgAQIECBAgQIAAAQKGiw4QIECAAAECBAgQIJAXMFzyLxKQAAECBAgQIECAAAHDRQcIECBAgAABAgQIEMgLGC75FwlIgAABAgQIECBAgIDhogMECBAgQIAAAQIECOQFDJf8iwQkQIAAAQIECBAgQMBw0QECBAgQIECAAAECBPIChkv+RQISIECAAAECBAgQIGC46AABAgQIECBAgAABAnkBwyX/IgEJECBAgAABAgQIEDBcdIAAAQIECBAgQIAAgbyA4ZJ/kYAECBAgQIAAAQIECBguOkCAAAECBAgQIECAQF7AcMm/SEACBAgQIECAAAECBAwXHSBAgAABAgQIECBAIC9guORfJCABAgQIECBAgAABAoaLDhAgQIAAAQIECBAgkBcwXPIvEpAAAQIECBAgQIAAAcNFBwgQIECAAAECBAgQyAsYLvkXCUiAAAECBAgQIECAgOGiAwQIECBAgAABAgQI5AUMl/yLBCRAgAABAgQIECBAwHDRAQIECBAgQIAAAQIE8gKGS/5FAhIgQIAAAQIECBAgYLjoAAECBAgQIECAAAECeQHDJf8iAQkQIECAAAECBAgQMFx0gAABAgQIECBAgACBvIDhkn+RgAQIECBAgAABAgQIGC46QIAAAQIECBAgQIBAXsBwyb9IQAIECBAgQIAAAQIEDBcdIECAAAECBAgQIEAgL2C45F8kIAECBAgQIECAAAEChosOECBAgAABAgQIECCQFzBc8i8SkAABAgQIECBAgAABw0UHCBAgQIAAAQIECBDICxgu+RcJSIAAAQIECBAgQICA4aIDBAgQIECAAAECBAjkBQyX/IsEJECAAAECBAgQIEDAcNEBAgQIECBAgAABAgTyAoZL/kUCEiBAgAABAgQIECBguOgAAQIECBAgQIAAAQJ5AcMl/yIBCRAgQIAAAQIECBAwXHSAAAECBAgQIECAAIG8gOGSf5GABAgQIECAAAECBAgYLjpAgAABAgQIECBAgEBewHDJv0hAAgQIECBAgAABAgQMFx0gQIAAAQIECBAgQCAvYLjkXyQgAQIECBAgQIAAAQKGiw4QIECAAAECBAgQIJAXMFzyLxKQAAECBAgQIECAAAHDRQcIECBAgAABAgQIEMgLGC75FwlIgAABAgQIECBAgIDhogMECBAgQIAAAQIECOQFDJf8iwQkQIAAAQIECBAgQMBw0QECBAgQIECAAAECBPIChkv+RQISIECAAAECBAgQIGC46AABAgQIECBAgAABAnkBwyX/IgEJECBAgAABAgQIEDBcdIAAAQIECBAgQIAAgbyA4ZJ/kYAECBAgQIAAAQIECBguOkCAAAECBAgQIECAQF7AcMm/SEACBAgQIECAAAECBAwXHSBAgAABAgQIECBAIC9guORfJCABAgQIECBAgAABAoaLDhAgQIAAAQIECBAgkBcwXPIvEpAAAQIECBAgQIAAAcNFBwgQIECAAAECBAgQyAsYLvkXCUiAAAECBAgQIECAgOGiAwQIECBAgAABAgQI5AUMl/yLBCRAgAABAgQIECBAwHDRAQIECBAgQIAAAQIE8gKGS/5FAhIgQIAAAQIECBAgYLjoAAECBAgQIECAAAECeQHDJf8iAQkQIECAAAECBAgQMFx0gAABAgQIECBAgACBvIDhkn+RgAQIECBAgAABAgQIGC46QIAAAQIECBAgQIBAXsBwyb9IQAIECBAgQIAAAQIEDBcdIECAAAECBAgQIEAgL2C45F8kIAECBAgQIECAAAEChosOECBAgAABAgQIECCQFzBc8i8SkAABAgQIECBAgAABw0UHCBAgQIAAAQIECBDICxgu+RcJSIAAAQIECBAgQICA4aIDBAgQIECAAAECBAjkBQyX/IsEJECAAAECBAgQIEDAcNEBAgQIECBAgAABAgTyAoZL/kUCEiBAgAABAgQIECBguOgAAQIECBAgQIAAAQJ5AcMl/yIBCRAgQIAAAQIECBAwXHSAAAECBAgQIECAAIG8gOGSf5GABAgQIECAAAECBAgYLjpAgAABAgQIECBAgEBewHDJv0hAAgQIECBAgAABAgQMFx0gQIAAAQIECBAgQCAvYLjkXyQgAQIECBAgQIAAAQKGiw4QIECAAAECBAgQIJAXMFzyLxKQAAECBAgQIECAAAHDRQcIECBAgAABAgQIEMgLGC75FwlIgAABAgQIECBAgIDhogMECBAgQIAAAQIECOQFDJf8iwQkQIAAAQIECBAgQMBw0QECBAgQIECAAAECBPIChkv+RQISIECAAAECBAgQIGC46AABAgQIECBAgAABAnkBwyX/IgEJECBAgAABAgQIEDBcdIAAAQIECBAgQIAAgbyA4ZJ/kYAECBAgQIAAAQIECBguOkCAAAECBAgQIECAQF7AcMm/SEACBAgQIECAAAECBAwXHSBAgAABAgQIECBAIC9guORfJCABAgQIECBAgAABAoaLDhAgQIAAAQIECBAgkBcwXPIvEpAAAQIECBAgQIAAAcNFBwgQIECAAAECBAgQyAsYLvkXCUiAAAECBAgQIECAgOGiAwQIECBAgAABAgQI5AUMl/yLBCRAgAABAgQIECBAwHDRAQIECBAgQIAAAQIE8gKGS/5FAhIgQIAAAQIECBAgYLjoAAECBAgQIECAAAECeQHDJf8iAQkQIECAAAECBAgQMFx0gAABAgQIECBAgACBvIDhkn+RgAQIECBAgAABAgQIGC46QIAAAQIECBAgQIBAXsBwyb9IQAIECBAgQIAAAQIEDBcdIECAAAECBAgQIEAgL2C45F8kIAECBAgQIECAAAEChosOECBAgAABAgQIECCQFzBc8i8SkAABAgQIECBAgAABw0UHCBAgQIAAAQIECBDICxgu+RcJSIAAAQIECBAgQICA4aIDBAgQIECAAAECBAjkBQyX/IsEJECAAAECBAgQIEDAcNEBAgQIECBAgAABAgTyAoZL/kUCEiBAgAABAgQIECBguOgAAQIECBAgQIAAAQJ5AcMl/yIBCRAgQIAAAQIECBAwXHSAAAECBAgQIECAAIG8gOGSf5GABAgQIECAAAECBAgYLjpAgAABAgQIECBAgEBewHDJv0hAAgQIECBAgAABAgQMFx0gQIAAAQIECBAgQCAvYLjkXyQgAQIECBAgQIAAAQKGiw4QIECAAAECBAgQIJAXMFzyLxKQAAECBAgQIECAAAHDRQcIECBAgAABAgQIEMgLPFZIAqxw3SIWAAAAAElFTkSuQmCC','/images/uploads/6ea2cd4b-c04c-4487-a812-5c504a5efb31_experiment.json'),(31,'4','physics','4','medium','',NULL,'2025-07-10 01:34:35','2025-07-10 02:06:54','draft',NULL,NULL,NULL,'unpublished',NULL,'ad','individual','','','','',NULL,'{\"gravity\": 9.8, \"friction\": 0.3, \"elasticity\": 0.8, \"simulationSpeed\": 1}','','/static/json/268d1540-b5d7-49d6-9bc3-6badbf821219_experiment_1752082050926.json'),(32,'5','physics','5','medium','',NULL,'2025-07-10 02:04:13','2025-07-10 10:37:17','draft',NULL,NULL,NULL,'unpublished',NULL,'a','individual','','','','',NULL,'{\"gravity\": 9.8, \"friction\": 0.3, \"elasticity\": 0.8, \"simulationSpeed\": 1}','','/static/json/42a150d2-7d84-4041-a32d-cd89d7125c6f_5_1752084236028.json'),(33,'test','physics','好','medium','',NULL,'2025-07-10 10:36:23','2025-07-10 10:36:23','draft',NULL,NULL,NULL,'unpublished',NULL,'admin','individual','','','','',NULL,'{\"gravity\": 9.8, \"friction\": 0.3, \"elasticity\": 0.8, \"simulationSpeed\": 1}','','/static/json/fec75991-aa33-4b72-ac11-e3f4a323fcb3_experiment_1752114965362.json'),(34,'球球','physics','哈哈','medium','',NULL,'2025-07-10 10:42:43','2025-07-10 10:42:43','draft',NULL,NULL,NULL,'unpublished',NULL,'admin','individual','','','','',NULL,'{\"gravity\": 9.8, \"friction\": 0.3, \"elasticity\": 0.8, \"simulationSpeed\": 1}','','/static/json/35ed9017-de2a-4e81-bf6f-4984d69f9190_experiment_1752115345832.json'),(35,'cc','chemistry','4','medium','',NULL,'2025-07-10 14:58:10','2025-07-10 14:58:10','draft',NULL,NULL,NULL,'unpublished',NULL,'admin','individual','','','','',NULL,'{\"gravity\": 9.8, \"friction\": 0.3, \"elasticity\": 0.8, \"simulationSpeed\": 1}','','/static/json/50ad06bb-e8c1-4baa-9f96-a0afc34a4d3e_experiment_1752130675149.json'),(36,'test','化学','','初级','','','2025-07-10 15:07:09','2025-07-10 15:07:09','draft',NULL,NULL,NULL,'unpublished',NULL,'teacher','individual','','','','',NULL,NULL,NULL,NULL);
/*!40000 ALTER TABLE `experiment_project` ENABLE KEYS */;
UNLOCK TABLES;

--
-- Table structure for table `experiment_project_audit_log`
--

DROP TABLE IF EXISTS `experiment_project_audit_log`;
/*!40101 SET @saved_cs_client     = @@character_set_client */;
/*!50503 SET character_set_client = utf8mb4 */;
CREATE TABLE `experiment_project_audit_log` (
  `id` bigint NOT NULL AUTO_INCREMENT COMMENT '审核ID',
  `experiment_project_id` bigint NOT NULL COMMENT '实验项目ID',
  `auditor_id` bigint NOT NULL COMMENT '审核人ID',
  `from_status` varchar(50) NOT NULL COMMENT '原状态',
  `to_status` varchar(50) NOT NULL COMMENT '新状态',
  `comment` text COMMENT '审核意见',
  `created_at` datetime DEFAULT CURRENT_TIMESTAMP COMMENT '创建时间',
  PRIMARY KEY (`id`),
  KEY `experiment_project_id` (`experiment_project_id`),
  KEY `auditor_id` (`auditor_id`),
  CONSTRAINT `experiment_project_audit_log_ibfk_1` FOREIGN KEY (`experiment_project_id`) REFERENCES `experiment_project` (`id`) ON DELETE CASCADE,
  CONSTRAINT `experiment_project_audit_log_ibfk_2` FOREIGN KEY (`auditor_id`) REFERENCES `user` (`id`) ON DELETE CASCADE
) ENGINE=InnoDB AUTO_INCREMENT=42 DEFAULT CHARSET=utf8mb4 COLLATE=utf8mb4_0900_ai_ci COMMENT='实验项目审核记录表';
/*!40101 SET character_set_client = @saved_cs_client */;

--
-- Dumping data for table `experiment_project_audit_log`
--

LOCK TABLES `experiment_project_audit_log` WRITE;
/*!40000 ALTER TABLE `experiment_project_audit_log` DISABLE KEYS */;
INSERT INTO `experiment_project_audit_log` VALUES (1,1,1,'PENDING','APPROVED','项目设计符合要求，予以通过','2024-03-10 14:30:00'),(2,1,1,'APPROVED','REJECTED','实验材料存在安全隐患，需重新设计','2024-03-12 09:15:00'),(3,2,1,'DRAFT','PENDING','项目初审完成，转交专业审核','2024-03-15 10:00:00'),(4,3,1,'PENDING','APPROVED','实验方案完善，同意执行','2024-03-18 16:45:00'),(5,1,1,'PENDING','APPROVED','项目设计符合教学要求，予以通过','2024-06-15 10:30:00'),(6,1,1,'APPROVED','PUBLISHED','完成测试验证，发布上线','2024-06-20 14:15:00'),(7,2,1,'DRAFT','PENDING','提交专业审核','2024-06-18 11:20:00'),(8,3,1,'PENDING','APPROVED','实验方案完善，同意执行','2024-06-22 09:45:00'),(9,4,1,'PENDING','REJECTED','数据样本不足，需补充案例','2024-06-25 16:30:00'),(10,5,1,'DRAFT','APPROVED','机械设计合理，通过审核','2024-06-28 10:00:00'),(11,6,1,'PENDING','APPROVED','医学实验符合安全标准','2024-07-01 09:30:00'),(12,1,1,'draft','pending','项目初审完成','2024-06-10 09:00:00'),(13,1,1,'pending','approved','实验方案完善，同意执行','2024-06-12 14:30:00'),(14,1,1,'approved','published','完成测试验证，发布上线','2024-06-15 10:15:00'),(15,2,1,'draft','pending','提交专业审核','2024-06-11 11:20:00'),(16,2,1,'pending','rejected','安全风险未解决，需修改','2024-06-13 15:45:00'),(17,3,1,'draft','pending','初步审核通过','2024-06-12 10:30:00'),(18,4,1,'pending','approved','项目设计符合要求','2024-06-14 16:20:00'),(19,5,1,'draft','published','直接发布特殊项目','2024-06-13 09:10:00'),(20,6,1,'approved','rejected','实验材料存在安全隐患','2024-06-15 11:30:00'),(21,7,1,'pending','approved','方案优化后通过','2024-06-16 14:15:00'),(22,8,1,'draft','pending','提交审核','2024-06-14 13:40:00'),(23,9,1,'pending','approved','电气实验方案完善','2024-06-17 10:25:00'),(24,10,1,'draft','rejected','描述不清晰，需重写','2024-06-18 15:30:00'),(25,11,1,'pending','published','通过审核并发布','2024-06-19 11:20:00'),(26,12,1,'approved','published','完成最终测试','2024-06-20 09:45:00'),(27,13,1,'draft','pending','新项目初审','2024-06-21 14:10:00'),(28,14,1,'pending','approved','卫星网络项目通过','2024-06-22 16:30:00'),(29,15,1,'draft','rejected','军事内容需保密审查','2024-06-23 10:15:00'),(30,16,1,'pending','approved','交通安全项目通过','2024-06-24 11:40:00'),(31,17,1,'draft','pending','机器人实验初审','2024-06-25 09:20:00'),(32,1,1,'published','archived','项目归档','2024-07-01 10:00:00'),(33,3,1,'pending','approved','物理实验最终通过','2024-06-28 14:15:00'),(34,5,1,'published','updated','更新钣金加工内容','2024-06-30 15:20:00'),(35,8,1,'pending','approved','导弹项目通过审核','2024-07-02 11:30:00'),(36,10,1,'rejected','pending','重新提交审核','2024-07-03 09:45:00'),(37,13,1,'pending','approved','自动化项目通过','2024-07-04 14:00:00'),(38,15,1,'rejected','pending','修改后重新提交','2024-07-05 10:30:00'),(39,17,1,'pending','approved','力学实验通过','2024-07-06 16:45:00'),(40,19,55,'pending','approved','我通过了','2025-07-08 15:57:29'),(41,20,55,'pending','approved','rosin是世界上最好的人','2025-07-08 17:08:11');
/*!40000 ALTER TABLE `experiment_project_audit_log` ENABLE KEYS */;
UNLOCK TABLES;

--
-- Table structure for table `experiment_project_class`
--

DROP TABLE IF EXISTS `experiment_project_class`;
/*!40101 SET @saved_cs_client     = @@character_set_client */;
/*!50503 SET character_set_client = utf8mb4 */;
CREATE TABLE `experiment_project_class` (
  `id` bigint NOT NULL AUTO_INCREMENT,
  `project_id` bigint NOT NULL,
  `class_id` bigint NOT NULL,
  PRIMARY KEY (`id`),
  KEY `project_id` (`project_id`),
  KEY `class_id` (`class_id`),
  CONSTRAINT `experiment_project_class_ibfk_1` FOREIGN KEY (`project_id`) REFERENCES `experiment_project` (`id`),
  CONSTRAINT `experiment_project_class_ibfk_2` FOREIGN KEY (`class_id`) REFERENCES `class` (`id`)
) ENGINE=InnoDB AUTO_INCREMENT=62 DEFAULT CHARSET=utf8mb4 COLLATE=utf8mb4_unicode_ci;
/*!40101 SET character_set_client = @saved_cs_client */;

--
-- Dumping data for table `experiment_project_class`
--

LOCK TABLES `experiment_project_class` WRITE;
/*!40000 ALTER TABLE `experiment_project_class` DISABLE KEYS */;
INSERT INTO `experiment_project_class` VALUES (1,1,1),(2,1,2),(3,2,3),(4,3,4),(5,4,5),(6,5,6),(7,6,1),(8,7,2),(9,8,3),(10,1,1),(11,1,2),(12,1,3),(14,2,4),(15,3,1),(16,3,5),(17,4,2),(18,4,6),(19,5,3),(20,5,4),(21,5,5),(22,6,1),(23,6,6),(24,7,2),(25,7,3),(26,7,4),(27,8,5),(28,8,6),(29,9,1),(30,10,2),(31,10,3),(32,11,4),(33,11,5),(34,12,6),(35,13,1),(36,13,2),(37,14,3),(38,14,4),(39,15,5),(40,15,6),(41,16,1),(42,16,3),(43,17,2),(44,17,4),(45,18,2),(46,19,3),(47,20,3),(48,23,1),(49,24,1),(50,25,1),(51,26,1),(52,27,3),(53,28,3),(54,29,1),(55,30,5),(56,31,1),(57,32,2),(58,33,2),(59,34,1),(60,35,1),(61,36,2);
/*!40000 ALTER TABLE `experiment_project_class` ENABLE KEYS */;
UNLOCK TABLES;

--
-- Table structure for table `experiment_record`
--

DROP TABLE IF EXISTS `experiment_record`;
/*!40101 SET @saved_cs_client     = @@character_set_client */;
/*!50503 SET character_set_client = utf8mb4 */;
CREATE TABLE `experiment_record` (
  `id` bigint NOT NULL AUTO_INCREMENT,
  `session_id` varchar(50) CHARACTER SET utf8mb4 COLLATE utf8mb4_unicode_ci NOT NULL COMMENT '唯一实验会话ID',
  `student_id` bigint NOT NULL,
  `project_id` bigint NOT NULL,
  `scene_id` bigint DEFAULT NULL COMMENT '实验场景ID',
  `start_time` datetime NOT NULL,
  `end_time` datetime DEFAULT NULL,
  `operation_data` json NOT NULL COMMENT '结构化操作记录',
  `status` enum('IN_PROGRESS','COMPLETED','ABORTED') CHARACTER SET utf8mb4 COLLATE utf8mb4_unicode_ci DEFAULT 'IN_PROGRESS',
  `created_at` datetime DEFAULT CURRENT_TIMESTAMP,
  `updated_at` datetime DEFAULT CURRENT_TIMESTAMP ON UPDATE CURRENT_TIMESTAMP,
  PRIMARY KEY (`id`),
  UNIQUE KEY `session_id` (`session_id`),
  KEY `student_project_idx` (`student_id`,`project_id`),
  KEY `project_id` (`project_id`),
  KEY `scene_id` (`scene_id`),
  CONSTRAINT `experiment_record_ibfk_1` FOREIGN KEY (`project_id`) REFERENCES `experiment_project` (`id`) ON DELETE CASCADE,
  CONSTRAINT `experiment_record_ibfk_2` FOREIGN KEY (`scene_id`) REFERENCES `experiment_scene` (`id`) ON DELETE SET NULL
) ENGINE=InnoDB AUTO_INCREMENT=42 DEFAULT CHARSET=utf8mb4 COLLATE=utf8mb4_unicode_ci;
/*!40101 SET character_set_client = @saved_cs_client */;

--
-- Dumping data for table `experiment_record`
--

LOCK TABLES `experiment_record` WRITE;
/*!40000 ALTER TABLE `experiment_record` DISABLE KEYS */;
INSERT INTO `experiment_record` VALUES (13,'SESS202406100900',1,1,4,'2024-06-10 09:00:00','2024-06-10 10:18:00','{\"steps\": [{\"time\": \"09:00\", \"action\": \"step2\"}]}','COMPLETED','2025-07-02 09:38:58','2025-07-02 09:38:58'),(14,'SESS202406121400',1,1,4,'2024-06-12 14:00:00','2024-06-12 15:47:00','{\"steps\": [{\"time\": \"14:00\", \"action\": \"step3\"}]}','COMPLETED','2025-07-02 09:38:58','2025-07-02 09:38:58'),(15,'SESS202406151030',1,1,4,'2024-06-15 10:30:00','2024-06-15 11:44:00','{\"steps\": [{\"time\": \"10:30\", \"action\": \"step1\"}]}','COMPLETED','2025-07-02 09:38:58','2025-07-02 09:38:58'),(16,'SESS202406111000',1,2,6,'2024-06-11 10:00:00','2024-06-11 12:33:00','{\"steps\": [{\"time\": \"10:00\", \"action\": \"step3\"}]}','COMPLETED','2025-07-02 09:38:58','2025-07-02 09:38:58'),(17,'SESS202406131500',1,2,6,'2024-06-13 15:00:00',NULL,'{\"steps\": [{\"time\": \"15:00\", \"action\": \"step2\"}]}','ABORTED','2025-07-02 09:38:58','2025-07-02 09:38:58'),(18,'SESS202406121100',1,3,7,'2024-06-12 11:00:00','2024-06-12 13:50:00','{\"steps\": [{\"time\": \"11:00\", \"action\": \"step2\"}]}','COMPLETED','2025-07-02 09:38:58','2025-07-02 09:38:58'),(19,'SESS202406140930',1,4,8,'2024-06-14 09:30:00','2024-06-14 11:09:00','{\"steps\": [{\"time\": \"09:30\", \"action\": \"step3\"}]}','COMPLETED','2025-07-02 09:38:58','2025-07-02 09:38:58'),(20,'SESS202406131000',1,5,9,'2024-06-13 10:00:00',NULL,'{\"steps\": [{\"time\": \"10:00\", \"action\": \"step3\"}]}','IN_PROGRESS','2025-07-02 09:38:58','2025-07-02 09:38:58'),(21,'SESS202406151400',1,6,10,'2024-06-15 14:00:00','2024-06-15 16:01:00','{\"steps\": [{\"time\": \"14:00\", \"action\": \"step2\"}]}','COMPLETED','2025-07-02 09:38:58','2025-07-02 09:38:58'),(22,'SESS202406161030',1,7,11,'2024-06-16 10:30:00','2024-06-16 12:44:00','{\"steps\": [{\"time\": \"10:30\", \"action\": \"step1\"}]}','COMPLETED','2025-07-02 09:38:58','2025-07-02 09:38:58'),(23,'SESS202406141400',1,8,12,'2024-06-14 14:00:00','2024-06-14 15:11:00','{\"steps\": [{\"time\": \"14:00\", \"action\": \"step3\"}]}','COMPLETED','2025-07-02 09:38:58','2025-07-02 09:38:58'),(24,'SESS202406171100',1,9,37,'2024-06-17 11:00:00',NULL,'{\"steps\": [{\"time\": \"11:00\", \"action\": \"step1\"}]}','ABORTED','2025-07-02 09:38:58','2025-07-02 09:38:58'),(25,'SESS202406180900',1,10,40,'2024-06-18 09:00:00','2024-06-18 10:59:00','{\"steps\": [{\"time\": \"09:00\", \"action\": \"step3\"}]}','COMPLETED','2025-07-02 09:38:58','2025-07-02 09:38:58'),(26,'SESS202406191030',1,11,43,'2024-06-19 10:30:00',NULL,'{\"steps\": [{\"time\": \"10:30\", \"action\": \"step1\"}]}','IN_PROGRESS','2025-07-02 09:38:58','2025-07-02 09:38:58'),(27,'SESS202406201400',1,12,46,'2024-06-20 14:00:00','2024-06-20 15:03:00','{\"steps\": [{\"time\": \"14:00\", \"action\": \"step2\"}]}','COMPLETED','2025-07-02 09:38:58','2025-07-02 09:38:58'),(28,'SESS202406210930',1,13,49,'2024-06-21 09:30:00','2024-06-21 12:07:00','{\"steps\": [{\"time\": \"09:30\", \"action\": \"step3\"}]}','COMPLETED','2025-07-02 09:38:58','2025-07-02 09:38:58'),(29,'SESS202406221000',1,14,52,'2024-06-22 10:00:00','2024-06-22 11:27:00','{\"steps\": [{\"time\": \"10:00\", \"action\": \"step2\"}]}','COMPLETED','2025-07-02 09:38:58','2025-07-02 09:38:58'),(30,'SESS202406231430',1,15,55,'2024-06-23 14:30:00',NULL,'{\"steps\": [{\"time\": \"14:30\", \"action\": \"step1\"}]}','ABORTED','2025-07-02 09:38:58','2025-07-02 09:38:58'),(31,'SESS202406241100',1,16,58,'2024-06-24 11:00:00','2024-06-24 12:14:00','{\"steps\": [{\"time\": \"11:00\", \"action\": \"step2\"}]}','COMPLETED','2025-07-02 09:38:58','2025-07-02 09:38:58'),(32,'SESS202406250900',1,17,61,'2024-06-25 09:00:00',NULL,'{\"steps\": [{\"time\": \"09:00\", \"action\": \"step1\"}]}','IN_PROGRESS','2025-07-02 09:38:58','2025-07-02 09:38:58'),(33,'SESS202407011000',1,1,4,'2024-07-01 10:00:00','2024-07-01 12:08:00','{\"steps\": [{\"time\": \"10:00\", \"action\": \"step1\"}]}','COMPLETED','2025-07-02 09:38:58','2025-07-02 09:38:58'),(34,'SESS202407021400',1,2,6,'2024-07-02 14:00:00','2024-07-02 15:15:00','{\"steps\": [{\"time\": \"14:00\", \"action\": \"step1\"}]}','COMPLETED','2025-07-02 09:38:58','2025-07-02 09:38:58'),(35,'SESS202407030930',1,3,7,'2024-07-03 09:30:00',NULL,'{\"steps\": [{\"time\": \"09:30\", \"action\": \"step1\"}]}','IN_PROGRESS','2025-07-02 09:38:58','2025-07-02 09:38:58'),(36,'SESS202407041100',1,4,8,'2024-07-04 11:00:00','2024-07-04 12:09:00','{\"steps\": [{\"time\": \"11:00\", \"action\": \"step2\"}]}','COMPLETED','2025-07-02 09:38:58','2025-07-02 09:38:58'),(37,'SESS202407051030',1,5,9,'2024-07-05 10:30:00','2024-07-05 12:11:00','{\"steps\": [{\"time\": \"10:30\", \"action\": \"step1\"}]}','COMPLETED','2025-07-02 09:38:58','2025-07-02 09:38:58'),(38,'SESS202407061400',1,6,10,'2024-07-06 14:00:00',NULL,'{\"steps\": [{\"time\": \"14:00\", \"action\": \"step3\"}]}','ABORTED','2025-07-02 09:38:58','2025-07-02 09:38:58'),(39,'SESS202407070900',1,7,11,'2024-07-07 09:00:00','2024-07-07 11:14:00','{\"steps\": [{\"time\": \"09:00\", \"action\": \"step2\"}]}','COMPLETED','2025-07-02 09:38:58','2025-07-02 09:38:58'),(40,'SESS202407081000',1,8,12,'2024-07-08 10:00:00',NULL,'{\"steps\": [{\"time\": \"10:00\", \"action\": \"step1\"}]}','IN_PROGRESS','2025-07-02 09:38:58','2025-07-02 09:38:58'),(41,'SESS202407091430',1,9,37,'2024-07-09 14:30:00','2024-07-09 16:14:00','{\"steps\": [{\"time\": \"14:30\", \"action\": \"step1\"}]}','COMPLETED','2025-07-02 09:38:58','2025-07-02 09:38:58');
/*!40000 ALTER TABLE `experiment_record` ENABLE KEYS */;
UNLOCK TABLES;

--
-- Table structure for table `experiment_report`
--

DROP TABLE IF EXISTS `experiment_report`;
/*!40101 SET @saved_cs_client     = @@character_set_client */;
/*!50503 SET character_set_client = utf8mb4 */;
CREATE TABLE `experiment_report` (
  `id` bigint NOT NULL AUTO_INCREMENT,
  `session_id` varchar(50) CHARACTER SET utf8mb4 COLLATE utf8mb4_unicode_ci NOT NULL COMMENT '关联操作记录的session_id',
  `student_id` bigint NOT NULL,
  `project_id` bigint NOT NULL,
  `manual_content` longtext CHARACTER SET utf8mb4 COLLATE utf8mb4_unicode_ci COMMENT '学生编辑的内容',
  `status` varchar(255) CHARACTER SET utf8mb4 COLLATE utf8mb4_unicode_ci DEFAULT 'DRAFT',
  `created_at` datetime DEFAULT CURRENT_TIMESTAMP,
  `updated_at` datetime DEFAULT CURRENT_TIMESTAMP ON UPDATE CURRENT_TIMESTAMP,
  `principle` text CHARACTER SET utf8mb4 COLLATE utf8mb4_unicode_ci,
  `purpose` text CHARACTER SET utf8mb4 COLLATE utf8mb4_unicode_ci,
  `category` text CHARACTER SET utf8mb4 COLLATE utf8mb4_unicode_ci,
  `method` text CHARACTER SET utf8mb4 COLLATE utf8mb4_unicode_ci,
  `description` text CHARACTER SET utf8mb4 COLLATE utf8mb4_unicode_ci,
  `steps` text CHARACTER SET utf8mb4 COLLATE utf8mb4_unicode_ci,
  `title` text CHARACTER SET utf8mb4 COLLATE utf8mb4_unicode_ci,
  `attachment_path` varchar(512) CHARACTER SET utf8mb4 COLLATE utf8mb4_unicode_ci DEFAULT NULL COMMENT '文件存储路径',
  `original_filename` varchar(255) CHARACTER SET utf8mb4 COLLATE utf8mb4_unicode_ci DEFAULT NULL COMMENT '原始文件名',
  `file_size` bigint DEFAULT NULL COMMENT '文件大小(字节)',
  `mime_type` varchar(100) CHARACTER SET utf8mb4 COLLATE utf8mb4_unicode_ci DEFAULT NULL COMMENT '文件类型',
  `score` decimal(5,2) DEFAULT NULL COMMENT '分数',
  `comment` text CHARACTER SET utf8mb4 COLLATE utf8mb4_unicode_ci COMMENT '评语',
  `teacher_name` varchar(255) CHARACTER SET utf8mb4 COLLATE utf8mb4_unicode_ci DEFAULT NULL,
  PRIMARY KEY (`id`),
  UNIQUE KEY `session_id` (`session_id`),
  KEY `student_project_idx` (`student_id`,`project_id`)
) ENGINE=InnoDB AUTO_INCREMENT=47 DEFAULT CHARSET=utf8mb4 COLLATE=utf8mb4_unicode_ci;
/*!40101 SET character_set_client = @saved_cs_client */;

--
-- Dumping data for table `experiment_report`
--

LOCK TABLES `experiment_report` WRITE;
/*!40000 ALTER TABLE `experiment_report` DISABLE KEYS */;
INSERT INTO `experiment_report` VALUES (1,'SESS202406100900',1,16,'实验中发现重要现象：吸收过程3D虚拟仿真实验在特定条件下表现出有趣的现象','GRADED','2025-07-02 10:25:45','2025-07-09 12:09:51','化学实验基本原理：相关领域的基础理论和实验方法','吸收过程3D虚拟仿真实验实验目的：验证理论假设，获取实验数据，提出改进方案','化学','虚拟仿真法','本报告记录了吸收过程3D虚拟仿真实验实验的完整过程和结果分析。通过虚拟仿真平台，我们获得了宝贵的实验数据，验证了理论假设，并提出了改进建议。','1. 准备阶段：实验环境准备和参数设置\n2. 操作过程：按照实验方案执行操作步骤\n3. 数据分析：处理实验数据，验证假设，得出结论','吸收过程3D虚拟仿真实验实验报告',NULL,NULL,NULL,NULL,66.00,'666666666',NULL),(2,'SESS202406121400',1,17,'实验中发现重要现象：吸收过程3D虚拟仿真实验在特定条件下表现出有趣的现象','GRADED','2025-07-02 10:25:45','2025-07-09 12:09:51','化学实验基本原理：相关领域的基础理论和实验方法','吸收过程3D虚拟仿真实验实验目的：验证理论假设，获取实验数据，提出改进方案','化学','虚拟仿真法','本报告记录了吸收过程3D虚拟仿真实验实验的完整过程和结果分析。通过虚拟仿真平台，我们获得了宝贵的实验数据，验证了理论假设，并提出了改进建议。','1. 准备阶段：实验环境准备和参数设置\n2. 操作过程：按照实验方案执行操作步骤\n3. 数据分析：处理实验数据，验证假设，得出结论','吸收过程3D虚拟仿真实验实验报告',NULL,NULL,NULL,NULL,66.00,NULL,NULL),(3,'SESS202406151030',1,18,'实验中发现重要现象：吸收过程3D虚拟仿真实验在特定条件下表现出有趣的现象','GRADED','2025-07-02 10:25:45','2025-07-09 12:09:52','化学实验基本原理：相关领域的基础理论和实验方法','吸收过程3D虚拟仿真实验实验目的：验证理论假设，获取实验数据，提出改进方案','化学','虚拟仿真法','本报告记录了吸收过程3D虚拟仿真实验实验的完整过程和结果分析。通过虚拟仿真平台，我们获得了宝贵的实验数据，验证了理论假设，并提出了改进建议。','1. 准备阶段：实验环境准备和参数设置\n2. 操作过程：按照实验方案执行操作步骤\n3. 数据分析：处理实验数据，验证假设，得出结论','吸收过程3D虚拟仿真实验实验报告',NULL,NULL,NULL,NULL,66.00,NULL,NULL),(4,'SESS202407011000',1,1,'实验中发现重要现象：吸收过程3D虚拟仿真实验在特定条件下表现出有趣的现象','GRADED','2025-07-02 10:25:45','2025-07-09 12:09:51','化学实验基本原理：相关领域的基础理论和实验方法','吸收过程3D虚拟仿真实验实验目的：验证理论假设，获取实验数据，提出改进方案','化学','虚拟仿真法','本报告记录了吸收过程3D虚拟仿真实验实验的完整过程和结果分析。通过虚拟仿真平台，我们获得了宝贵的实验数据，验证了理论假设，并提出了改进建议。','1. 准备阶段：实验环境准备和参数设置\n2. 操作过程：按照实验方案执行操作步骤\n3. 数据分析：处理实验数据，验证假设，得出结论','吸收过程3D虚拟仿真实验实验报告',NULL,NULL,NULL,NULL,66.00,NULL,NULL),(5,'SESS202406111000',1,2,'<p>实验中发现重要现象：拒绝服务<strong>攻击与防御虚拟仿真实验在特定条件下表现</strong>出有趣的现象</p>','GRADED','2025-07-02 10:25:45','2025-07-09 12:09:51','计算机实验基本原理：相关领域的基础理论和实验方法','拒绝服务攻击与防御虚拟仿真实验实验目的：验证理论假设，获取实验数据，提出改进方案','计算机','虚拟仿真法','本报告记录了拒绝服务攻击与防御虚拟仿真实验实验的完整过程和结果分析。通过虚拟仿真平台，我们获得了宝贵的实验数据，验证了理论假设，并提出了改进建议。','1. 准备阶段：实验环境准备和参数设置\n2. 操作过程：按照实验方案执行操作步骤\n3. 数据分析：处理实验数据，验证假设，得出结论','拒绝服务攻击与防御虚拟仿真实验实验报告','/uploads/61241a96-0fa0-41d3-98cb-376689fd9785.docx','试卷.docx',20909,'application/vnd.openxmlformats-officedocument.wordprocessingml.document',66.00,'好！！！',NULL),(6,'SESS202406131500',1,19,'<p>实验中发现重要现象：拒绝服务攻击与防御虚拟仿真实验在特定条件下表现出有趣的现象</p>','GRADED','2025-07-02 10:25:45','2025-07-09 12:09:51','计算机实验基本原理：相关领域的基础理论和实验方法','拒绝服务攻击与防御虚拟仿真实验实验目的：验证理论假设，获取实验数据，提出改进方案','计算机','虚拟仿真法','本报告记录了拒绝服务攻击与防御虚拟仿真实验实验的完整过程和结果分析。通过虚拟仿真平台，我们获得了宝贵的实验数据，验证了理论假设，并提出了改进建议。','1. 准备阶段：实验环境准备和参数设置\n2. 操作过程：按照实验方案执行操作步骤\n3. 数据分析：处理实验数据，验证假设，得出结论','拒绝服务攻击与防御虚拟仿真实验实验报告','','',0,'',66.00,NULL,NULL),(7,'SESS202407021400',1,20,'实验中发现重要现象：拒绝服务攻击与防御虚拟仿真实验在特定条件下表现出有趣的现象','GRADED','2025-07-02 10:25:45','2025-07-09 12:07:06','计算机实验基本原理：相关领域的基础理论和实验方法','拒绝服务攻击与防御虚拟仿真实验实验目的：验证理论假设，获取实验数据，提出改进方案','计算机','虚拟仿真法','本报告记录了拒绝服务攻击与防御虚拟仿真实验实验的完整过程和结果分析。通过虚拟仿真平台，我们获得了宝贵的实验数据，验证了理论假设，并提出了改进建议。','1. 准备阶段：实验环境准备和参数设置\n2. 操作过程：按照实验方案执行操作步骤\n3. 数据分析：处理实验数据，验证假设，得出结论','拒绝服务攻击与防御虚拟仿真实验实验报告','/uploads/059935bb-8d4e-4e92-a31b-6aa92f44579f.pdf','Software Testing with Python(5).pdf',1628377,'application/pdf',66.00,'嗯',NULL),(8,'SESS202406121100',1,3,'实验中发现重要现象：低重力环境四足机器人运动特性虚拟仿真实验在特定条件下表现出有趣的现象','GRADED','2025-07-02 10:25:45','2025-07-09 12:09:51','物理实验基本原理：相关领域的基础理论和实验方法','低重力环境四足机器人运动特性虚拟仿真实验实验目的：验证理论假设，获取实验数据，提出改进方案','物理','虚拟仿真法','本报告记录了低重力环境四足机器人运动特性虚拟仿真实验实验的完整过程和结果分析。通过虚拟仿真平台，我们获得了宝贵的实验数据，验证了理论假设，并提出了改进建议。','1. 准备阶段：实验环境准备和参数设置\n2. 操作过程：按照实验方案执行操作步骤\n3. 数据分析：处理实验数据，验证假设，得出结论','低重力环境四足机器人运动特性虚拟仿真实验实验报告',NULL,NULL,NULL,NULL,66.00,NULL,NULL),(9,'SESS202407030930',2,3,'实验中发现重要现象：低重力环境四足机器人运动特性虚拟仿真实验在特定条件下表现出有趣的现象','GRADED','2025-07-02 10:25:45','2025-07-09 12:09:51','物理实验基本原理：相关领域的基础理论和实验方法','低重力环境四足机器人运动特性虚拟仿真实验实验目的：验证理论假设，获取实验数据，提出改进方案','物理','虚拟仿真法','本报告记录了低重力环境四足机器人运动特性虚拟仿真实验实验的完整过程和结果分析。通过虚拟仿真平台，我们获得了宝贵的实验数据，验证了理论假设，并提出了改进建议。','1. 准备阶段：实验环境准备和参数设置\n2. 操作过程：按照实验方案执行操作步骤\n3. 数据分析：处理实验数据，验证假设，得出结论','低重力环境四足机器人运动特性虚拟仿真实验实验报告',NULL,NULL,NULL,NULL,98.00,NULL,NULL),(10,'SESS202406140930',1,4,'实验中发现重要现象：大学计算机基础——农产品产销大数据虚拟仿真实验在特定条件下表现出有趣的现象','GRADED','2025-07-02 10:25:45','2025-07-09 12:09:51','计算机实验基本原理：相关领域的基础理论和实验方法','大学计算机基础——农产品产销大数据虚拟仿真实验实验目的：验证理论假设，获取实验数据，提出改进方案','计算机','虚拟仿真法','本报告记录了大学计算机基础——农产品产销大数据虚拟仿真实验实验的完整过程和结果分析。通过虚拟仿真平台，我们获得了宝贵的实验数据，验证了理论假设，并提出了改进建议。','1. 准备阶段：实验环境准备和参数设置\n2. 操作过程：按照实验方案执行操作步骤\n3. 数据分析：处理实验数据，验证假设，得出结论','大学计算机基础——农产品产销大数据虚拟仿真实验实验报告',NULL,NULL,NULL,NULL,66.00,NULL,NULL),(11,'SESS202407041100',2,4,'实验中发现重要现象：大学计算机基础——农产品产销大数据虚拟仿真实验在特定条件下表现出有趣的现象','GRADED','2025-07-02 10:25:45','2025-07-09 12:09:51','计算机实验基本原理：相关领域的基础理论和实验方法','大学计算机基础——农产品产销大数据虚拟仿真实验实验目的：验证理论假设，获取实验数据，提出改进方案','计算机','虚拟仿真法','本报告记录了大学计算机基础——农产品产销大数据虚拟仿真实验实验的完整过程和结果分析。通过虚拟仿真平台，我们获得了宝贵的实验数据，验证了理论假设，并提出了改进建议。','1. 准备阶段：实验环境准备和参数设置\n2. 操作过程：按照实验方案执行操作步骤\n3. 数据分析：处理实验数据，验证假设，得出结论','大学计算机基础——农产品产销大数据虚拟仿真实验实验报告',NULL,NULL,NULL,NULL,98.00,NULL,NULL),(12,'SESS202406131000',1,5,'实验中发现重要现象：钣金类产品加工虚拟仿真实验教学项目在特定条件下表现出有趣的现象','GRADED','2025-07-02 10:25:45','2025-07-09 12:09:51','机械实验基本原理：相关领域的基础理论和实验方法','钣金类产品加工虚拟仿真实验教学项目实验目的：验证理论假设，获取实验数据，提出改进方案','机械','虚拟仿真法','本报告记录了钣金类产品加工虚拟仿真实验教学项目实验的完整过程和结果分析。通过虚拟仿真平台，我们获得了宝贵的实验数据，验证了理论假设，并提出了改进建议。','1. 准备阶段：实验环境准备和参数设置\n2. 操作过程：按照实验方案执行操作步骤\n3. 数据分析：处理实验数据，验证假设，得出结论','钣金类产品加工虚拟仿真实验教学项目实验报告',NULL,NULL,NULL,NULL,98.00,NULL,NULL),(13,'SESS202407051030',2,5,'实验中发现重要现象：钣金类产品加工虚拟仿真实验教学项目在特定条件下表现出有趣的现象','GRADED','2025-07-02 10:25:45','2025-07-09 12:09:51','机械实验基本原理：相关领域的基础理论和实验方法','钣金类产品加工虚拟仿真实验教学项目实验目的：验证理论假设，获取实验数据，提出改进方案','机械','虚拟仿真法','本报告记录了钣金类产品加工虚拟仿真实验教学项目实验的完整过程和结果分析。通过虚拟仿真平台，我们获得了宝贵的实验数据，验证了理论假设，并提出了改进建议。','1. 准备阶段：实验环境准备和参数设置\n2. 操作过程：按照实验方案执行操作步骤\n3. 数据分析：处理实验数据，验证假设，得出结论','钣金类产品加工虚拟仿真实验教学项目实验报告',NULL,NULL,NULL,NULL,98.00,NULL,NULL),(14,'SESS202406151400',1,6,'实验中发现重要现象：蛋白质表达纯化及其结构解析虚拟仿真实验在特定条件下表现出有趣的现象','GRADED','2025-07-02 10:25:45','2025-07-09 12:09:51','基础医学实验基本原理：相关领域的基础理论和实验方法','蛋白质表达纯化及其结构解析虚拟仿真实验实验目的：验证理论假设，获取实验数据，提出改进方案','基础医学','虚拟仿真法','本报告记录了蛋白质表达纯化及其结构解析虚拟仿真实验实验的完整过程和结果分析。通过虚拟仿真平台，我们获得了宝贵的实验数据，验证了理论假设，并提出了改进建议。','1. 准备阶段：实验环境准备和参数设置\n2. 操作过程：按照实验方案执行操作步骤\n3. 数据分析：处理实验数据，验证假设，得出结论','蛋白质表达纯化及其结构解析虚拟仿真实验实验报告',NULL,NULL,NULL,NULL,98.00,NULL,NULL),(15,'SESS202407061400',2,6,'实验中发现重要现象：蛋白质表达纯化及其结构解析虚拟仿真实验在特定条件下表现出有趣的现象','GRADED','2025-07-02 10:25:45','2025-07-09 12:09:51','基础医学实验基本原理：相关领域的基础理论和实验方法','蛋白质表达纯化及其结构解析虚拟仿真实验实验目的：验证理论假设，获取实验数据，提出改进方案','基础医学','虚拟仿真法','本报告记录了蛋白质表达纯化及其结构解析虚拟仿真实验实验的完整过程和结果分析。通过虚拟仿真平台，我们获得了宝贵的实验数据，验证了理论假设，并提出了改进建议。','1. 准备阶段：实验环境准备和参数设置\n2. 操作过程：按照实验方案执行操作步骤\n3. 数据分析：处理实验数据，验证假设，得出结论','蛋白质表达纯化及其结构解析虚拟仿真实验实验报告',NULL,NULL,NULL,NULL,98.00,NULL,NULL);
/*!40000 ALTER TABLE `experiment_report` ENABLE KEYS */;
UNLOCK TABLES;

--
-- Table structure for table `experiment_report_template`
--

DROP TABLE IF EXISTS `experiment_report_template`;
/*!40101 SET @saved_cs_client     = @@character_set_client */;
/*!50503 SET character_set_client = utf8mb4 */;
CREATE TABLE `experiment_report_template` (
  `id` bigint NOT NULL AUTO_INCREMENT,
  `experiment_id` bigint NOT NULL,
  `title` varchar(255) CHARACTER SET utf8mb4 COLLATE utf8mb4_unicode_ci NOT NULL,
  `content` text CHARACTER SET utf8mb4 COLLATE utf8mb4_unicode_ci NOT NULL,
  `create_time` datetime DEFAULT CURRENT_TIMESTAMP,
  `update_time` datetime DEFAULT CURRENT_TIMESTAMP ON UPDATE CURRENT_TIMESTAMP,
  PRIMARY KEY (`id`)
) ENGINE=InnoDB DEFAULT CHARSET=utf8mb4 COLLATE=utf8mb4_unicode_ci;
/*!40101 SET character_set_client = @saved_cs_client */;

--
-- Dumping data for table `experiment_report_template`
--

LOCK TABLES `experiment_report_template` WRITE;
/*!40000 ALTER TABLE `experiment_report_template` DISABLE KEYS */;
/*!40000 ALTER TABLE `experiment_report_template` ENABLE KEYS */;
UNLOCK TABLES;

--
-- Table structure for table `experiment_scene`
--

DROP TABLE IF EXISTS `experiment_scene`;
/*!40101 SET @saved_cs_client     = @@character_set_client */;
/*!50503 SET character_set_client = utf8mb4 */;
CREATE TABLE `experiment_scene` (
  `id` bigint NOT NULL AUTO_INCREMENT,
  `project_id` bigint NOT NULL,
  `params` text CHARACTER SET utf8mb4 COLLATE utf8mb4_unicode_ci,
  `tasks` text CHARACTER SET utf8mb4 COLLATE utf8mb4_unicode_ci,
  PRIMARY KEY (`id`),
  KEY `project_id` (`project_id`),
  CONSTRAINT `experiment_scene_ibfk_1` FOREIGN KEY (`project_id`) REFERENCES `experiment_project` (`id`) ON DELETE CASCADE
) ENGINE=InnoDB AUTO_INCREMENT=64 DEFAULT CHARSET=utf8mb4 COLLATE=utf8mb4_unicode_ci;
/*!40101 SET character_set_client = @saved_cs_client */;

--
-- Dumping data for table `experiment_scene`
--

LOCK TABLES `experiment_scene` WRITE;
/*!40000 ALTER TABLE `experiment_scene` DISABLE KEYS */;
INSERT INTO `experiment_scene` VALUES (4,1,'{\"temperature\": 25, \"pressure\": 101.3}','1. 溶液配制\n2. 吸收塔操作\n3. 数据记录分析'),(5,1,'{\"temperature\": 40, \"pressure\": 105.5}','1. 高温条件测试\n2. 效率对比\n3. 优化建议'),(6,2,'{\"attackType\": \"SYN Flood\", \"duration\": 60}','1. 攻击模拟\n2. 流量分析\n3. 防御策略'),(7,3,'{\"gravity\": 0.38, \"terrain\": \"rocky\"}','1. 机器人控制\n2. 运动特性分析\n3. 稳定性测试'),(8,4,'{\"dataSize\": \"10GB\", \"crops\": [\"rice\", \"wheat\"]}','1. 数据采集\n2. 价格预测\n3. 供需分析'),(9,5,'{\"material\": \"steel\", \"thickness\": \"2mm\"}','1. 下料\n2. 折弯成型\n3. 焊接组装'),(10,6,'{\"protein\": \"Factor VIII\", \"method\": \"X-ray\"}','1. 蛋白质表达\n2. 纯化流程\n3. 结构解析'),(11,7,'{\"warehouses\": 5, \"transport\": \"truck\"}','1. 仓储点选址\n2. 运输路径规划\n3. 系统优化'),(12,8,'{\"targetSpeed\": 800, \"sensorRange\": 5000}','1. 目标探测\n2. 轨迹模拟\n3. 拦截效果分析'),(13,1,'{\"temperature\":25,\"pressure\":100}','1. 溶液配制\n2. 吸收塔操作\n3. 数据记录'),(14,1,'{\"temperature\":40,\"pressure\":120}','1. 高温条件测试\n2. 效率对比\n3. 优化建议'),(15,1,'{\"temperature\":60,\"pressure\":150}','1. 极限条件测试\n2. 安全监测\n3. 结果分析'),(16,2,'{\"attackType\":\"SYN Flood\",\"duration\":60}','1. 攻击模拟\n2. 流量分析\n3. 防御策略'),(17,2,'{\"attackType\":\"UDP Flood\",\"duration\":45}','1. 配置攻击参数\n2. 观察系统反应\n3. 调整防御'),(18,2,'{\"attackType\":\"ICMP Flood\",\"duration\":30}','1. 模拟攻击\n2. 分析数据包\n3. 设置过滤规则'),(19,3,'{\"gravity\":0.38,\"terrain\":\"rocky\"}','1. 机器人控制\n2. 运动特性分析\n3. 稳定性测试'),(20,3,'{\"gravity\":0.16,\"terrain\":\"sandy\"}','1. 沙地行走测试\n2. 能耗分析\n3. 路径优化'),(21,3,'{\"gravity\":0.25,\"terrain\":\"mixed\"}','1. 复杂地形测试\n2. 自适应控制\n3. 性能评估'),(22,4,'{\"dataSize\":\"10GB\",\"crops\":[\"rice\",\"wheat\"]}','1. 数据采集\n2. 价格预测\n3. 供需分析'),(23,4,'{\"dataSize\":\"5GB\",\"crops\":[\"corn\",\"soybean\"]}','1. 市场趋势分析\n2. 库存优化\n3. 物流规划'),(24,4,'{\"dataSize\":\"15GB\",\"crops\":[\"vegetables\",\"fruits\"]}','1. 季节性分析\n2. 价格波动预测\n3. 风险控制'),(25,5,'{\"material\":\"steel\",\"thickness\":\"2mm\"}','1. 下料\n2. 折弯成型\n3. 焊接组装'),(26,5,'{\"material\":\"aluminum\",\"thickness\":\"1.5mm\"}','1. 材料准备\n2. 精密加工\n3. 表面处理'),(27,5,'{\"material\":\"copper\",\"thickness\":\"3mm\"}','1. 模具选择\n2. 冲压操作\n3. 质量检测'),(28,6,'{\"protein\":\"Factor VIII\",\"method\":\"X-ray\"}','1. 蛋白质表达\n2. 纯化流程\n3. 结构解析'),(29,6,'{\"protein\":\"Insulin\",\"method\":\"NMR\"}','1. 培养条件优化\n2. 分离纯化\n3. 结构测定'),(30,6,'{\"protein\":\"Hemoglobin\",\"method\":\"Cryo-EM\"}','1. 表达系统建立\n2. 纯化策略\n3. 三维重构'),(31,7,'{\"warehouses\":5,\"transport\":\"truck\"}','1. 仓储点选址\n2. 运输路径规划\n3. 系统优化'),(32,7,'{\"warehouses\":8,\"transport\":\"rail\"}','1. 多式联运规划\n2. 成本计算\n3. 效率分析'),(33,7,'{\"warehouses\":3,\"transport\":\"ship\"}','1. 港口仓储规划\n2. 海运路线\n3. 风险管理'),(34,8,'{\"targetSpeed\":800,\"sensorRange\":5000}','1. 目标探测\n2. 轨迹模拟\n3. 拦截效果分析'),(35,8,'{\"targetSpeed\":1000,\"sensorRange\":8000}','1. 高速目标追踪\n2. 制导算法\n3. 命中率计算'),(36,8,'{\"targetSpeed\":600,\"sensorRange\":3000}','1. 低空目标探测\n2. 抗干扰测试\n3. 系统优化'),(37,9,'{\"voltage\":\"10kV\",\"capacity\":\"1000kVA\"}','1. 系统配置\n2. 并网测试\n3. 效率分析'),(38,9,'{\"voltage\":\"20kV\",\"capacity\":\"2000kVA\"}','1. 负载测试\n2. 稳定性监测\n3. 故障模拟'),(39,9,'{\"voltage\":\"35kV\",\"capacity\":\"5000kVA\"}','1. 高压操作\n2. 保护策略\n3. 能效优化'),(40,10,'{\"lineType\":\"AC25kV\",\"trainType\":\"CRH\"}','1. 谐波采集\n2. 频谱分析\n3. 滤波设计'),(41,10,'{\"lineType\":\"DC1500V\",\"trainType\":\"metro\"}','1. 直流谐波分析\n2. 治理方案\n3. 效果验证'),(42,10,'{\"lineType\":\"AC50Hz\",\"trainType\":\"freight\"}','1. 重载谐波测试\n2. 补偿策略\n3. 系统优化'),(43,11,'{\"breakerType\":\"vacuum\",\"voltage\":\"10kV\"}','1. 结构认知\n2. 预防性试验\n3. 安全操作'),(44,11,'{\"breakerType\":\"SF6\",\"voltage\":\"35kV\"}','1. 设备拆解\n2. 特性测试\n3. 维护流程'),(45,11,'{\"breakerType\":\"air\",\"voltage\":\"0.4kV\"}','1. 低压断路器\n2. 操作训练\n3. 故障处理'),(46,12,'{\"plantType\":\"steel\",\"voltage\":\"110kV\"}','1. 电能质量监测\n2. 问题诊断\n3. 优化方案'),(47,12,'{\"plantType\":\"chemical\",\"voltage\":\"35kV\"}','1. 谐波分析\n2. 无功补偿\n3. 节能评估'),(48,12,'{\"plantType\":\"manufacturing\",\"voltage\":\"10kV\"}','1. 负载分析\n2. 功率因数校正\n3. 成本计算'),(49,13,'{\"robotType\":\"AGV\",\"warehouseSize\":\"5000m²\"}','1. 路径规划\n2. 任务分配\n3. 协同调度'),(50,13,'{\"robotType\":\"AMR\",\"warehouseSize\":\"10000m²\"}','1. 动态避障\n2. 效率优化\n3. 系统集成'),(51,13,'{\"robotType\":\"forklift\",\"warehouseSize\":\"3000m²\"}','1. 货物识别\n2. 托盘操作\n3. 仓储管理'),(52,14,'{\"satelliteType\":\"LEO\",\"attackType\":\"DoS\"}','1. 网络拓扑构建\n2. 攻击模拟\n3. 防御策略'),(53,14,'{\"satelliteType\":\"GEO\",\"attackType\":\"spoofing\"}','1. 身份认证测试\n2. 安全漏洞分析\n3. 加固方案'),(54,14,'{\"satelliteType\":\"MEO\",\"attackType\":\"eavesdrop\"}','1. 通信加密\n2. 安全传输\n3. 抗干扰测试'),(55,15,'{\"missileType\":\"air-to-air\",\"guidance\":\"radar\"}','1. 导引律设计\n2. 六自由度仿真\n3. 命中精度'),(56,15,'{\"missileType\":\"air-to-ground\",\"guidance\":\"laser\"}','1. 目标锁定\n2. 激光制导\n3. 毁伤评估'),(57,15,'{\"missileType\":\"surface-to-air\",\"guidance\":\"IR\"}','1. 红外追踪\n2. 抗干扰测试\n3. 拦截效果'),(58,16,'{\"transportType\":\"hazardous\",\"scenario\":\"highway\"}','1. 风险识别\n2. 应急处置\n3. 执法流程'),(59,16,'{\"transportType\":\"passenger\",\"scenario\":\"urban\"}','1. 安全监测\n2. 违规处理\n3. 应急演练'),(60,16,'{\"transportType\":\"cargo\",\"scenario\":\"port\"}','1. 货物检查\n2. 安全评估\n3. 监管流程'),(61,17,'{\"gravity\":0.16,\"terrain\":\"martian\"}','1. 火星环境模拟\n2. 行走算法\n3. 稳定性测试'),(62,17,'{\"gravity\":0.27,\"terrain\":\"lunar\"}','1. 月球环境模拟\n2. 跳跃测试\n3. 能源管理'),(63,17,'{\"gravity\":0.38,\"terrain\":\"asteroid\"}','1. 小行星环境\n2. 路径规划\n3. 样本采集');
/*!40000 ALTER TABLE `experiment_scene` ENABLE KEYS */;
UNLOCK TABLES;

--
-- Table structure for table `laboratories`
--

DROP TABLE IF EXISTS `laboratories`;
/*!40101 SET @saved_cs_client     = @@character_set_client */;
/*!50503 SET character_set_client = utf8mb4 */;
CREATE TABLE `laboratories` (
  `lab_id` int NOT NULL AUTO_INCREMENT,
  `lab_name` varchar(100) CHARACTER SET utf8mb4 COLLATE utf8mb4_unicode_ci NOT NULL,
  `location` varchar(100) CHARACTER SET utf8mb4 COLLATE utf8mb4_unicode_ci NOT NULL,
  `capacity` int NOT NULL,
  `description` text CHARACTER SET utf8mb4 COLLATE utf8mb4_unicode_ci,
  `status` enum('available','maintenance','unavailable') CHARACTER SET utf8mb4 COLLATE utf8mb4_unicode_ci DEFAULT 'available',
  `created_at` timestamp NULL DEFAULT CURRENT_TIMESTAMP,
  `department` varchar(50) CHARACTER SET utf8mb4 COLLATE utf8mb4_unicode_ci DEFAULT NULL COMMENT '所属学院',
  PRIMARY KEY (`lab_id`)
) ENGINE=InnoDB AUTO_INCREMENT=25 DEFAULT CHARSET=utf8mb4 COLLATE=utf8mb4_unicode_ci;
/*!40101 SET character_set_client = @saved_cs_client */;

--
-- Dumping data for table `laboratories`
--

LOCK TABLES `laboratories` WRITE;
/*!40000 ALTER TABLE `laboratories` DISABLE KEYS */;
INSERT INTO `laboratories` VALUES (1,'计算机实验室A','科技楼201',30,'配备高性能计算机，适合编程和算法实验','available','2025-07-07 08:53:53','计算机学院'),(2,'计算机实验室B','科技楼202',25,'网络工程实验室，配备路由器和交换机','available','2025-07-07 08:53:53','计算机学院'),(3,'物理实验室A','物理楼101',20,'基础物理实验设备齐全','available','2025-07-07 08:53:53','物理学院'),(4,'物理实验室B','物理楼102',15,'光学和电磁学实验专用','maintenance','2025-07-07 08:53:53','物理学院'),(5,'化学实验室A','化学楼301',18,'无机化学实验专用，配备通风系统','available','2025-07-07 08:53:53','化学学院'),(6,'化学实验室B','化学楼302',20,'有机化学实验专用，配备通风橱','available','2025-07-07 08:53:53','化学学院'),(7,'生物实验室A','生物楼201',22,'微生物培养和观察','available','2025-07-07 08:53:53','生命科学学院'),(8,'生物实验室B','生物楼202',16,'分子生物学实验专用','unavailable','2025-07-07 08:53:53','生命科学学院'),(9,'电子工程实验室','工程楼101',24,'电子电路设计和测试','available','2025-07-07 08:53:53','工程学院'),(10,'机械工程实验室','工程楼201',15,'机械设计和制造实验','available','2025-07-07 08:53:53','工程学院'),(11,'人工智能实验室','信息楼501',20,'配备GPU服务器，适合深度学习实验','available','2025-07-07 08:53:53','计算机学院'),(12,'多媒体实验室','艺术楼101',25,'配备高性能图形工作站和音视频设备','available','2025-07-07 08:53:53','艺术学院'),(13,'计算机实验室A','科技楼201',30,'配备高性能计算机，适合编程和算法实验','available','2025-07-07 08:55:11','计算机学院'),(14,'计算机实验室B','科技楼202',25,'网络工程实验室，配备路由器和交换机','available','2025-07-07 08:55:11','计算机学院'),(15,'物理实验室A','物理楼101',20,'基础物理实验设备齐全','available','2025-07-07 08:55:11','物理学院'),(16,'物理实验室B','物理楼102',15,'光学和电磁学实验专用','maintenance','2025-07-07 08:55:11','物理学院'),(17,'化学实验室A','化学楼301',18,'无机化学实验专用，配备通风系统','available','2025-07-07 08:55:11','化学学院'),(18,'化学实验室B','化学楼302',20,'有机化学实验专用，配备通风橱','available','2025-07-07 08:55:11','化学学院'),(19,'生物实验室A','生物楼201',22,'微生物培养和观察','available','2025-07-07 08:55:11','生命科学学院'),(20,'生物实验室B','生物楼202',16,'分子生物学实验专用','unavailable','2025-07-07 08:55:11','生命科学学院'),(21,'电子工程实验室','工程楼101',24,'电子电路设计和测试','available','2025-07-07 08:55:11','工程学院'),(22,'机械工程实验室','工程楼201',15,'机械设计和制造实验','available','2025-07-07 08:55:11','工程学院'),(23,'人工智能实验室','信息楼501',20,'配备GPU服务器，适合深度学习实验','available','2025-07-07 08:55:11','计算机学院'),(24,'多媒体实验室','艺术楼101',25,'配备高性能图形工作站和音视频设备','available','2025-07-07 08:55:11','艺术学院');
/*!40000 ALTER TABLE `laboratories` ENABLE KEYS */;
UNLOCK TABLES;

--
-- Table structure for table `notification`
--

DROP TABLE IF EXISTS `notification`;
/*!40101 SET @saved_cs_client     = @@character_set_client */;
/*!50503 SET character_set_client = utf8mb4 */;
CREATE TABLE `notification` (
  `id` bigint NOT NULL AUTO_INCREMENT COMMENT '通知ID',
  `user_id` bigint DEFAULT NULL,
  `type` enum('project_submitted','project_approved','project_rejected','project_published','system') NOT NULL COMMENT '通知类型',
  `title` varchar(255) NOT NULL COMMENT '通知标题',
  `content` text COMMENT '通知内容',
  `is_read` tinyint(1) DEFAULT '0' COMMENT '是否已读：0-未读 1-已读',
  `link` varchar(255) DEFAULT NULL COMMENT '跳转链接',
  `related_id` bigint DEFAULT NULL COMMENT '关联ID（项目ID）',
  `created_at` datetime DEFAULT CURRENT_TIMESTAMP COMMENT '创建时间',
  PRIMARY KEY (`id`),
  KEY `idx_user_id` (`user_id`),
  KEY `idx_type` (`type`),
  KEY `idx_is_read` (`is_read`)
) ENGINE=InnoDB AUTO_INCREMENT=7 DEFAULT CHARSET=utf8mb4 COLLATE=utf8mb4_0900_ai_ci COMMENT='通知系统表';
/*!40101 SET character_set_client = @saved_cs_client */;

--
-- Dumping data for table `notification`
--

LOCK TABLES `notification` WRITE;
/*!40000 ALTER TABLE `notification` DISABLE KEYS */;
INSERT INTO `notification` VALUES (1,2,'project_approved','实验项目审核通过','您的实验项目已通过审核',1,'/experiment/project/detail/19',19,'2025-07-08 15:57:29'),(2,1,'project_published','实验项目已发布','实验项目【asa】已发布到您的班级',1,'/experiment/project/detail/19',19,'2025-07-08 15:57:29'),(3,55,'project_submitted','新实验项目待审核','[计算机学院]教师 null 提交了实验项目【rosin的测试】等待审核',1,'/admin/experiment/project/audit/20',20,'2025-07-08 17:06:10'),(4,2,'project_approved','实验项目审核通过','您的实验项目已通过审核',1,'/experiment/project/detail/20',20,'2025-07-08 17:08:11'),(5,1,'project_published','实验项目已发布','实验项目【rosin的测试】已发布到您的班级',1,'/experiment/project/detail/20',20,'2025-07-08 17:08:11'),(6,1,'project_published','实验项目已发布','实验项目【rosin的测试】已发布到您的班级',1,'/experiment/project/detail/20',20,'2025-07-08 17:08:11');
/*!40000 ALTER TABLE `notification` ENABLE KEYS */;
UNLOCK TABLES;

--
-- Table structure for table `operation_log`
--

DROP TABLE IF EXISTS `operation_log`;
/*!40101 SET @saved_cs_client     = @@character_set_client */;
/*!50503 SET character_set_client = utf8mb4 */;
CREATE TABLE `operation_log` (
  `id` bigint NOT NULL AUTO_INCREMENT COMMENT '主键ID',
  `user_id` bigint DEFAULT NULL COMMENT '操作用户ID',
  `username` varchar(100) DEFAULT NULL COMMENT '操作用户名',
  `operation` varchar(50) DEFAULT NULL COMMENT '操作类型',
  `module` varchar(50) DEFAULT NULL COMMENT '功能模块',
  `description` varchar(500) DEFAULT NULL COMMENT '操作描述',
  `request_method` varchar(10) DEFAULT NULL COMMENT '请求方法',
  `request_url` varchar(500) DEFAULT NULL COMMENT '请求URL',
  `request_params` text COMMENT '请求参数',
  `response_result` text COMMENT '响应结果',
  `ip_address` varchar(50) DEFAULT NULL COMMENT 'IP地址',
  `user_agent` varchar(500) DEFAULT NULL COMMENT '用户代理',
  `execution_time` bigint DEFAULT NULL COMMENT '执行时间（毫秒）',
  `status` int DEFAULT '1' COMMENT '操作状态：0-失败 1-成功',
  `error_message` text COMMENT '错误信息',
  `create_time` datetime DEFAULT CURRENT_TIMESTAMP COMMENT '创建时间',
  `permission_code` varchar(100) DEFAULT NULL,
  PRIMARY KEY (`id`),
  KEY `idx_user_id` (`user_id`),
  KEY `idx_username` (`username`),
  KEY `idx_operation` (`operation`),
  KEY `idx_module` (`module`),
  KEY `idx_create_time` (`create_time`),
  KEY `idx_status` (`status`)
) ENGINE=InnoDB AUTO_INCREMENT=130 DEFAULT CHARSET=utf8mb4 COLLATE=utf8mb4_0900_ai_ci COMMENT='操作日志表';
/*!40101 SET character_set_client = @saved_cs_client */;

--
-- Dumping data for table `operation_log`
--

LOCK TABLES `operation_log` WRITE;
/*!40000 ALTER TABLE `operation_log` DISABLE KEYS */;
INSERT INTO `operation_log` VALUES (1,NULL,NULL,'DELETE_EXPERIMENT_REPORT_ATTACHMENT','EXPERIMENT','用户删除实验报告附件',NULL,NULL,NULL,NULL,'0:0:0:0:0:0:0:1','Mozilla/5.0 (Windows NT 10.0; Win64; x64) AppleWebKit/537.36 (KHTML, like Gecko) Chrome/138.0.0.0 Safari/537.36 Edg/138.0.0.0',26,1,NULL,'2025-07-05 20:41:16','EXPERIMENT_MANAGE'),(2,NULL,NULL,'DELETE_EXPERIMENT_REPORT_ATTACHMENT','EXPERIMENT','用户删除实验报告附件',NULL,NULL,NULL,NULL,'0:0:0:0:0:0:0:1','Mozilla/5.0 (Windows NT 10.0; Win64; x64) AppleWebKit/537.36 (KHTML, like Gecko) Chrome/138.0.0.0 Safari/537.36 Edg/138.0.0.0',25,1,NULL,'2025-07-05 20:41:43','EXPERIMENT_MANAGE'),(3,NULL,NULL,'DELETE_EXPERIMENT_REPORT_ATTACHMENT','EXPERIMENT','用户删除实验报告附件',NULL,NULL,NULL,NULL,'0:0:0:0:0:0:0:1','Mozilla/5.0 (Windows NT 10.0; Win64; x64) AppleWebKit/537.36 (KHTML, like Gecko) Chrome/138.0.0.0 Safari/537.36 Edg/138.0.0.0',28,1,NULL,'2025-07-05 20:46:51','EXPERIMENT_MANAGE'),(4,NULL,NULL,'DELETE_EXPERIMENT_REPORT_ATTACHMENT','EXPERIMENT','用户删除实验报告附件',NULL,NULL,NULL,NULL,'0:0:0:0:0:0:0:1','Mozilla/5.0 (Windows NT 10.0; Win64; x64) AppleWebKit/537.36 (KHTML, like Gecko) Chrome/138.0.0.0 Safari/537.36 Edg/138.0.0.0',108,1,NULL,'2025-07-05 20:47:38','EXPERIMENT_MANAGE'),(5,NULL,NULL,'DELETE_EXPERIMENT_REPORT_ATTACHMENT','EXPERIMENT','用户删除实验报告附件',NULL,NULL,NULL,NULL,'0:0:0:0:0:0:0:1','Mozilla/5.0 (Windows NT 10.0; Win64; x64) AppleWebKit/537.36 (KHTML, like Gecko) Chrome/138.0.0.0 Safari/537.36 Edg/138.0.0.0',14,1,NULL,'2025-07-05 20:47:55','EXPERIMENT_MANAGE'),(6,NULL,NULL,'DELETE_EXPERIMENT_REPORT_ATTACHMENT','EXPERIMENT','用户删除实验报告附件',NULL,NULL,NULL,NULL,'0:0:0:0:0:0:0:1','Mozilla/5.0 (Windows NT 10.0; Win64; x64) AppleWebKit/537.36 (KHTML, like Gecko) Chrome/138.0.0.0 Safari/537.36 Edg/138.0.0.0',9,1,NULL,'2025-07-05 20:48:07','EXPERIMENT_MANAGE'),(7,NULL,NULL,'DELETE_EXPERIMENT_REPORT_ATTACHMENT','EXPERIMENT','用户删除实验报告附件',NULL,NULL,NULL,NULL,'0:0:0:0:0:0:0:1','Mozilla/5.0 (Windows NT 10.0; Win64; x64) AppleWebKit/537.36 (KHTML, like Gecko) Chrome/138.0.0.0 Safari/537.36 Edg/138.0.0.0',21,1,NULL,'2025-07-05 20:48:33','EXPERIMENT_MANAGE'),(8,NULL,NULL,'DELETE_EXPERIMENT_REPORT_ATTACHMENT','EXPERIMENT','用户删除实验报告附件',NULL,NULL,NULL,NULL,'0:0:0:0:0:0:0:1','Mozilla/5.0 (Windows NT 10.0; Win64; x64) AppleWebKit/537.36 (KHTML, like Gecko) Chrome/138.0.0.0 Safari/537.36 Edg/138.0.0.0',202,1,NULL,'2025-07-05 20:49:15','EXPERIMENT_MANAGE'),(9,NULL,NULL,'UPLOAD_EXPERIMENT_REPORT_ATTACHMENT','EXPERIMENT','用户上传实验报告附件',NULL,NULL,NULL,NULL,'0:0:0:0:0:0:0:1','Mozilla/5.0 (Windows NT 10.0; Win64; x64) AppleWebKit/537.36 (KHTML, like Gecko) Chrome/138.0.0.0 Safari/537.36 Edg/138.0.0.0',230,1,NULL,'2025-07-07 15:04:01','EXPERIMENT_MANAGE'),(10,NULL,NULL,'DELETE_EXPERIMENT_REPORT_ATTACHMENT','EXPERIMENT','用户删除实验报告附件',NULL,NULL,NULL,NULL,'0:0:0:0:0:0:0:1','Mozilla/5.0 (Windows NT 10.0; Win64; x64) AppleWebKit/537.36 (KHTML, like Gecko) Chrome/138.0.0.0 Safari/537.36 Edg/138.0.0.0',21,1,NULL,'2025-07-07 15:04:12','EXPERIMENT_MANAGE'),(11,NULL,NULL,'UPLOAD_EXPERIMENT_REPORT_ATTACHMENT','EXPERIMENT','用户上传实验报告附件',NULL,NULL,NULL,NULL,'0:0:0:0:0:0:0:1','Mozilla/5.0 (Windows NT 10.0; Win64; x64) AppleWebKit/537.36 (KHTML, like Gecko) Chrome/138.0.0.0 Safari/537.36 Edg/138.0.0.0',139,1,NULL,'2025-07-07 15:04:37','EXPERIMENT_MANAGE'),(12,NULL,NULL,'DELETE_EXPERIMENT_REPORT_ATTACHMENT','EXPERIMENT','用户删除实验报告附件',NULL,NULL,NULL,NULL,'0:0:0:0:0:0:0:1','Mozilla/5.0 (Windows NT 10.0; Win64; x64) AppleWebKit/537.36 (KHTML, like Gecko) Chrome/138.0.0.0 Safari/537.36 Edg/138.0.0.0',22,1,NULL,'2025-07-07 15:04:53','EXPERIMENT_MANAGE'),(13,NULL,NULL,'LOGIN','USER','用户通过密码登录',NULL,NULL,NULL,NULL,'0:0:0:0:0:0:0:1','Mozilla/5.0 (Windows NT 10.0; Win64; x64) AppleWebKit/537.36 (KHTML, like Gecko) Chrome/138.0.0.0 Safari/537.36 Edg/138.0.0.0',78,1,NULL,'2025-07-07 15:20:51','USER_MANAGE'),(14,NULL,NULL,'LOGIN','USER','用户通过密码登录',NULL,NULL,NULL,NULL,'0:0:0:0:0:0:0:1','Mozilla/5.0 (Windows NT 10.0; Win64; x64) AppleWebKit/537.36 (KHTML, like Gecko) Chrome/138.0.0.0 Safari/537.36 Edg/138.0.0.0',5,1,NULL,'2025-07-07 15:23:42','USER_MANAGE'),(15,NULL,NULL,'LOGIN','USER','用户通过密码登录',NULL,NULL,NULL,NULL,'0:0:0:0:0:0:0:1','Mozilla/5.0 (Windows NT 10.0; Win64; x64) AppleWebKit/537.36 (KHTML, like Gecko) Chrome/138.0.0.0 Safari/537.36 Edg/138.0.0.0',6,1,NULL,'2025-07-07 15:28:37','USER_MANAGE'),(16,NULL,NULL,'LOGIN','USER','用户通过密码登录',NULL,NULL,NULL,NULL,'0:0:0:0:0:0:0:1','Mozilla/5.0 (Windows NT 10.0; Win64; x64) AppleWebKit/537.36 (KHTML, like Gecko) Chrome/138.0.0.0 Safari/537.36 Edg/138.0.0.0',5,1,NULL,'2025-07-07 15:35:26','USER_MANAGE'),(17,NULL,NULL,'LOGIN','USER','用户通过密码登录',NULL,NULL,NULL,NULL,'0:0:0:0:0:0:0:1','Mozilla/5.0 (Windows NT 10.0; Win64; x64) AppleWebKit/537.36 (KHTML, like Gecko) Chrome/138.0.0.0 Safari/537.36 Edg/138.0.0.0',56,1,NULL,'2025-07-07 16:13:38','USER_MANAGE'),(18,NULL,NULL,'LOGIN','USER','用户通过密码登录',NULL,NULL,NULL,NULL,'0:0:0:0:0:0:0:1','Mozilla/5.0 (Windows NT 10.0; Win64; x64) AppleWebKit/537.36 (KHTML, like Gecko) Chrome/138.0.0.0 Safari/537.36 Edg/138.0.0.0',6,1,NULL,'2025-07-07 16:14:01','USER_MANAGE'),(19,NULL,NULL,'LOGIN','USER','用户通过密码登录',NULL,NULL,NULL,NULL,'0:0:0:0:0:0:0:1','Mozilla/5.0 (Windows NT 10.0; Win64; x64) AppleWebKit/537.36 (KHTML, like Gecko) Chrome/138.0.0.0 Safari/537.36 Edg/138.0.0.0',7,1,NULL,'2025-07-07 16:14:51','USER_MANAGE'),(20,NULL,NULL,'UPLOAD_EXPERIMENT_REPORT_ATTACHMENT','EXPERIMENT','用户上传实验报告附件',NULL,NULL,NULL,NULL,'0:0:0:0:0:0:0:1','Mozilla/5.0 (Windows NT 10.0; Win64; x64) AppleWebKit/537.36 (KHTML, like Gecko) Chrome/138.0.0.0 Safari/537.36 Edg/138.0.0.0',88,1,NULL,'2025-07-07 16:18:48','EXPERIMENT_MANAGE'),(21,NULL,NULL,'CREATE_EXPERIMENT_REPORT','EXPERIMENT','用户创建实验报告',NULL,NULL,NULL,NULL,'0:0:0:0:0:0:0:1','Mozilla/5.0 (Windows NT 10.0; Win64; x64) AppleWebKit/537.36 (KHTML, like Gecko) Chrome/138.0.0.0 Safari/537.36 Edg/138.0.0.0',29,1,NULL,'2025-07-07 16:19:00','EXPERIMENT_MANAGE'),(22,NULL,NULL,'LOGIN','USER','用户通过密码登录',NULL,NULL,NULL,NULL,'0:0:0:0:0:0:0:1','Mozilla/5.0 (Windows NT 10.0; Win64; x64) AppleWebKit/537.36 (KHTML, like Gecko) Chrome/138.0.0.0 Safari/537.36 Edg/138.0.0.0',21,1,NULL,'2025-07-07 16:42:12','USER_MANAGE'),(23,NULL,NULL,'LOGIN','USER','用户通过密码登录',NULL,NULL,NULL,NULL,'0:0:0:0:0:0:0:1','Mozilla/5.0 (Windows NT 10.0; Win64; x64) AppleWebKit/537.36 (KHTML, like Gecko) Chrome/138.0.0.0 Safari/537.36 Edg/138.0.0.0',105,1,NULL,'2025-07-07 19:24:09','USER_MANAGE'),(24,NULL,NULL,'LOGIN','USER','用户通过密码登录',NULL,NULL,NULL,NULL,'0:0:0:0:0:0:0:1','Mozilla/5.0 (Windows NT 10.0; Win64; x64) AppleWebKit/537.36 (KHTML, like Gecko) Chrome/138.0.0.0 Safari/537.36 Edg/138.0.0.0',118,1,NULL,'2025-07-07 22:55:47','USER_MANAGE'),(25,NULL,NULL,'LOGIN','USER','用户通过密码登录',NULL,NULL,NULL,NULL,'0:0:0:0:0:0:0:1','Mozilla/5.0 (Windows NT 10.0; Win64; x64) AppleWebKit/537.36 (KHTML, like Gecko) Chrome/138.0.0.0 Safari/537.36 Edg/138.0.0.0',114,1,NULL,'2025-07-08 03:28:16','USER_MANAGE'),(26,NULL,NULL,'LOGIN','USER','用户通过密码登录',NULL,NULL,NULL,NULL,'0:0:0:0:0:0:0:1','Mozilla/5.0 (Windows NT 10.0; Win64; x64) AppleWebKit/537.36 (KHTML, like Gecko) Chrome/138.0.0.0 Safari/537.36 Edg/138.0.0.0',92,1,NULL,'2025-07-08 04:04:06','USER_MANAGE'),(27,NULL,NULL,'LOGIN','USER','用户通过密码登录',NULL,NULL,NULL,NULL,'0:0:0:0:0:0:0:1','Mozilla/5.0 (Windows NT 10.0; Win64; x64) AppleWebKit/537.36 (KHTML, like Gecko) Chrome/138.0.0.0 Safari/537.36 Edg/138.0.0.0',109,1,NULL,'2025-07-08 15:20:53','USER_MANAGE'),(28,NULL,NULL,'LOGIN','USER','用户通过密码登录',NULL,NULL,NULL,NULL,'0:0:0:0:0:0:0:1','Mozilla/5.0 (Windows NT 10.0; Win64; x64) AppleWebKit/537.36 (KHTML, like Gecko) Chrome/138.0.0.0 Safari/537.36 Edg/138.0.0.0',11,1,NULL,'2025-07-08 15:22:55','USER_MANAGE'),(29,NULL,NULL,'LOGIN','USER','用户通过密码登录',NULL,NULL,NULL,NULL,'0:0:0:0:0:0:0:1','Mozilla/5.0 (Windows NT 10.0; Win64; x64) AppleWebKit/537.36 (KHTML, like Gecko) Chrome/138.0.0.0 Safari/537.36 Edg/138.0.0.0',11,1,NULL,'2025-07-08 15:23:08','USER_MANAGE'),(30,NULL,NULL,'LOGIN','USER','用户通过密码登录',NULL,NULL,NULL,NULL,'0:0:0:0:0:0:0:1','Mozilla/5.0 (Windows NT 10.0; Win64; x64) AppleWebKit/537.36 (KHTML, like Gecko) Chrome/138.0.0.0 Safari/537.36 Edg/138.0.0.0',14,1,NULL,'2025-07-08 15:29:24','USER_MANAGE'),(31,NULL,NULL,'LOGIN','USER','用户通过密码登录',NULL,NULL,NULL,NULL,'0:0:0:0:0:0:0:1','Mozilla/5.0 (Windows NT 10.0; Win64; x64) AppleWebKit/537.36 (KHTML, like Gecko) Chrome/138.0.0.0 Safari/537.36 Edg/138.0.0.0',16,1,NULL,'2025-07-08 15:30:35','USER_MANAGE'),(32,NULL,NULL,'LOGIN','USER','用户通过密码登录',NULL,NULL,NULL,NULL,'0:0:0:0:0:0:0:1','Mozilla/5.0 (Windows NT 10.0; Win64; x64) AppleWebKit/537.36 (KHTML, like Gecko) Chrome/138.0.0.0 Safari/537.36 Edg/138.0.0.0',16,1,NULL,'2025-07-08 15:35:20','USER_MANAGE'),(33,NULL,NULL,'LOGIN','USER','用户通过密码登录',NULL,NULL,NULL,NULL,'0:0:0:0:0:0:0:1','Mozilla/5.0 (Windows NT 10.0; Win64; x64) AppleWebKit/537.36 (KHTML, like Gecko) Chrome/138.0.0.0 Safari/537.36 Edg/138.0.0.0',5,1,NULL,'2025-07-08 15:36:50','USER_MANAGE'),(34,NULL,NULL,'LOGIN','USER','用户通过密码登录',NULL,NULL,NULL,NULL,'0:0:0:0:0:0:0:1','Mozilla/5.0 (Windows NT 10.0; Win64; x64) AppleWebKit/537.36 (KHTML, like Gecko) Chrome/138.0.0.0 Safari/537.36 Edg/138.0.0.0',13,1,NULL,'2025-07-08 15:37:57','USER_MANAGE'),(35,NULL,NULL,'LOGIN','USER','用户通过密码登录',NULL,NULL,NULL,NULL,'0:0:0:0:0:0:0:1','Mozilla/5.0 (Windows NT 10.0; Win64; x64) AppleWebKit/537.36 (KHTML, like Gecko) Chrome/138.0.0.0 Safari/537.36 Edg/138.0.0.0',12,1,NULL,'2025-07-08 15:39:25','USER_MANAGE'),(36,NULL,NULL,'LOGIN','USER','用户通过密码登录',NULL,NULL,NULL,NULL,'0:0:0:0:0:0:0:1','Mozilla/5.0 (Windows NT 10.0; Win64; x64) AppleWebKit/537.36 (KHTML, like Gecko) Chrome/138.0.0.0 Safari/537.36 Edg/138.0.0.0',15,1,NULL,'2025-07-08 15:40:58','USER_MANAGE'),(37,NULL,NULL,'LOGIN','USER','用户通过密码登录',NULL,NULL,NULL,NULL,'0:0:0:0:0:0:0:1','Mozilla/5.0 (Windows NT 10.0; Win64; x64) AppleWebKit/537.36 (KHTML, like Gecko) Chrome/138.0.0.0 Safari/537.36 Edg/138.0.0.0',45,1,NULL,'2025-07-08 15:45:13','USER_MANAGE'),(38,NULL,NULL,'LOGIN','USER','用户通过密码登录',NULL,NULL,NULL,NULL,'0:0:0:0:0:0:0:1','Mozilla/5.0 (Windows NT 10.0; Win64; x64) AppleWebKit/537.36 (KHTML, like Gecko) Chrome/138.0.0.0 Safari/537.36 Edg/138.0.0.0',15,1,NULL,'2025-07-08 15:54:16','USER_MANAGE'),(39,NULL,NULL,'LOGIN','USER','用户通过密码登录',NULL,NULL,NULL,NULL,'0:0:0:0:0:0:0:1','Mozilla/5.0 (Windows NT 10.0; Win64; x64) AppleWebKit/537.36 (KHTML, like Gecko) Chrome/138.0.0.0 Safari/537.36 Edg/138.0.0.0',13,1,NULL,'2025-07-08 15:55:02','USER_MANAGE'),(40,NULL,NULL,'LOGIN','USER','用户通过密码登录',NULL,NULL,NULL,NULL,'0:0:0:0:0:0:0:1','Mozilla/5.0 (Windows NT 10.0; Win64; x64) AppleWebKit/537.36 (KHTML, like Gecko) Chrome/138.0.0.0 Safari/537.36 Edg/138.0.0.0',15,1,NULL,'2025-07-08 15:55:46','USER_MANAGE'),(41,NULL,NULL,'LOGIN','USER','用户通过密码登录',NULL,NULL,NULL,NULL,'0:0:0:0:0:0:0:1','Mozilla/5.0 (Windows NT 10.0; Win64; x64) AppleWebKit/537.36 (KHTML, like Gecko) Chrome/138.0.0.0 Safari/537.36 Edg/138.0.0.0',70,1,NULL,'2025-07-08 15:57:59','USER_MANAGE'),(42,NULL,NULL,'LOGIN','USER','用户通过密码登录',NULL,NULL,NULL,NULL,'0:0:0:0:0:0:0:1','Mozilla/5.0 (Windows NT 10.0; Win64; x64) AppleWebKit/537.36 (KHTML, like Gecko) Chrome/138.0.0.0 Safari/537.36 Edg/138.0.0.0',11,1,NULL,'2025-07-08 16:10:47','USER_MANAGE'),(43,NULL,NULL,'LOGIN','USER','用户通过密码登录',NULL,NULL,NULL,NULL,'0:0:0:0:0:0:0:1','Mozilla/5.0 (Windows NT 10.0; Win64; x64) AppleWebKit/537.36 (KHTML, like Gecko) Chrome/138.0.0.0 Safari/537.36 Edg/138.0.0.0',19,1,NULL,'2025-07-08 16:15:03','USER_MANAGE'),(44,NULL,NULL,'LOGIN','USER','用户通过密码登录',NULL,NULL,NULL,NULL,'0:0:0:0:0:0:0:1','Mozilla/5.0 (Windows NT 10.0; Win64; x64) AppleWebKit/537.36 (KHTML, like Gecko) Chrome/138.0.0.0 Safari/537.36 Edg/138.0.0.0',21,1,NULL,'2025-07-08 16:16:45','USER_MANAGE'),(45,NULL,NULL,'LOGIN','USER','用户通过密码登录',NULL,NULL,NULL,NULL,'0:0:0:0:0:0:0:1','Mozilla/5.0 (Windows NT 10.0; Win64; x64) AppleWebKit/537.36 (KHTML, like Gecko) Chrome/138.0.0.0 Safari/537.36 Edg/138.0.0.0',105,1,NULL,'2025-07-08 17:05:04','USER_MANAGE'),(46,NULL,NULL,'LOGIN','USER','用户通过密码登录',NULL,NULL,NULL,NULL,'0:0:0:0:0:0:0:1','Mozilla/5.0 (Windows NT 10.0; Win64; x64) AppleWebKit/537.36 (KHTML, like Gecko) Chrome/138.0.0.0 Safari/537.36 Edg/138.0.0.0',8,1,NULL,'2025-07-08 17:06:34','USER_MANAGE'),(47,NULL,NULL,'LOGIN','USER','用户通过密码登录',NULL,NULL,NULL,NULL,'0:0:0:0:0:0:0:1','Mozilla/5.0 (Windows NT 10.0; Win64; x64) AppleWebKit/537.36 (KHTML, like Gecko) Chrome/138.0.0.0 Safari/537.36 Edg/138.0.0.0',14,1,NULL,'2025-07-08 17:07:26','USER_MANAGE'),(48,NULL,NULL,'LOGIN','USER','用户通过密码登录',NULL,NULL,NULL,NULL,'0:0:0:0:0:0:0:1','Mozilla/5.0 (Windows NT 10.0; Win64; x64) AppleWebKit/537.36 (KHTML, like Gecko) Chrome/138.0.0.0 Safari/537.36 Edg/138.0.0.0',5,1,NULL,'2025-07-08 17:07:48','USER_MANAGE'),(49,NULL,NULL,'LOGIN','USER','用户通过密码登录',NULL,NULL,NULL,NULL,'0:0:0:0:0:0:0:1','Mozilla/5.0 (Windows NT 10.0; Win64; x64) AppleWebKit/537.36 (KHTML, like Gecko) Chrome/138.0.0.0 Safari/537.36 Edg/138.0.0.0',15,1,NULL,'2025-07-08 17:08:39','USER_MANAGE'),(50,NULL,NULL,'LOGIN','USER','用户通过密码登录',NULL,NULL,NULL,NULL,'0:0:0:0:0:0:0:1','Mozilla/5.0 (Windows NT 10.0; Win64; x64) AppleWebKit/537.36 (KHTML, like Gecko) Chrome/138.0.0.0 Safari/537.36 Edg/138.0.0.0',6,1,NULL,'2025-07-08 17:08:58','USER_MANAGE'),(51,NULL,NULL,'LOGIN','USER','用户通过密码登录',NULL,NULL,NULL,NULL,'0:0:0:0:0:0:0:1','Mozilla/5.0 (Windows NT 10.0; Win64; x64) AppleWebKit/537.36 (KHTML, like Gecko) Chrome/138.0.0.0 Safari/537.36 Edg/138.0.0.0',94,1,NULL,'2025-07-08 17:39:43','USER_MANAGE'),(52,NULL,NULL,'LOGIN','USER','用户通过密码登录',NULL,NULL,NULL,NULL,'0:0:0:0:0:0:0:1','Mozilla/5.0 (Windows NT 10.0; Win64; x64) AppleWebKit/537.36 (KHTML, like Gecko) Chrome/138.0.0.0 Safari/537.36 Edg/138.0.0.0',24,1,NULL,'2025-07-08 18:11:22','USER_MANAGE'),(53,NULL,NULL,'LOGIN','USER','用户通过密码登录',NULL,NULL,NULL,NULL,'0:0:0:0:0:0:0:1','Mozilla/5.0 (Windows NT 10.0; Win64; x64) AppleWebKit/537.36 (KHTML, like Gecko) Chrome/138.0.0.0 Safari/537.36 Edg/138.0.0.0',23,1,NULL,'2025-07-08 18:13:24','USER_MANAGE'),(54,NULL,NULL,'LOGIN','USER','用户通过密码登录',NULL,NULL,NULL,NULL,'0:0:0:0:0:0:0:1','Mozilla/5.0 (Windows NT 10.0; Win64; x64) AppleWebKit/537.36 (KHTML, like Gecko) Chrome/138.0.0.0 Safari/537.36 Edg/138.0.0.0',25,1,NULL,'2025-07-08 18:16:43','USER_MANAGE'),(55,NULL,NULL,'LOGIN','USER','用户通过密码登录',NULL,NULL,NULL,NULL,'0:0:0:0:0:0:0:1','Mozilla/5.0 (Windows NT 10.0; Win64; x64) AppleWebKit/537.36 (KHTML, like Gecko) Chrome/138.0.0.0 Safari/537.36 Edg/138.0.0.0',16,1,NULL,'2025-07-08 18:18:23','USER_MANAGE'),(56,NULL,NULL,'LOGIN','USER','用户通过密码登录',NULL,NULL,NULL,NULL,'0:0:0:0:0:0:0:1','Mozilla/5.0 (Windows NT 10.0; Win64; x64) AppleWebKit/537.36 (KHTML, like Gecko) Chrome/138.0.0.0 Safari/537.36 Edg/138.0.0.0',22,1,NULL,'2025-07-08 18:20:55','USER_MANAGE'),(57,NULL,NULL,'LOGIN','USER','用户通过密码登录',NULL,NULL,NULL,NULL,'0:0:0:0:0:0:0:1','Mozilla/5.0 (Windows NT 10.0; Win64; x64) AppleWebKit/537.36 (KHTML, like Gecko) Chrome/138.0.0.0 Safari/537.36 Edg/138.0.0.0',108,1,NULL,'2025-07-08 18:22:28','USER_MANAGE'),(58,NULL,NULL,'LOGIN','USER','用户通过密码登录',NULL,NULL,NULL,NULL,'0:0:0:0:0:0:0:1','Mozilla/5.0 (Windows NT 10.0; Win64; x64) AppleWebKit/537.36 (KHTML, like Gecko) Chrome/138.0.0.0 Safari/537.36 Edg/138.0.0.0',112,1,NULL,'2025-07-08 18:35:31','USER_MANAGE'),(59,NULL,NULL,'LOGIN','USER','用户通过密码登录',NULL,NULL,NULL,NULL,'0:0:0:0:0:0:0:1','Mozilla/5.0 (Windows NT 10.0; Win64; x64) AppleWebKit/537.36 (KHTML, like Gecko) Chrome/138.0.0.0 Safari/537.36 Edg/138.0.0.0',77,1,NULL,'2025-07-08 19:22:06','USER_MANAGE'),(60,NULL,NULL,'LOGIN','USER','用户通过密码登录',NULL,NULL,NULL,NULL,'0:0:0:0:0:0:0:1','Mozilla/5.0 (Windows NT 10.0; Win64; x64) AppleWebKit/537.36 (KHTML, like Gecko) Chrome/138.0.0.0 Safari/537.36 Edg/138.0.0.0',113,1,NULL,'2025-07-08 19:31:00','USER_MANAGE'),(61,NULL,NULL,'LOGIN','USER','用户通过密码登录',NULL,NULL,NULL,NULL,'0:0:0:0:0:0:0:1','Mozilla/5.0 (Windows NT 10.0; Win64; x64) AppleWebKit/537.36 (KHTML, like Gecko) Chrome/138.0.0.0 Safari/537.36 Edg/138.0.0.0',13,1,NULL,'2025-07-08 19:32:31','USER_MANAGE'),(62,NULL,NULL,'LOGIN','USER','用户通过密码登录',NULL,NULL,NULL,NULL,'0:0:0:0:0:0:0:1','Mozilla/5.0 (Windows NT 10.0; Win64; x64) AppleWebKit/537.36 (KHTML, like Gecko) Chrome/138.0.0.0 Safari/537.36 Edg/138.0.0.0',14,1,NULL,'2025-07-08 19:34:12','USER_MANAGE'),(63,NULL,NULL,'LOGIN','USER','用户通过密码登录',NULL,NULL,NULL,NULL,'0:0:0:0:0:0:0:1','Mozilla/5.0 (Windows NT 10.0; Win64; x64) AppleWebKit/537.36 (KHTML, like Gecko) Chrome/138.0.0.0 Safari/537.36 Edg/138.0.0.0',20,1,NULL,'2025-07-08 19:35:25','USER_MANAGE'),(64,NULL,NULL,'LOGIN','USER','用户通过密码登录',NULL,NULL,NULL,NULL,'0:0:0:0:0:0:0:1','Mozilla/5.0 (Windows NT 10.0; Win64; x64) AppleWebKit/537.36 (KHTML, like Gecko) Chrome/138.0.0.0 Safari/537.36 Edg/138.0.0.0',15,1,NULL,'2025-07-08 19:35:41','USER_MANAGE'),(65,NULL,NULL,'LOGIN','USER','用户通过密码登录',NULL,NULL,NULL,NULL,'0:0:0:0:0:0:0:1','Mozilla/5.0 (Windows NT 10.0; Win64; x64) AppleWebKit/537.36 (KHTML, like Gecko) Chrome/138.0.0.0 Safari/537.36 Edg/138.0.0.0',13,1,NULL,'2025-07-08 19:39:46','USER_MANAGE'),(66,NULL,NULL,'LOGIN','USER','用户通过密码登录',NULL,NULL,NULL,NULL,'0:0:0:0:0:0:0:1','Mozilla/5.0 (Windows NT 10.0; Win64; x64) AppleWebKit/537.36 (KHTML, like Gecko) Chrome/138.0.0.0 Safari/537.36 Edg/138.0.0.0',15,1,NULL,'2025-07-08 19:40:45','USER_MANAGE'),(67,NULL,NULL,'LOGIN','USER','用户通过密码登录',NULL,NULL,NULL,NULL,'0:0:0:0:0:0:0:1','Mozilla/5.0 (Windows NT 10.0; Win64; x64) AppleWebKit/537.36 (KHTML, like Gecko) Chrome/138.0.0.0 Safari/537.36 Edg/138.0.0.0',11,1,NULL,'2025-07-08 19:41:10','USER_MANAGE'),(68,NULL,NULL,'LOGIN','USER','用户通过密码登录',NULL,NULL,NULL,NULL,'0:0:0:0:0:0:0:1','Mozilla/5.0 (Windows NT 10.0; Win64; x64) AppleWebKit/537.36 (KHTML, like Gecko) Chrome/138.0.0.0 Safari/537.36 Edg/138.0.0.0',25,1,NULL,'2025-07-08 19:44:18','USER_MANAGE'),(69,NULL,NULL,'LOGIN','USER','用户通过密码登录',NULL,NULL,NULL,NULL,'0:0:0:0:0:0:0:1','Mozilla/5.0 (Windows NT 10.0; Win64; x64) AppleWebKit/537.36 (KHTML, like Gecko) Chrome/138.0.0.0 Safari/537.36 Edg/138.0.0.0',69,1,NULL,'2025-07-08 19:52:26','USER_MANAGE'),(70,NULL,NULL,'LOGIN','USER','用户通过密码登录',NULL,NULL,NULL,NULL,'0:0:0:0:0:0:0:1','Mozilla/5.0 (Windows NT 10.0; Win64; x64) AppleWebKit/537.36 (KHTML, like Gecko) Chrome/138.0.0.0 Safari/537.36 Edg/138.0.0.0',71,1,NULL,'2025-07-08 19:53:40','USER_MANAGE'),(71,NULL,NULL,'LOGIN','USER','用户通过密码登录',NULL,NULL,NULL,NULL,'0:0:0:0:0:0:0:1','Mozilla/5.0 (Windows NT 10.0; Win64; x64) AppleWebKit/537.36 (KHTML, like Gecko) Chrome/138.0.0.0 Safari/537.36 Edg/138.0.0.0',92,1,NULL,'2025-07-08 20:01:20','USER_MANAGE'),(72,NULL,NULL,'LOGIN','USER','用户通过密码登录',NULL,NULL,NULL,NULL,'0:0:0:0:0:0:0:1','Mozilla/5.0 (Windows NT 10.0; Win64; x64) AppleWebKit/537.36 (KHTML, like Gecko) Chrome/138.0.0.0 Safari/537.36 Edg/138.0.0.0',8,1,NULL,'2025-07-08 20:02:34','USER_MANAGE'),(73,NULL,NULL,'LOGIN','USER','用户通过密码登录',NULL,NULL,NULL,NULL,'0:0:0:0:0:0:0:1','Mozilla/5.0 (Windows NT 10.0; Win64; x64) AppleWebKit/537.36 (KHTML, like Gecko) Chrome/138.0.0.0 Safari/537.36 Edg/138.0.0.0',71,1,NULL,'2025-07-08 20:04:47','USER_MANAGE'),(74,NULL,NULL,'LOGIN','USER','用户通过密码登录',NULL,NULL,NULL,NULL,'0:0:0:0:0:0:0:1','Mozilla/5.0 (Windows NT 10.0; Win64; x64) AppleWebKit/537.36 (KHTML, like Gecko) Chrome/138.0.0.0 Safari/537.36 Edg/138.0.0.0',58,1,NULL,'2025-07-08 20:05:57','USER_MANAGE'),(75,NULL,NULL,'LOGIN','USER','用户通过密码登录',NULL,NULL,NULL,NULL,'0:0:0:0:0:0:0:1','Mozilla/5.0 (Windows NT 10.0; Win64; x64) AppleWebKit/537.36 (KHTML, like Gecko) Chrome/138.0.0.0 Safari/537.36 Edg/138.0.0.0',72,1,NULL,'2025-07-08 20:10:58','USER_MANAGE'),(76,NULL,NULL,'LOGIN','USER','用户通过密码登录',NULL,NULL,NULL,NULL,'0:0:0:0:0:0:0:1','Mozilla/5.0 (Windows NT 10.0; Win64; x64) AppleWebKit/537.36 (KHTML, like Gecko) Chrome/138.0.0.0 Safari/537.36 Edg/138.0.0.0',74,1,NULL,'2025-07-08 20:16:24','USER_MANAGE'),(77,NULL,NULL,'LOGIN','USER','用户通过密码登录',NULL,NULL,NULL,NULL,'0:0:0:0:0:0:0:1','Mozilla/5.0 (Windows NT 10.0; Win64; x64) AppleWebKit/537.36 (KHTML, like Gecko) Chrome/138.0.0.0 Safari/537.36 Edg/138.0.0.0',17,1,NULL,'2025-07-08 20:22:07','USER_MANAGE'),(78,NULL,NULL,'LOGIN','USER','用户通过密码登录',NULL,NULL,NULL,NULL,'0:0:0:0:0:0:0:1','Mozilla/5.0 (Windows NT 10.0; Win64; x64) AppleWebKit/537.36 (KHTML, like Gecko) Chrome/138.0.0.0 Safari/537.36 Edg/138.0.0.0',12,1,NULL,'2025-07-08 20:24:03','USER_MANAGE'),(79,NULL,NULL,'LOGIN','USER','用户通过密码登录',NULL,NULL,NULL,NULL,'0:0:0:0:0:0:0:1','Mozilla/5.0 (Windows NT 10.0; Win64; x64) AppleWebKit/537.36 (KHTML, like Gecko) Chrome/138.0.0.0 Safari/537.36 Edg/138.0.0.0',12,1,NULL,'2025-07-08 20:25:40','USER_MANAGE'),(80,NULL,NULL,'LOGIN','USER','用户通过密码登录',NULL,NULL,NULL,NULL,'0:0:0:0:0:0:0:1','Mozilla/5.0 (Windows NT 10.0; Win64; x64) AppleWebKit/537.36 (KHTML, like Gecko) Chrome/138.0.0.0 Safari/537.36 Edg/138.0.0.0',83,1,NULL,'2025-07-08 20:55:52','USER_MANAGE'),(81,NULL,NULL,'LOGIN','USER','用户通过密码登录',NULL,NULL,NULL,NULL,'0:0:0:0:0:0:0:1','Mozilla/5.0 (Windows NT 10.0; Win64; x64) AppleWebKit/537.36 (KHTML, like Gecko) Chrome/138.0.0.0 Safari/537.36 Edg/138.0.0.0',66,1,NULL,'2025-07-08 20:59:22','USER_MANAGE'),(82,NULL,NULL,'LOGIN','USER','用户通过密码登录',NULL,NULL,NULL,NULL,'0:0:0:0:0:0:0:1','Mozilla/5.0 (Windows NT 10.0; Win64; x64) AppleWebKit/537.36 (KHTML, like Gecko) Chrome/138.0.0.0 Safari/537.36 Edg/138.0.0.0',34,1,NULL,'2025-07-08 21:08:48','USER_MANAGE'),(83,NULL,NULL,'LOGIN','USER','用户通过密码登录',NULL,NULL,NULL,NULL,'0:0:0:0:0:0:0:1','Mozilla/5.0 (Windows NT 10.0; Win64; x64) AppleWebKit/537.36 (KHTML, like Gecko) Chrome/138.0.0.0 Safari/537.36 Edg/138.0.0.0',9,1,NULL,'2025-07-08 21:10:06','USER_MANAGE'),(84,NULL,NULL,'LOGIN','USER','用户通过密码登录',NULL,NULL,NULL,NULL,'0:0:0:0:0:0:0:1','Mozilla/5.0 (Windows NT 10.0; Win64; x64) AppleWebKit/537.36 (KHTML, like Gecko) Chrome/138.0.0.0 Safari/537.36 Edg/138.0.0.0',25,1,NULL,'2025-07-08 21:20:15','USER_MANAGE'),(85,NULL,NULL,'LOGIN','USER','用户通过密码登录',NULL,NULL,NULL,NULL,'0:0:0:0:0:0:0:1','Mozilla/5.0 (Windows NT 10.0; Win64; x64) AppleWebKit/537.36 (KHTML, like Gecko) Chrome/138.0.0.0 Safari/537.36 Edg/138.0.0.0',143,1,NULL,'2025-07-09 12:01:22','USER_MANAGE'),(86,NULL,NULL,'LOGIN','USER','用户通过密码登录',NULL,NULL,NULL,NULL,'0:0:0:0:0:0:0:1','Mozilla/5.0 (Windows NT 10.0; Win64; x64) AppleWebKit/537.36 (KHTML, like Gecko) Chrome/138.0.0.0 Safari/537.36 Edg/138.0.0.0',102,1,NULL,'2025-07-09 12:03:14','USER_MANAGE'),(87,NULL,NULL,'LOGIN','USER','用户通过密码登录',NULL,NULL,NULL,NULL,'0:0:0:0:0:0:0:1','Mozilla/5.0 (Windows NT 10.0; Win64; x64) AppleWebKit/537.36 (KHTML, like Gecko) Chrome/138.0.0.0 Safari/537.36 Edg/138.0.0.0',13,1,NULL,'2025-07-09 12:04:39','USER_MANAGE'),(88,NULL,NULL,'LOGIN','USER','用户通过密码登录',NULL,NULL,NULL,NULL,'0:0:0:0:0:0:0:1','Mozilla/5.0 (Windows NT 10.0; Win64; x64) AppleWebKit/537.36 (KHTML, like Gecko) Chrome/138.0.0.0 Safari/537.36 Edg/138.0.0.0',26,1,NULL,'2025-07-09 12:07:24','USER_MANAGE'),(89,NULL,NULL,'LOGIN','USER','用户通过密码登录',NULL,NULL,NULL,NULL,'0:0:0:0:0:0:0:1','Mozilla/5.0 (Windows NT 10.0; Win64; x64) AppleWebKit/537.36 (KHTML, like Gecko) Chrome/138.0.0.0 Safari/537.36 Edg/138.0.0.0',99,1,NULL,'2025-07-09 12:10:38','USER_MANAGE'),(90,NULL,NULL,'LOGIN','USER','用户通过密码登录',NULL,NULL,NULL,NULL,'0:0:0:0:0:0:0:1','Mozilla/5.0 (Windows NT 10.0; Win64; x64) AppleWebKit/537.36 (KHTML, like Gecko) Chrome/138.0.0.0 Safari/537.36 Edg/138.0.0.0',71,1,NULL,'2025-07-09 12:13:44','USER_MANAGE'),(91,NULL,NULL,'LOGIN','USER','用户通过密码登录',NULL,NULL,NULL,NULL,'0:0:0:0:0:0:0:1','Mozilla/5.0 (Windows NT 10.0; Win64; x64) AppleWebKit/537.36 (KHTML, like Gecko) Chrome/138.0.0.0 Safari/537.36 Edg/138.0.0.0',15,1,NULL,'2025-07-09 12:15:00','USER_MANAGE'),(92,NULL,NULL,'LOGIN','USER','用户通过密码登录',NULL,NULL,NULL,NULL,'0:0:0:0:0:0:0:1','Mozilla/5.0 (Windows NT 10.0; Win64; x64) AppleWebKit/537.36 (KHTML, like Gecko) Chrome/138.0.0.0 Safari/537.36 Edg/138.0.0.0',92,1,NULL,'2025-07-09 12:16:48','USER_MANAGE'),(93,NULL,NULL,'LOGIN','USER','用户通过密码登录',NULL,NULL,NULL,NULL,'0:0:0:0:0:0:0:1','Mozilla/5.0 (Windows NT 10.0; Win64; x64) AppleWebKit/537.36 (KHTML, like Gecko) Chrome/138.0.0.0 Safari/537.36 Edg/138.0.0.0',98,1,NULL,'2025-07-09 12:18:41','USER_MANAGE'),(94,NULL,NULL,'LOGIN','USER','用户通过密码登录',NULL,NULL,NULL,NULL,'0:0:0:0:0:0:0:1','Mozilla/5.0 (Windows NT 10.0; Win64; x64) AppleWebKit/537.36 (KHTML, like Gecko) Chrome/138.0.0.0 Safari/537.36 Edg/138.0.0.0',94,1,NULL,'2025-07-09 12:23:03','USER_MANAGE'),(95,NULL,NULL,'LOGIN','USER','用户通过密码登录',NULL,NULL,NULL,NULL,'0:0:0:0:0:0:0:1','Mozilla/5.0 (Windows NT 10.0; Win64; x64) AppleWebKit/537.36 (KHTML, like Gecko) Chrome/138.0.0.0 Safari/537.36 Edg/138.0.0.0',129,1,NULL,'2025-07-09 12:35:38','USER_MANAGE'),(96,NULL,NULL,'LOGIN','USER','用户通过密码登录',NULL,NULL,NULL,NULL,'0:0:0:0:0:0:0:1','Mozilla/5.0 (Windows NT 10.0; Win64; x64) AppleWebKit/537.36 (KHTML, like Gecko) Chrome/138.0.0.0 Safari/537.36 Edg/138.0.0.0',15,1,NULL,'2025-07-09 12:36:05','USER_MANAGE'),(97,NULL,NULL,'LOGIN','USER','用户通过密码登录',NULL,NULL,NULL,NULL,'0:0:0:0:0:0:0:1','Mozilla/5.0 (Windows NT 10.0; Win64; x64) AppleWebKit/537.36 (KHTML, like Gecko) Chrome/138.0.0.0 Safari/537.36 Edg/138.0.0.0',47,1,NULL,'2025-07-09 13:03:58','USER_MANAGE'),(98,NULL,NULL,'LOGIN','USER','用户通过密码登录',NULL,NULL,NULL,NULL,'0:0:0:0:0:0:0:1','Mozilla/5.0 (Windows NT 10.0; Win64; x64) AppleWebKit/537.36 (KHTML, like Gecko) Chrome/138.0.0.0 Safari/537.36 Edg/138.0.0.0',146,1,NULL,'2025-07-09 16:07:42','USER_MANAGE'),(99,NULL,NULL,'LOGIN','USER','用户通过密码登录',NULL,NULL,NULL,NULL,'0:0:0:0:0:0:0:1','Mozilla/5.0 (Windows NT 10.0; Win64; x64) AppleWebKit/537.36 (KHTML, like Gecko) Chrome/138.0.0.0 Safari/537.36 Edg/138.0.0.0',16,1,NULL,'2025-07-09 16:08:22','USER_MANAGE'),(100,NULL,NULL,'REGISTER','USER','用户注册账号',NULL,NULL,NULL,NULL,'0:0:0:0:0:0:0:1','Mozilla/5.0 (Windows NT 10.0; Win64; x64) AppleWebKit/537.36 (KHTML, like Gecko) Chrome/124.0.0.0 Safari/537.36 SLBrowser/9.0.6.5061 SLBChan/111 SLBVPV/64-bit',103,1,NULL,'2025-07-09 18:44:55','USER_MANAGE'),(101,NULL,NULL,'LOGIN','USER','用户通过密码登录',NULL,NULL,NULL,NULL,'0:0:0:0:0:0:0:1','Mozilla/5.0 (Windows NT 10.0; Win64; x64) AppleWebKit/537.36 (KHTML, like Gecko) Chrome/124.0.0.0 Safari/537.36 SLBrowser/9.0.6.5061 SLBChan/111 SLBVPV/64-bit',42,1,NULL,'2025-07-09 18:45:05','USER_MANAGE'),(102,NULL,NULL,'ADD_RESOURCE_FAVORITE','RESOURCE','用户添加资源收藏',NULL,NULL,NULL,NULL,'0:0:0:0:0:0:0:1','Mozilla/5.0 (Windows NT 10.0; Win64; x64) AppleWebKit/537.36 (KHTML, like Gecko) Chrome/124.0.0.0 Safari/537.36 SLBrowser/9.0.6.5061 SLBChan/111 SLBVPV/64-bit',9,1,NULL,'2025-07-09 18:46:02','RESOURCE_MANAGE'),(103,NULL,NULL,'LOGIN','USER','用户通过密码登录',NULL,NULL,NULL,NULL,'0:0:0:0:0:0:0:1','Mozilla/5.0 (Windows NT 10.0; Win64; x64) AppleWebKit/537.36 (KHTML, like Gecko) Chrome/124.0.0.0 Safari/537.36 SLBrowser/9.0.6.5061 SLBChan/111 SLBVPV/64-bit',9,1,NULL,'2025-07-09 19:18:04','USER_MANAGE'),(104,NULL,NULL,'LOGIN','USER','用户通过密码登录',NULL,NULL,NULL,NULL,'0:0:0:0:0:0:0:1','Mozilla/5.0 (Windows NT 10.0; Win64; x64) AppleWebKit/537.36 (KHTML, like Gecko) Chrome/124.0.0.0 Safari/537.36 SLBrowser/9.0.6.5061 SLBChan/111 SLBVPV/64-bit',76,1,NULL,'2025-07-09 19:34:41','USER_MANAGE'),(105,NULL,NULL,'LOGIN','USER','用户通过密码登录',NULL,NULL,NULL,NULL,'0:0:0:0:0:0:0:1','Mozilla/5.0 (Windows NT 10.0; Win64; x64) AppleWebKit/537.36 (KHTML, like Gecko) Chrome/124.0.0.0 Safari/537.36 SLBrowser/9.0.6.5061 SLBChan/111 SLBVPV/64-bit',80,1,NULL,'2025-07-09 20:14:06','USER_MANAGE'),(106,NULL,NULL,'LOGIN','USER','用户通过密码登录',NULL,NULL,NULL,NULL,'0:0:0:0:0:0:0:1','Mozilla/5.0 (Windows NT 10.0; Win64; x64) AppleWebKit/537.36 (KHTML, like Gecko) Chrome/124.0.0.0 Safari/537.36 SLBrowser/9.0.6.5061 SLBChan/111 SLBVPV/64-bit',100,1,NULL,'2025-07-09 20:31:58','USER_MANAGE'),(107,NULL,NULL,'LOGIN','USER','用户通过密码登录',NULL,NULL,NULL,NULL,'0:0:0:0:0:0:0:1','Mozilla/5.0 (Windows NT 10.0; Win64; x64) AppleWebKit/537.36 (KHTML, like Gecko) Chrome/124.0.0.0 Safari/537.36 SLBrowser/9.0.6.5061 SLBChan/111 SLBVPV/64-bit',15,1,NULL,'2025-07-09 20:36:58','USER_MANAGE'),(108,NULL,NULL,'LOGIN','USER','用户通过密码登录',NULL,NULL,NULL,NULL,'0:0:0:0:0:0:0:1','Mozilla/5.0 (Windows NT 10.0; Win64; x64) AppleWebKit/537.36 (KHTML, like Gecko) Chrome/124.0.0.0 Safari/537.36 SLBrowser/9.0.6.5061 SLBChan/111 SLBVPV/64-bit',108,1,NULL,'2025-07-09 20:53:48','USER_MANAGE'),(109,NULL,NULL,'DELETE_RESOURCE_COMMENT','RESOURCE','用户删除资源评论',NULL,NULL,NULL,NULL,'0:0:0:0:0:0:0:1','Mozilla/5.0 (Windows NT 10.0; Win64; x64) AppleWebKit/537.36 (KHTML, like Gecko) Chrome/124.0.0.0 Safari/537.36 SLBrowser/9.0.6.5061 SLBChan/111 SLBVPV/64-bit',63,1,NULL,'2025-07-09 21:05:41','RESOURCE_MANAGE'),(110,NULL,NULL,'LOGIN','USER','用户通过密码登录',NULL,NULL,NULL,NULL,'0:0:0:0:0:0:0:1','Mozilla/5.0 (Windows NT 10.0; Win64; x64) AppleWebKit/537.36 (KHTML, like Gecko) Chrome/124.0.0.0 Safari/537.36 SLBrowser/9.0.6.5061 SLBChan/111 SLBVPV/64-bit',80,1,NULL,'2025-07-10 00:17:18','USER_MANAGE'),(111,NULL,NULL,'LOGIN','USER','用户通过密码登录',NULL,NULL,NULL,NULL,'0:0:0:0:0:0:0:1','Mozilla/5.0 (Windows NT 10.0; Win64; x64) AppleWebKit/537.36 (KHTML, like Gecko) Chrome/124.0.0.0 Safari/537.36 SLBrowser/9.0.6.5061 SLBChan/111 SLBVPV/64-bit',142,1,NULL,'2025-07-10 01:25:49','USER_MANAGE'),(112,NULL,NULL,'LOGIN','USER','用户通过密码登录',NULL,NULL,NULL,NULL,'0:0:0:0:0:0:0:1','Mozilla/5.0 (Windows NT 10.0; Win64; x64) AppleWebKit/537.36 (KHTML, like Gecko) Chrome/124.0.0.0 Safari/537.36 SLBrowser/9.0.6.5061 SLBChan/111 SLBVPV/64-bit',25,1,NULL,'2025-07-10 02:03:43','USER_MANAGE'),(113,NULL,NULL,'LOGIN','USER','用户通过密码登录',NULL,NULL,NULL,NULL,'0:0:0:0:0:0:0:1','Mozilla/5.0 (Windows NT 10.0; Win64; x64) AppleWebKit/537.36 (KHTML, like Gecko) Chrome/124.0.0.0 Safari/537.36 SLBrowser/9.0.6.5061 SLBChan/111 SLBVPV/64-bit',108,1,NULL,'2025-07-10 10:33:41','USER_MANAGE'),(114,NULL,NULL,'LOGIN','USER','用户通过密码登录',NULL,NULL,NULL,NULL,'0:0:0:0:0:0:0:1','Mozilla/5.0 (Windows NT 10.0; Win64; x64) AppleWebKit/537.36 (KHTML, like Gecko) Chrome/124.0.0.0 Safari/537.36 SLBrowser/9.0.6.5061 SLBChan/111 SLBVPV/64-bit',93,1,NULL,'2025-07-10 10:41:55','USER_MANAGE'),(115,NULL,NULL,'LOGIN','USER','用户通过密码登录',NULL,NULL,NULL,NULL,'0:0:0:0:0:0:0:1','Mozilla/5.0 (Windows NT 10.0; Win64; x64) AppleWebKit/537.36 (KHTML, like Gecko) Chrome/124.0.0.0 Safari/537.36 SLBrowser/9.0.6.5061 SLBChan/111 SLBVPV/64-bit',11,1,NULL,'2025-07-10 10:43:28','USER_MANAGE'),(116,NULL,NULL,'LOGIN','USER','用户通过密码登录',NULL,NULL,NULL,NULL,'0:0:0:0:0:0:0:1','Mozilla/5.0 (Windows NT 10.0; Win64; x64) AppleWebKit/537.36 (KHTML, like Gecko) Chrome/124.0.0.0 Safari/537.36 SLBrowser/9.0.6.5061 SLBChan/111 SLBVPV/64-bit',20,1,NULL,'2025-07-10 11:10:19','USER_MANAGE'),(117,NULL,NULL,'LOGIN','USER','用户通过密码登录',NULL,NULL,NULL,NULL,'0:0:0:0:0:0:0:1','Mozilla/5.0 (Windows NT 10.0; Win64; x64) AppleWebKit/537.36 (KHTML, like Gecko) Chrome/124.0.0.0 Safari/537.36 SLBrowser/9.0.6.5061 SLBChan/111 SLBVPV/64-bit',19,1,NULL,'2025-07-10 11:10:36','USER_MANAGE'),(118,NULL,NULL,'LOGIN','USER','用户通过密码登录',NULL,NULL,NULL,NULL,'0:0:0:0:0:0:0:1','Mozilla/5.0 (Windows NT 10.0; Win64; x64) AppleWebKit/537.36 (KHTML, like Gecko) Chrome/124.0.0.0 Safari/537.36 SLBrowser/9.0.6.5061 SLBChan/111 SLBVPV/64-bit',16,1,NULL,'2025-07-10 11:14:25','USER_MANAGE'),(119,NULL,NULL,'LOGIN','USER','用户通过密码登录',NULL,NULL,NULL,NULL,'0:0:0:0:0:0:0:1','Mozilla/5.0 (Windows NT 10.0; Win64; x64) AppleWebKit/537.36 (KHTML, like Gecko) Chrome/124.0.0.0 Safari/537.36 SLBrowser/9.0.6.5061 SLBChan/111 SLBVPV/64-bit',55,1,NULL,'2025-07-10 11:42:39','USER_MANAGE'),(120,NULL,NULL,'LOGIN','USER','用户通过密码登录',NULL,NULL,NULL,NULL,'0:0:0:0:0:0:0:1','Mozilla/5.0 (Windows NT 10.0; Win64; x64) AppleWebKit/537.36 (KHTML, like Gecko) Chrome/124.0.0.0 Safari/537.36 SLBrowser/9.0.6.5061 SLBChan/111 SLBVPV/64-bit',130,1,NULL,'2025-07-10 11:46:04','USER_MANAGE'),(121,NULL,NULL,'LOGIN','USER','用户通过密码登录',NULL,NULL,NULL,NULL,'0:0:0:0:0:0:0:1','Mozilla/5.0 (Windows NT 10.0; Win64; x64) AppleWebKit/537.36 (KHTML, like Gecko) Chrome/124.0.0.0 Safari/537.36 SLBrowser/9.0.6.5061 SLBChan/111 SLBVPV/64-bit',67,1,NULL,'2025-07-10 14:57:46','USER_MANAGE'),(122,NULL,NULL,'LOGIN','USER','用户通过密码登录',NULL,NULL,NULL,NULL,'0:0:0:0:0:0:0:1','Mozilla/5.0 (Windows NT 10.0; Win64; x64) AppleWebKit/537.36 (KHTML, like Gecko) Chrome/124.0.0.0 Safari/537.36 SLBrowser/9.0.6.5061 SLBChan/111 SLBVPV/64-bit',10,1,NULL,'2025-07-10 15:02:07','USER_MANAGE'),(123,NULL,NULL,'LOGIN','USER','用户通过密码登录',NULL,NULL,NULL,NULL,'0:0:0:0:0:0:0:1','Mozilla/5.0 (Windows NT 10.0; Win64; x64) AppleWebKit/537.36 (KHTML, like Gecko) Chrome/124.0.0.0 Safari/537.36 SLBrowser/9.0.6.5061 SLBChan/111 SLBVPV/64-bit',4,1,NULL,'2025-07-10 15:05:14','USER_MANAGE'),(124,NULL,NULL,'LOGIN','USER','用户通过密码登录',NULL,NULL,NULL,NULL,'0:0:0:0:0:0:0:1','Mozilla/5.0 (Windows NT 10.0; Win64; x64) AppleWebKit/537.36 (KHTML, like Gecko) Chrome/124.0.0.0 Safari/537.36 SLBrowser/9.0.6.5061 SLBChan/111 SLBVPV/64-bit',4,1,NULL,'2025-07-10 15:05:19','USER_MANAGE'),(125,NULL,NULL,'REGISTER','USER','用户注册账号',NULL,NULL,NULL,NULL,'0:0:0:0:0:0:0:1','Mozilla/5.0 (Windows NT 10.0; Win64; x64) AppleWebKit/537.36 (KHTML, like Gecko) Chrome/124.0.0.0 Safari/537.36 SLBrowser/9.0.6.5061 SLBChan/111 SLBVPV/64-bit',38,1,NULL,'2025-07-10 15:06:32','USER_MANAGE'),(126,NULL,NULL,'LOGIN','USER','用户通过密码登录',NULL,NULL,NULL,NULL,'0:0:0:0:0:0:0:1','Mozilla/5.0 (Windows NT 10.0; Win64; x64) AppleWebKit/537.36 (KHTML, like Gecko) Chrome/124.0.0.0 Safari/537.36 SLBrowser/9.0.6.5061 SLBChan/111 SLBVPV/64-bit',7,1,NULL,'2025-07-10 15:06:34','USER_MANAGE'),(127,NULL,NULL,'LOGIN','USER','用户通过密码登录',NULL,NULL,NULL,NULL,'0:0:0:0:0:0:0:1','Mozilla/5.0 (Windows NT 10.0; Win64; x64) AppleWebKit/537.36 (KHTML, like Gecko) Chrome/124.0.0.0 Safari/537.36 SLBrowser/9.0.6.5061 SLBChan/111 SLBVPV/64-bit',209,1,NULL,'2025-07-11 13:56:12','USER_MANAGE'),(128,NULL,NULL,'LOGIN','USER','用户通过密码登录',NULL,NULL,NULL,NULL,'0:0:0:0:0:0:0:1','Mozilla/5.0 (Windows NT 10.0; Win64; x64) AppleWebKit/537.36 (KHTML, like Gecko) Chrome/143.0.0.0 Safari/537.36 Edg/143.0.0.0',44,1,NULL,'2025-12-30 22:25:07','USER_MANAGE'),(129,NULL,NULL,'LOGIN','USER','用户通过密码登录',NULL,NULL,NULL,NULL,'0:0:0:0:0:0:0:1','Mozilla/5.0 (Windows NT 10.0; Win64; x64) AppleWebKit/537.36 (KHTML, like Gecko) Chrome/143.0.0.0 Safari/537.36 Edg/143.0.0.0',314,1,NULL,'2025-12-30 22:25:17','USER_MANAGE');
/*!40000 ALTER TABLE `operation_log` ENABLE KEYS */;
UNLOCK TABLES;

--
-- Table structure for table `permission`
--

DROP TABLE IF EXISTS `permission`;
/*!40101 SET @saved_cs_client     = @@character_set_client */;
/*!50503 SET character_set_client = utf8mb4 */;
CREATE TABLE `permission` (
  `id` bigint NOT NULL AUTO_INCREMENT COMMENT '权限ID',
  `name` varchar(100) NOT NULL COMMENT '权限名称',
  `code` varchar(100) NOT NULL COMMENT '权限编码',
  `type` varchar(20) DEFAULT 'permission' COMMENT '权限类型：menu-菜单 permission-权限',
  `module` varchar(50) DEFAULT NULL COMMENT '功能模块：experiment-实验管理 resource-资源库 score-成绩管理 user-用户管理 system-系统管理',
  `action` varchar(20) DEFAULT NULL COMMENT '操作类型：create-创建 view-查看 edit-编辑 delete-删除 approve-审批',
  `resource` varchar(100) DEFAULT NULL COMMENT '资源标识',
  `description` varchar(255) DEFAULT NULL COMMENT '权限描述',
  `status` tinyint DEFAULT '1' COMMENT '状态：0-禁用 1-启用',
  `parent_id` bigint DEFAULT NULL COMMENT '父权限ID',
  `sort` int DEFAULT '0' COMMENT '排序',
  `icon` varchar(100) DEFAULT NULL COMMENT '图标',
  `path` varchar(255) DEFAULT NULL COMMENT '路径',
  `create_time` datetime DEFAULT CURRENT_TIMESTAMP COMMENT '创建时间',
  `update_time` datetime DEFAULT CURRENT_TIMESTAMP ON UPDATE CURRENT_TIMESTAMP COMMENT '更新时间',
  PRIMARY KEY (`id`),
  UNIQUE KEY `code` (`code`),
  KEY `idx_code` (`code`),
  KEY `idx_type` (`type`),
  KEY `idx_module` (`module`),
  KEY `idx_action` (`action`),
  KEY `idx_status` (`status`),
  KEY `idx_parent_id` (`parent_id`)
) ENGINE=InnoDB AUTO_INCREMENT=47 DEFAULT CHARSET=utf8mb4 COLLATE=utf8mb4_0900_ai_ci COMMENT='权限表';
/*!40101 SET character_set_client = @saved_cs_client */;

--
-- Dumping data for table `permission`
--

LOCK TABLES `permission` WRITE;
/*!40000 ALTER TABLE `permission` DISABLE KEYS */;
INSERT INTO `permission` VALUES (1,'实验项目管理','experiment:project:view','permission','experiment','view',NULL,'查看实验项目',1,NULL,1,NULL,NULL,'2025-06-27 09:02:43','2025-06-27 09:02:43'),(2,'实验项目创建','experiment:project:create','permission','experiment','create',NULL,'创建实验项目',1,NULL,2,NULL,NULL,'2025-06-27 09:02:43','2025-06-27 09:02:43'),(3,'实验项目编辑','experiment:project:edit','permission','experiment','edit',NULL,'编辑实验项目',1,NULL,3,NULL,NULL,'2025-06-27 09:02:43','2025-06-27 09:02:43'),(4,'实验项目删除','experiment:project:delete','permission','experiment','delete',NULL,'删除实验项目',1,NULL,4,NULL,NULL,'2025-06-27 09:02:43','2025-06-27 09:02:43'),(5,'实验项目审批','experiment:project:approve','permission','experiment','approve',NULL,'审批实验项目',1,NULL,5,NULL,NULL,'2025-06-27 09:02:43','2025-06-27 09:02:43'),(6,'实验记录查看','experiment:record:view','permission','experiment','view',NULL,'查看实验记录',1,NULL,6,NULL,NULL,'2025-06-27 09:02:43','2025-06-27 09:02:43'),(7,'实验记录创建','experiment:record:create','permission','experiment','create',NULL,'创建实验记录',1,NULL,7,NULL,NULL,'2025-06-27 09:02:43','2025-06-27 09:02:43'),(8,'实验记录编辑','experiment:record:edit','permission','experiment','edit',NULL,'编辑实验记录',1,NULL,8,NULL,NULL,'2025-06-27 09:02:43','2025-06-27 09:02:43'),(9,'实验记录删除','experiment:record:delete','permission','experiment','delete',NULL,'删除实验记录',1,NULL,9,NULL,NULL,'2025-06-27 09:02:43','2025-06-27 09:02:43'),(10,'实验报告查看','experiment:report:view','permission','experiment','view',NULL,'查看实验报告',1,NULL,10,NULL,NULL,'2025-06-27 09:02:43','2025-06-27 09:02:43'),(11,'实验报告创建','experiment:report:create','permission','experiment','create',NULL,'创建实验报告',1,NULL,11,NULL,NULL,'2025-06-27 09:02:43','2025-06-27 09:02:43'),(12,'实验报告编辑','experiment:report:edit','permission','experiment','edit',NULL,'编辑实验报告',1,NULL,12,NULL,NULL,'2025-06-27 09:02:43','2025-06-27 09:02:43'),(13,'实验报告删除','experiment:report:delete','permission','experiment','delete',NULL,'删除实验报告',1,NULL,13,NULL,NULL,'2025-06-27 09:02:43','2025-06-27 09:02:43'),(14,'实验报告审批','experiment:report:approve','permission','experiment','approve',NULL,'审批实验报告',1,NULL,14,NULL,NULL,'2025-06-27 09:02:43','2025-06-27 09:02:43'),(15,'资源查看','resource:view','permission','resource','view',NULL,'查看资源',1,NULL,15,NULL,NULL,'2025-06-27 09:02:43','2025-06-27 09:02:43'),(16,'资源上传','resource:upload','permission','resource','create',NULL,'上传资源',1,NULL,16,NULL,NULL,'2025-06-27 09:02:43','2025-06-27 09:02:43'),(17,'资源编辑','resource:edit','permission','resource','edit',NULL,'编辑资源',1,NULL,17,NULL,NULL,'2025-06-27 09:02:43','2025-06-27 09:02:43'),(18,'资源删除','resource:delete','permission','resource','delete',NULL,'删除资源',1,NULL,18,NULL,NULL,'2025-06-27 09:02:43','2025-06-27 09:02:43'),(19,'资源审批','resource:approve','permission','resource','approve',NULL,'审批资源',1,NULL,19,NULL,NULL,'2025-06-27 09:02:43','2025-06-27 09:02:43'),(20,'成绩查看','score:view','permission','score','view',NULL,'查看成绩',1,NULL,20,NULL,NULL,'2025-06-27 09:02:43','2025-06-27 09:02:43'),(21,'成绩录入','score:create','permission','score','create',NULL,'录入成绩',1,NULL,21,NULL,NULL,'2025-06-27 09:02:43','2025-06-27 09:02:43'),(22,'成绩编辑','score:edit','permission','score','edit',NULL,'编辑成绩',1,NULL,22,NULL,NULL,'2025-06-27 09:02:43','2025-06-27 09:02:43'),(23,'成绩删除','score:delete','permission','score','delete',NULL,'删除成绩',1,NULL,23,NULL,NULL,'2025-06-27 09:02:43','2025-06-27 09:02:43'),(24,'成绩审批','score:approve','permission','score','approve',NULL,'审批成绩',1,NULL,24,NULL,NULL,'2025-06-27 09:02:43','2025-06-27 09:02:43'),(25,'用户查看','user:view','permission','user','view',NULL,'查看用户',1,NULL,25,NULL,NULL,'2025-06-27 09:02:43','2025-06-27 09:02:43'),(26,'用户创建','user:create','permission','user','create',NULL,'创建用户',1,NULL,26,NULL,NULL,'2025-06-27 09:02:43','2025-06-27 09:02:43'),(27,'用户编辑','user:edit','permission','user','edit',NULL,'编辑用户',1,NULL,27,NULL,NULL,'2025-06-27 09:02:43','2025-06-27 09:02:43'),(28,'用户删除','user:delete','permission','user','delete',NULL,'删除用户',1,NULL,28,NULL,NULL,'2025-06-27 09:02:43','2025-06-27 09:02:43'),(29,'用户审批','user:approve','permission','user','approve',NULL,'审批用户',1,NULL,29,NULL,NULL,'2025-06-27 09:02:43','2025-06-27 09:02:43'),(30,'角色管理','role:manage','permission','system','manage',NULL,'角色管理',1,NULL,30,NULL,NULL,'2025-06-27 09:02:43','2025-06-27 09:02:43'),(31,'权限管理','permission:manage','permission','system','manage',NULL,'权限管理',1,NULL,31,NULL,NULL,'2025-06-27 09:02:43','2025-06-27 09:02:43'),(32,'系统配置','system:config','permission','system','manage',NULL,'系统配置',1,NULL,32,NULL,NULL,'2025-06-27 09:02:43','2025-06-27 09:02:43'),(33,'日志查看','log:view','permission','system','view',NULL,'查看日志',1,NULL,33,NULL,NULL,'2025-06-27 09:02:43','2025-06-27 09:02:43'),(34,'项目提交审核','project:submit','permission','project','submit',NULL,'提交项目审核',1,NULL,34,NULL,NULL,'2025-06-27 09:24:55','2025-06-27 10:35:49'),(35,'项目审核管理','project:audit','permission','project','approve',NULL,'审核实训项目',1,NULL,35,NULL,NULL,'2025-06-27 09:24:55','2025-06-27 10:35:49'),(36,'项目发布管理','project:publish','permission','project','publish',NULL,'发布实训项目',1,NULL,36,NULL,NULL,'2025-06-27 09:24:55','2025-06-27 10:35:49'),(37,'实验操作记录','experiment:operation:view','permission','experiment','view',NULL,'查看实验操作记录',1,NULL,37,NULL,NULL,'2025-06-27 10:17:08','2025-06-27 10:35:49'),(38,'实时操作监控','experiment:operation:monitor','permission','experiment','view',NULL,'实时监控实验操作',1,NULL,38,NULL,NULL,'2025-06-27 10:17:08','2025-06-27 10:35:49'),(39,'报告模板管理','report:template:manage','permission','experiment','manage',NULL,'管理实验报告模板',1,NULL,39,NULL,NULL,'2025-06-27 10:17:08','2025-06-27 10:35:49'),(40,'报告生成','report:generate','permission','experiment','create',NULL,'生成实验报告',1,NULL,40,NULL,NULL,'2025-06-27 10:17:08','2025-06-27 10:35:49'),(41,'报告导出','report:export','permission','experiment','export',NULL,'导出实验报告',1,NULL,41,NULL,NULL,'2025-06-27 10:17:08','2025-06-27 10:35:49'),(42,'资源点赞','resource:like','permission','resource','interact',NULL,'点赞资源',1,NULL,42,NULL,NULL,'2025-06-27 10:25:35','2025-06-27 10:35:49'),(43,'资源收藏','resource:collect','permission','resource','interact',NULL,'收藏资源',1,NULL,43,NULL,NULL,'2025-06-27 10:25:35','2025-06-27 10:35:49'),(44,'资源评论','resource:comment','permission','resource','interact',NULL,'评论资源',1,NULL,44,NULL,NULL,'2025-06-27 10:25:35','2025-06-27 10:35:49'),(45,'资源复制','resource:copy','permission','resource','create',NULL,'复制资源',1,NULL,45,NULL,NULL,'2025-06-27 10:25:35','2025-06-27 10:35:49'),(46,'资源共享设置','resource:share','permission','resource','manage',NULL,'设置资源共享权限',1,NULL,38,NULL,NULL,'2025-06-27 10:25:35','2025-06-27 10:25:35');
/*!40000 ALTER TABLE `permission` ENABLE KEYS */;
UNLOCK TABLES;

--
-- Table structure for table `project`
--

DROP TABLE IF EXISTS `project`;
/*!40101 SET @saved_cs_client     = @@character_set_client */;
/*!50503 SET character_set_client = utf8mb4 */;
CREATE TABLE `project` (
  `id` bigint NOT NULL AUTO_INCREMENT,
  `uploader_id` bigint NOT NULL COMMENT '创建者ID(教师)',
  `name` varchar(255) CHARACTER SET utf8mb4 COLLATE utf8mb4_unicode_ci NOT NULL,
  `description` text CHARACTER SET utf8mb4 COLLATE utf8mb4_unicode_ci,
  `status` varchar(50) CHARACTER SET utf8mb4 COLLATE utf8mb4_unicode_ci DEFAULT NULL,
  `audit_status` enum('draft','pending','approved','rejected') CHARACTER SET utf8mb4 COLLATE utf8mb4_unicode_ci DEFAULT 'draft' COMMENT '审核状态:草稿/待审核/已通过/已驳回',
  `audit_comment` text CHARACTER SET utf8mb4 COLLATE utf8mb4_unicode_ci COMMENT '审核意见',
  `auditor_id` bigint DEFAULT NULL COMMENT '审核人ID(管理员)',
  `audit_time` datetime DEFAULT NULL COMMENT '审核时间',
  `publish_status` enum('unpublished','published') CHARACTER SET utf8mb4 COLLATE utf8mb4_unicode_ci DEFAULT 'unpublished' COMMENT '发布状态',
  `publish_time` datetime DEFAULT NULL COMMENT '发布时间',
  `target_type` enum('all','class','student') CHARACTER SET utf8mb4 COLLATE utf8mb4_unicode_ci DEFAULT 'all' COMMENT '发布对象:全部/班级/学生',
  PRIMARY KEY (`id`),
  KEY `uploader_id` (`uploader_id`),
  KEY `auditor_id` (`auditor_id`),
  KEY `idx_audit_status` (`audit_status`),
  KEY `idx_publish_status` (`publish_status`),
  CONSTRAINT `project_ibfk_1` FOREIGN KEY (`uploader_id`) REFERENCES `user` (`id`) ON DELETE CASCADE,
  CONSTRAINT `project_ibfk_2` FOREIGN KEY (`auditor_id`) REFERENCES `user` (`id`) ON DELETE SET NULL
) ENGINE=InnoDB DEFAULT CHARSET=utf8mb4 COLLATE=utf8mb4_unicode_ci;
/*!40101 SET character_set_client = @saved_cs_client */;

--
-- Dumping data for table `project`
--

LOCK TABLES `project` WRITE;
/*!40000 ALTER TABLE `project` DISABLE KEYS */;
/*!40000 ALTER TABLE `project` ENABLE KEYS */;
UNLOCK TABLES;

--
-- Table structure for table `project_audit_log`
--

DROP TABLE IF EXISTS `project_audit_log`;
/*!40101 SET @saved_cs_client     = @@character_set_client */;
/*!50503 SET character_set_client = utf8mb4 */;
CREATE TABLE `project_audit_log` (
  `id` bigint NOT NULL AUTO_INCREMENT COMMENT '审核ID',
  `project_id` bigint NOT NULL COMMENT '项目ID',
  `auditor_id` bigint NOT NULL COMMENT '审核人ID',
  `from_status` enum('draft','pending','approved','rejected') DEFAULT NULL COMMENT '原状态',
  `to_status` enum('draft','pending','approved','rejected') NOT NULL COMMENT '新状态',
  `comment` text COMMENT '审核意见',
  `created_at` datetime DEFAULT CURRENT_TIMESTAMP COMMENT '审核时间',
  PRIMARY KEY (`id`),
  KEY `project_id` (`project_id`),
  KEY `auditor_id` (`auditor_id`),
  CONSTRAINT `project_audit_log_ibfk_1` FOREIGN KEY (`project_id`) REFERENCES `project` (`id`) ON DELETE CASCADE,
  CONSTRAINT `project_audit_log_ibfk_2` FOREIGN KEY (`auditor_id`) REFERENCES `user` (`id`) ON DELETE CASCADE
) ENGINE=InnoDB DEFAULT CHARSET=utf8mb4 COLLATE=utf8mb4_0900_ai_ci COMMENT='项目审核记录表';
/*!40101 SET character_set_client = @saved_cs_client */;

--
-- Dumping data for table `project_audit_log`
--

LOCK TABLES `project_audit_log` WRITE;
/*!40000 ALTER TABLE `project_audit_log` DISABLE KEYS */;
/*!40000 ALTER TABLE `project_audit_log` ENABLE KEYS */;
UNLOCK TABLES;

--
-- Table structure for table `project_discussion`
--

DROP TABLE IF EXISTS `project_discussion`;
/*!40101 SET @saved_cs_client     = @@character_set_client */;
/*!50503 SET character_set_client = utf8mb4 */;
CREATE TABLE `project_discussion` (
  `id` bigint NOT NULL AUTO_INCREMENT,
  `project_id` bigint NOT NULL,
  `team_id` bigint DEFAULT NULL,
  `user_id` bigint DEFAULT NULL,
  `content` text CHARACTER SET utf8mb4 COLLATE utf8mb4_unicode_ci NOT NULL,
  `created_at` timestamp NULL DEFAULT CURRENT_TIMESTAMP,
  PRIMARY KEY (`id`),
  KEY `project_id` (`project_id`),
  KEY `student_id` (`user_id`),
  KEY `team_id` (`team_id`),
  CONSTRAINT `project_discussion_ibfk_1` FOREIGN KEY (`project_id`) REFERENCES `experiment_project` (`id`),
  CONSTRAINT `project_discussion_ibfk_3` FOREIGN KEY (`team_id`) REFERENCES `project_team` (`id`)
) ENGINE=InnoDB DEFAULT CHARSET=utf8mb4 COLLATE=utf8mb4_unicode_ci;
/*!40101 SET character_set_client = @saved_cs_client */;

--
-- Dumping data for table `project_discussion`
--

LOCK TABLES `project_discussion` WRITE;
/*!40000 ALTER TABLE `project_discussion` DISABLE KEYS */;
/*!40000 ALTER TABLE `project_discussion` ENABLE KEYS */;
UNLOCK TABLES;

--
-- Table structure for table `project_progress`
--

DROP TABLE IF EXISTS `project_progress`;
/*!40101 SET @saved_cs_client     = @@character_set_client */;
/*!50503 SET character_set_client = utf8mb4 */;
CREATE TABLE `project_progress` (
  `id` bigint NOT NULL AUTO_INCREMENT,
  `project_id` bigint NOT NULL,
  `student_id` bigint NOT NULL,
  `progress` varchar(255) CHARACTER SET utf8mb4 COLLATE utf8mb4_unicode_ci DEFAULT NULL,
  PRIMARY KEY (`id`),
  KEY `project_id` (`project_id`),
  CONSTRAINT `project_progress_ibfk_1` FOREIGN KEY (`project_id`) REFERENCES `project` (`id`) ON DELETE CASCADE
) ENGINE=InnoDB DEFAULT CHARSET=utf8mb4 COLLATE=utf8mb4_unicode_ci;
/*!40101 SET character_set_client = @saved_cs_client */;

--
-- Dumping data for table `project_progress`
--

LOCK TABLES `project_progress` WRITE;
/*!40000 ALTER TABLE `project_progress` DISABLE KEYS */;
/*!40000 ALTER TABLE `project_progress` ENABLE KEYS */;
UNLOCK TABLES;

--
-- Table structure for table `project_target`
--

DROP TABLE IF EXISTS `project_target`;
/*!40101 SET @saved_cs_client     = @@character_set_client */;
/*!50503 SET character_set_client = utf8mb4 */;
CREATE TABLE `project_target` (
  `id` bigint NOT NULL AUTO_INCREMENT COMMENT 'ID',
  `project_id` bigint NOT NULL COMMENT '项目ID',
  `target_id` bigint NOT NULL COMMENT '目标ID(班级ID或学生ID)',
  `target_type` enum('class','student') NOT NULL COMMENT '目标类型',
  `created_at` datetime DEFAULT CURRENT_TIMESTAMP COMMENT '创建时间',
  PRIMARY KEY (`id`),
  KEY `idx_project_target` (`project_id`,`target_type`),
  CONSTRAINT `project_target_ibfk_1` FOREIGN KEY (`project_id`) REFERENCES `project` (`id`) ON DELETE CASCADE
) ENGINE=InnoDB DEFAULT CHARSET=utf8mb4 COLLATE=utf8mb4_0900_ai_ci COMMENT='项目发布目标表';
/*!40101 SET character_set_client = @saved_cs_client */;

--
-- Dumping data for table `project_target`
--

LOCK TABLES `project_target` WRITE;
/*!40000 ALTER TABLE `project_target` DISABLE KEYS */;
/*!40000 ALTER TABLE `project_target` ENABLE KEYS */;
UNLOCK TABLES;

--
-- Table structure for table `project_team`
--

DROP TABLE IF EXISTS `project_team`;
/*!40101 SET @saved_cs_client     = @@character_set_client */;
/*!50503 SET character_set_client = utf8mb4 */;
CREATE TABLE `project_team` (
  `id` bigint NOT NULL AUTO_INCREMENT,
  `project_id` bigint NOT NULL,
  `name` varchar(100) CHARACTER SET utf8mb4 COLLATE utf8mb4_unicode_ci DEFAULT NULL COMMENT '小组名称',
  `created_at` timestamp NULL DEFAULT CURRENT_TIMESTAMP,
  PRIMARY KEY (`id`),
  KEY `project_id` (`project_id`),
  CONSTRAINT `project_team_ibfk_1` FOREIGN KEY (`project_id`) REFERENCES `experiment_project` (`id`)
) ENGINE=InnoDB AUTO_INCREMENT=4 DEFAULT CHARSET=utf8mb4 COLLATE=utf8mb4_unicode_ci;
/*!40101 SET character_set_client = @saved_cs_client */;

--
-- Dumping data for table `project_team`
--

LOCK TABLES `project_team` WRITE;
/*!40000 ALTER TABLE `project_team` DISABLE KEYS */;
INSERT INTO `project_team` VALUES (1,18,'组A','2025-07-03 10:58:08'),(2,18,'组B','2025-07-03 10:58:08'),(3,18,'组C','2025-07-03 10:58:08');
/*!40000 ALTER TABLE `project_team` ENABLE KEYS */;
UNLOCK TABLES;

--
-- Table structure for table `project_team_member`
--

DROP TABLE IF EXISTS `project_team_member`;
/*!40101 SET @saved_cs_client     = @@character_set_client */;
/*!50503 SET character_set_client = utf8mb4 */;
CREATE TABLE `project_team_member` (
  `id` bigint NOT NULL AUTO_INCREMENT,
  `team_id` bigint NOT NULL,
  `student_id` bigint NOT NULL,
  `joined_at` datetime NOT NULL DEFAULT CURRENT_TIMESTAMP,
  PRIMARY KEY (`id`),
  KEY `team_id` (`team_id`),
  CONSTRAINT `project_team_member_ibfk_1` FOREIGN KEY (`team_id`) REFERENCES `project_team` (`id`)
) ENGINE=InnoDB AUTO_INCREMENT=6 DEFAULT CHARSET=utf8mb4 COLLATE=utf8mb4_unicode_ci;
/*!40101 SET character_set_client = @saved_cs_client */;

--
-- Dumping data for table `project_team_member`
--

LOCK TABLES `project_team_member` WRITE;
/*!40000 ALTER TABLE `project_team_member` DISABLE KEYS */;
INSERT INTO `project_team_member` VALUES (1,1,55,'2025-07-03 18:58:08'),(2,1,58,'2025-07-03 18:58:08'),(3,2,56,'2025-07-03 18:58:08'),(4,2,59,'2025-07-03 18:58:08'),(5,3,57,'2025-07-03 18:58:08');
/*!40000 ALTER TABLE `project_team_member` ENABLE KEYS */;
UNLOCK TABLES;

--
-- Table structure for table `reservations`
--

DROP TABLE IF EXISTS `reservations`;
/*!40101 SET @saved_cs_client     = @@character_set_client */;
/*!50503 SET character_set_client = utf8mb4 */;
CREATE TABLE `reservations` (
  `reservation_id` bigint NOT NULL AUTO_INCREMENT,
  `user_id` bigint NOT NULL,
  `lab_id` int NOT NULL,
  `start_time` datetime NOT NULL,
  `end_time` datetime NOT NULL,
  `purpose` text CHARACTER SET utf8mb4 COLLATE utf8mb4_unicode_ci NOT NULL,
  `status` enum('pending','approved','rejected','cancelled') CHARACTER SET utf8mb4 COLLATE utf8mb4_unicode_ci DEFAULT 'pending',
  `admin_id` bigint DEFAULT NULL,
  `admin_comment` text CHARACTER SET utf8mb4 COLLATE utf8mb4_unicode_ci,
  `created_at` timestamp NULL DEFAULT CURRENT_TIMESTAMP,
  PRIMARY KEY (`reservation_id`),
  KEY `user_id` (`user_id`),
  KEY `lab_id` (`lab_id`),
  KEY `admin_id` (`admin_id`),
  CONSTRAINT `reservations_ibfk_1` FOREIGN KEY (`user_id`) REFERENCES `user` (`id`),
  CONSTRAINT `reservations_ibfk_2` FOREIGN KEY (`lab_id`) REFERENCES `laboratories` (`lab_id`),
  CONSTRAINT `reservations_ibfk_3` FOREIGN KEY (`admin_id`) REFERENCES `user` (`id`)
) ENGINE=InnoDB AUTO_INCREMENT=35 DEFAULT CHARSET=utf8mb4 COLLATE=utf8mb4_unicode_ci;
/*!40101 SET character_set_client = @saved_cs_client */;

--
-- Dumping data for table `reservations`
--

LOCK TABLES `reservations` WRITE;
/*!40000 ALTER TABLE `reservations` DISABLE KEYS */;
INSERT INTO `reservations` VALUES (16,1,1,'2023-06-15 09:00:00','2023-06-15 11:00:00','数据结构课程实验','cancelled',55,'课程使用，已批准','2025-07-07 08:55:11'),(17,1,1,'2023-06-15 14:00:00','2023-06-15 16:00:00','算法设计与分析实验','approved',55,'课程使用','2025-07-07 08:55:11'),(18,1,2,'2023-06-16 08:30:00','2023-06-16 10:30:00','计算机网络实验','approved',55,'正常教学使用','2025-07-07 08:55:11'),(19,1,3,'2023-06-16 13:00:00','2023-06-16 15:00:00','大学物理实验','approved',55,'物理课程实验','2025-07-07 08:55:11'),(20,1,5,'2023-06-17 09:00:00','2023-06-17 12:00:00','无机化学实验','pending',NULL,NULL,'2025-07-07 08:55:11'),(21,1,6,'2023-06-17 14:00:00','2023-06-17 17:00:00','有机合成实验','rejected',55,'该时间段已有课程安排','2025-07-07 08:55:11'),(22,1,7,'2023-06-18 08:00:00','2023-06-18 11:00:00','微生物培养实验','approved',55,'生物实验课程','2025-07-07 08:55:11'),(23,1,1,'2023-06-19 09:00:00','2023-06-19 11:00:00','毕业设计实验','pending',NULL,NULL,'2025-07-07 08:55:11'),(24,1,9,'2023-06-19 14:00:00','2023-06-19 16:00:00','电子电路设计','approved',55,'电子竞赛准备','2025-07-07 08:55:11'),(25,1,10,'2023-06-20 10:00:00','2023-06-20 12:00:00','机械设计实验','approved',55,'课程实验','2025-07-07 08:55:11'),(26,1,11,'2023-06-20 14:00:00','2023-06-20 17:00:00','深度学习模型训练','pending',NULL,NULL,'2025-07-07 08:55:11'),(27,1,1,'2023-06-21 09:00:00','2023-06-21 11:00:00','编程竞赛训练','cancelled',NULL,'学生自行取消','2025-07-07 08:55:11'),(28,1,3,'2023-06-21 14:00:00','2023-06-21 16:00:00','物理创新实验','approved',55,'创新项目实验','2025-07-07 08:55:11'),(29,1,5,'2023-06-22 08:30:00','2023-06-22 11:30:00','化学分析实验','pending',NULL,NULL,'2025-07-07 08:55:11'),(30,1,7,'2023-06-22 14:00:00','2023-06-22 17:00:00','细胞培养实验','approved',55,'研究生实验','2025-07-07 08:55:11'),(33,1,1,'2025-07-09 01:00:00','2025-07-09 02:00:00','12345678i','pending',NULL,NULL,'2025-07-07 19:27:06'),(34,1,1,'2025-07-09 01:30:00','2025-07-09 03:00:00','dfxgchvjk','pending',NULL,NULL,'2025-07-08 07:22:00');
/*!40000 ALTER TABLE `reservations` ENABLE KEYS */;
UNLOCK TABLES;

--
-- Table structure for table `resource`
--

DROP TABLE IF EXISTS `resource`;
/*!40101 SET @saved_cs_client     = @@character_set_client */;
/*!50503 SET character_set_client = utf8mb4 */;
CREATE TABLE `resource` (
  `id` bigint NOT NULL AUTO_INCREMENT,
  `name` varchar(255) CHARACTER SET utf8mb4 COLLATE utf8mb4_unicode_ci NOT NULL,
  `type` varchar(50) CHARACTER SET utf8mb4 COLLATE utf8mb4_unicode_ci DEFAULT NULL,
  `category` varchar(255) CHARACTER SET utf8mb4 COLLATE utf8mb4_unicode_ci DEFAULT NULL,
  `url` varchar(255) CHARACTER SET utf8mb4 COLLATE utf8mb4_unicode_ci DEFAULT NULL,
  `status` varchar(50) CHARACTER SET utf8mb4 COLLATE utf8mb4_unicode_ci DEFAULT NULL,
  `share_type` tinyint DEFAULT '0' COMMENT '共享类型：0-私有 1-公开 2-指定用户可见 3-院系内可见',
  `view_count` int DEFAULT '0' COMMENT '浏览次数',
  `download_count` int DEFAULT '0' COMMENT '下载次数',
  `share_permission` varchar(255) CHARACTER SET utf8mb4 COLLATE utf8mb4_unicode_ci DEFAULT NULL,
  `like_count` int DEFAULT NULL,
  `collect_count` int DEFAULT NULL,
  PRIMARY KEY (`id`)
) ENGINE=InnoDB AUTO_INCREMENT=101 DEFAULT CHARSET=utf8mb4 COLLATE=utf8mb4_unicode_ci;
/*!40101 SET character_set_client = @saved_cs_client */;

--
-- Dumping data for table `resource`
--

LOCK TABLES `resource` WRITE;
/*!40000 ALTER TABLE `resource` DISABLE KEYS */;
INSERT INTO `resource` VALUES (1,'Java 编程指南','文档','技术','https://example.com/java-guide.pdf','公开',1,100,20,'公开',10,5),(2,'Python 基础教程','视频','技术','https://example.com/python-tutorial.mp4','私有',2,150,30,'仅好友',20,8),(3,'旅游攻略','链接','生活','https://example.com/travel-guide','公开',1,80,15,'公开',5,3),(4,'虚拟仿真实验项目 #4','历史','中级','https://www.ilab-x.com/details/page?id=6004','draft',0,0,0,NULL,NULL,NULL),(5,'虚拟仿真实验项目 #5','工程','初级','https://www.ilab-x.com/details/page?id=6005','draft',0,0,0,NULL,NULL,NULL),(6,'虚拟仿真实验项目 #6','农业','中级','https://www.ilab-x.com/details/page?id=6006','draft',0,0,0,NULL,NULL,NULL),(7,'虚拟仿真实验项目 #7','农业','初级','https://www.ilab-x.com/details/page?id=6007','draft',0,0,0,NULL,NULL,NULL),(8,'虚拟仿真实验项目 #8','历史','初级','https://www.ilab-x.com/details/page?id=6008','draft',0,0,0,NULL,NULL,NULL),(9,'虚拟仿真实验项目 #9','医学','高级','https://www.ilab-x.com/details/page?id=6009','draft',0,0,0,NULL,NULL,NULL),(10,'虚拟仿真实验项目 #10','物理','中级','https://www.ilab-x.com/details/page?id=6010','draft',0,0,0,NULL,NULL,NULL),(11,'虚拟仿真实验项目 #11','能源','高级','https://www.ilab-x.com/details/page?id=6011','draft',0,0,0,NULL,NULL,NULL),(12,'虚拟仿真实验项目 #12','生物','高级','https://www.ilab-x.com/details/page?id=6012','draft',0,0,0,NULL,NULL,NULL),(13,'虚拟仿真实验项目 #13','电子','高级','https://www.ilab-x.com/details/page?id=6013','draft',0,0,0,NULL,NULL,NULL),(14,'虚拟仿真实验项目 #14','工程','初级','https://www.ilab-x.com/details/page?id=6014','draft',0,0,0,NULL,NULL,NULL),(15,'虚拟仿真实验项目 #15','电子','初级','https://www.ilab-x.com/details/page?id=6015','draft',0,0,0,NULL,NULL,NULL),(16,'虚拟仿真实验项目 #16','历史','中级','https://www.ilab-x.com/details/page?id=6016','draft',0,0,0,NULL,NULL,NULL),(17,'虚拟仿真实验项目 #17','生物','高级','https://www.ilab-x.com/details/page?id=6017','draft',0,0,0,NULL,NULL,NULL),(18,'虚拟仿真实验项目 #18','电子','初级','https://www.ilab-x.com/details/page?id=6018','draft',0,0,0,NULL,NULL,NULL),(19,'虚拟仿真实验项目 #19','化学','高级','https://www.ilab-x.com/details/page?id=6019','draft',0,0,0,NULL,NULL,NULL),(20,'虚拟仿真实验项目 #20','计算机','中级','https://www.ilab-x.com/details/page?id=6020','draft',0,0,0,NULL,NULL,NULL),(21,'虚拟仿真实验项目 #21','历史','高级','https://www.ilab-x.com/details/page?id=6021','draft',0,0,0,NULL,NULL,NULL),(22,'虚拟仿真实验项目 #22','医学','初级','https://www.ilab-x.com/details/page?id=6022','draft',0,0,0,NULL,NULL,NULL),(23,'虚拟仿真实验项目 #23','计算机','中级','https://www.ilab-x.com/details/page?id=6023','draft',0,0,0,NULL,NULL,NULL),(24,'虚拟仿真实验项目 #24','工程','初级','https://www.ilab-x.com/details/page?id=6024','draft',0,0,0,NULL,NULL,NULL),(25,'虚拟仿真实验项目 #25','工程','高级','https://www.ilab-x.com/details/page?id=6025','draft',0,0,0,NULL,NULL,NULL),(26,'虚拟仿真实验项目 #26','农业','初级','https://www.ilab-x.com/details/page?id=6026','draft',0,0,0,NULL,NULL,NULL),(27,'虚拟仿真实验项目 #27','电子','中级','https://www.ilab-x.com/details/page?id=6027','draft',0,0,0,NULL,NULL,NULL),(28,'虚拟仿真实验项目 #28','电子','初级','https://www.ilab-x.com/details/page?id=6028','draft',0,0,0,NULL,NULL,NULL),(29,'虚拟仿真实验项目 #29','医学','中级','https://www.ilab-x.com/details/page?id=6029','draft',0,0,0,NULL,NULL,NULL),(30,'虚拟仿真实验项目 #30','医学','中级','https://www.ilab-x.com/details/page?id=6030','draft',0,0,0,NULL,NULL,NULL),(31,'虚拟仿真实验项目 #31','医学','初级','https://www.ilab-x.com/details/page?id=6031','draft',0,0,0,NULL,NULL,NULL),(32,'虚拟仿真实验项目 #32','医学','初级','https://www.ilab-x.com/details/page?id=6032','draft',0,0,0,NULL,NULL,NULL),(33,'虚拟仿真实验项目 #33','计算机','高级','https://www.ilab-x.com/details/page?id=6033','draft',0,0,0,NULL,NULL,NULL),(34,'虚拟仿真实验项目 #34','农业','高级','https://www.ilab-x.com/details/page?id=6034','draft',0,0,0,NULL,NULL,NULL),(35,'虚拟仿真实验项目 #35','能源','中级','https://www.ilab-x.com/details/page?id=6035','draft',0,0,0,NULL,NULL,NULL),(36,'虚拟仿真实验项目 #36','电子','初级','https://www.ilab-x.com/details/page?id=6036','draft',0,0,0,NULL,NULL,NULL),(37,'虚拟仿真实验项目 #37','工程','高级','https://www.ilab-x.com/details/page?id=6037','draft',0,0,0,NULL,NULL,NULL),(38,'虚拟仿真实验项目 #38','计算机','中级','https://www.ilab-x.com/details/page?id=6038','draft',0,0,0,NULL,NULL,NULL),(39,'虚拟仿真实验项目 #39','工程','初级','https://www.ilab-x.com/details/page?id=6039','draft',0,0,0,NULL,NULL,NULL),(40,'虚拟仿真实验项目 #40','物理','初级','https://www.ilab-x.com/details/page?id=6040','draft',0,0,0,NULL,NULL,NULL),(41,'虚拟仿真实验项目 #41','生物','高级','https://www.ilab-x.com/details/page?id=6041','draft',0,0,0,NULL,NULL,NULL),(42,'虚拟仿真实验项目 #42','物理','高级','https://www.ilab-x.com/details/page?id=6042','draft',0,0,0,NULL,NULL,NULL),(43,'虚拟仿真实验项目 #43','农业','中级','https://www.ilab-x.com/details/page?id=6043','draft',0,0,0,NULL,NULL,NULL),(44,'虚拟仿真实验项目 #44','电子','中级','https://www.ilab-x.com/details/page?id=6044','draft',0,0,0,NULL,NULL,NULL),(45,'虚拟仿真实验项目 #45','生物','高级','https://www.ilab-x.com/details/page?id=6045','draft',0,0,0,NULL,NULL,NULL),(46,'虚拟仿真实验项目 #46','能源','初级','https://www.ilab-x.com/details/page?id=6046','draft',0,0,0,NULL,NULL,NULL),(47,'虚拟仿真实验项目 #47','历史','中级','https://www.ilab-x.com/details/page?id=6047','draft',0,0,0,NULL,NULL,NULL),(48,'虚拟仿真实验项目 #48','工程','初级','https://www.ilab-x.com/details/page?id=6048','draft',0,0,0,NULL,NULL,NULL),(49,'虚拟仿真实验项目 #49','物理','中级','https://www.ilab-x.com/details/page?id=6049','draft',0,0,0,NULL,NULL,NULL),(50,'虚拟仿真实验项目 #50','农业','高级','https://www.ilab-x.com/details/page?id=6050','draft',0,0,0,NULL,NULL,NULL),(51,'虚拟仿真实验项目 #51','电子','中级','https://www.ilab-x.com/details/page?id=6051','draft',0,0,0,NULL,NULL,NULL),(52,'虚拟仿真实验项目 #52','生物','初级','https://www.ilab-x.com/details/page?id=6052','draft',0,0,0,NULL,NULL,NULL),(53,'虚拟仿真实验项目 #53','计算机','中级','https://www.ilab-x.com/details/page?id=6053','draft',0,0,0,NULL,NULL,NULL),(54,'虚拟仿真实验项目 #54','农业','高级','https://www.ilab-x.com/details/page?id=6054','draft',0,0,0,NULL,NULL,NULL),(55,'虚拟仿真实验项目 #55','物理','中级','https://www.ilab-x.com/details/page?id=6055','draft',0,0,0,NULL,NULL,NULL),(56,'虚拟仿真实验项目 #56','生物','初级','https://www.ilab-x.com/details/page?id=6056','draft',0,0,0,NULL,NULL,NULL),(57,'虚拟仿真实验项目 #57','能源','初级','https://www.ilab-x.com/details/page?id=6057','draft',0,0,0,NULL,NULL,NULL),(58,'虚拟仿真实验项目 #58','计算机','高级','https://www.ilab-x.com/details/page?id=6058','draft',0,0,0,NULL,NULL,NULL),(59,'虚拟仿真实验项目 #59','化学','高级','https://www.ilab-x.com/details/page?id=6059','draft',0,0,0,NULL,NULL,NULL),(60,'虚拟仿真实验项目 #60','农业','中级','https://www.ilab-x.com/details/page?id=6060','draft',0,0,0,NULL,NULL,NULL),(61,'虚拟仿真实验项目 #61','能源','中级','https://www.ilab-x.com/details/page?id=6061','draft',0,0,0,NULL,NULL,NULL),(62,'虚拟仿真实验项目 #62','生物','初级','https://www.ilab-x.com/details/page?id=6062','draft',0,0,0,NULL,NULL,NULL),(63,'虚拟仿真实验项目 #63','化学','中级','https://www.ilab-x.com/details/page?id=6063','draft',0,0,0,NULL,NULL,NULL),(64,'虚拟仿真实验项目 #64','农业','初级','https://www.ilab-x.com/details/page?id=6064','draft',0,0,0,NULL,NULL,NULL),(65,'虚拟仿真实验项目 #65','农业','初级','https://www.ilab-x.com/details/page?id=6065','draft',0,0,0,NULL,NULL,NULL),(66,'虚拟仿真实验项目 #66','计算机','高级','https://www.ilab-x.com/details/page?id=6066','draft',0,0,0,NULL,NULL,NULL),(67,'虚拟仿真实验项目 #67','物理','初级','https://www.ilab-x.com/details/page?id=6067','draft',0,0,0,NULL,NULL,NULL),(68,'虚拟仿真实验项目 #68','农业','中级','https://www.ilab-x.com/details/page?id=6068','draft',0,0,0,NULL,NULL,NULL),(69,'虚拟仿真实验项目 #69','计算机','高级','https://www.ilab-x.com/details/page?id=6069','draft',0,0,0,NULL,NULL,NULL),(70,'虚拟仿真实验项目 #70','生物','初级','https://www.ilab-x.com/details/page?id=6070','draft',0,0,0,NULL,NULL,NULL),(71,'虚拟仿真实验项目 #71','物理','中级','https://www.ilab-x.com/details/page?id=6071','draft',0,0,0,NULL,NULL,NULL),(72,'虚拟仿真实验项目 #72','化学','初级','https://www.ilab-x.com/details/page?id=6072','draft',0,0,0,NULL,NULL,NULL),(73,'虚拟仿真实验项目 #73','生物','中级','https://www.ilab-x.com/details/page?id=6073','draft',0,0,0,NULL,NULL,NULL),(74,'虚拟仿真实验项目 #74','化学','初级','https://www.ilab-x.com/details/page?id=6074','draft',0,0,0,NULL,NULL,NULL),(75,'虚拟仿真实验项目 #75','工程','高级','https://www.ilab-x.com/details/page?id=6075','draft',0,0,0,NULL,NULL,NULL),(76,'虚拟仿真实验项目 #76','农业','高级','https://www.ilab-x.com/details/page?id=6076','draft',0,0,0,NULL,NULL,NULL),(77,'虚拟仿真实验项目 #77','物理','初级','https://www.ilab-x.com/details/page?id=6077','draft',0,0,0,NULL,NULL,NULL),(78,'虚拟仿真实验项目 #78','化学','高级','https://www.ilab-x.com/details/page?id=6078','draft',0,0,0,NULL,NULL,NULL),(79,'虚拟仿真实验项目 #79','能源','初级','https://www.ilab-x.com/details/page?id=6079','draft',0,0,0,NULL,NULL,NULL),(80,'虚拟仿真实验项目 #80','化学','初级','https://www.ilab-x.com/details/page?id=6080','draft',0,0,0,NULL,NULL,NULL),(81,'虚拟仿真实验项目 #81','化学','中级','https://www.ilab-x.com/details/page?id=6081','draft',0,0,0,NULL,NULL,NULL),(82,'虚拟仿真实验项目 #82','化学','初级','https://www.ilab-x.com/details/page?id=6082','draft',0,0,0,NULL,NULL,NULL),(83,'虚拟仿真实验项目 #83','农业','高级','https://www.ilab-x.com/details/page?id=6083','draft',0,0,0,NULL,NULL,NULL),(84,'虚拟仿真实验项目 #84','工程','高级','https://www.ilab-x.com/details/page?id=6084','draft',0,0,0,NULL,NULL,NULL),(85,'虚拟仿真实验项目 #85','工程','高级','https://www.ilab-x.com/details/page?id=6085','draft',0,0,0,NULL,NULL,NULL),(86,'虚拟仿真实验项目 #86','生物','高级','https://www.ilab-x.com/details/page?id=6086','draft',0,0,0,NULL,NULL,NULL),(87,'虚拟仿真实验项目 #87','化学','中级','https://www.ilab-x.com/details/page?id=6087','draft',0,0,0,NULL,NULL,NULL),(88,'虚拟仿真实验项目 #88','能源','高级','https://www.ilab-x.com/details/page?id=6088','draft',0,0,0,NULL,NULL,NULL),(89,'虚拟仿真实验项目 #89','能源','初级','https://www.ilab-x.com/details/page?id=6089','draft',0,0,0,NULL,NULL,NULL),(90,'虚拟仿真实验项目 #90','物理','中级','https://www.ilab-x.com/details/page?id=6090','draft',0,0,0,NULL,NULL,NULL),(91,'虚拟仿真实验项目 #91','农业','高级','https://www.ilab-x.com/details/page?id=6091','draft',0,0,0,NULL,NULL,NULL),(92,'虚拟仿真实验项目 #92','历史','初级','https://www.ilab-x.com/details/page?id=6092','draft',0,0,0,NULL,NULL,NULL),(93,'虚拟仿真实验项目 #93','工程','初级','https://www.ilab-x.com/details/page?id=6093','draft',0,0,0,NULL,NULL,NULL),(94,'虚拟仿真实验项目 #94','化学','初级','https://www.ilab-x.com/details/page?id=6094','draft',0,0,0,NULL,NULL,NULL),(95,'虚拟仿真实验项目 #95','化学','初级','https://www.ilab-x.com/details/page?id=6095','draft',0,0,0,NULL,NULL,NULL),(96,'虚拟仿真实验项目 #96','化学','初级','https://www.ilab-x.com/details/page?id=6096','draft',0,0,0,NULL,NULL,NULL),(97,'虚拟仿真实验项目 #97','计算机','高级','https://www.ilab-x.com/details/page?id=6097','draft',0,0,0,NULL,NULL,NULL),(98,'虚拟仿真实验项目 #98','工程','初级','https://www.ilab-x.com/details/page?id=6098','draft',0,0,0,NULL,NULL,NULL),(99,'虚拟仿真实验项目 #99','计算机','初级','https://www.ilab-x.com/details/page?id=6099','draft',0,0,0,NULL,NULL,NULL),(100,'虚拟仿真实验项目 #100','能源','初级','https://www.ilab-x.com/details/page?id=6100','draft',0,0,0,NULL,NULL,NULL);
/*!40000 ALTER TABLE `resource` ENABLE KEYS */;
UNLOCK TABLES;

--
-- Table structure for table `resource_comment`
--

DROP TABLE IF EXISTS `resource_comment`;
/*!40101 SET @saved_cs_client     = @@character_set_client */;
/*!50503 SET character_set_client = utf8mb4 */;
CREATE TABLE `resource_comment` (
  `id` bigint NOT NULL AUTO_INCREMENT COMMENT '评论的唯一标识 ID',
  `resource_id` bigint NOT NULL COMMENT '被评论资源的 ID，关联到对应的资源',
  `user_id` bigint NOT NULL COMMENT '评论用户的 ID，关联到发表评论的用户',
  `content` varchar(255) CHARACTER SET utf8mb4 COLLATE utf8mb4_unicode_ci NOT NULL COMMENT '评论的具体内容',
  `create_time` datetime NOT NULL COMMENT '评论的创建时间',
  PRIMARY KEY (`id`)
) ENGINE=InnoDB AUTO_INCREMENT=104 DEFAULT CHARSET=utf8mb4 COLLATE=utf8mb4_unicode_ci;
/*!40101 SET character_set_client = @saved_cs_client */;

--
-- Dumping data for table `resource_comment`
--

LOCK TABLES `resource_comment` WRITE;
/*!40000 ALTER TABLE `resource_comment` DISABLE KEYS */;
INSERT INTO `resource_comment` VALUES (1,44,19,'实验步骤讲解很到位，适合初学者。','2024-05-07 00:00:00'),(2,42,21,'实验难度适中，适合目标学生。','2024-08-01 00:00:00'),(3,83,51,'实验指导步骤详细，易于跟随。','2024-09-26 00:00:00'),(4,74,12,'视觉效果很棒，沉浸感强。','2025-06-01 00:00:00'),(5,9,31,'概念解释得很清晰，易于理解。','2024-08-20 00:00:00'),(6,65,51,'这个虚拟实验比传统实验更有趣。','2024-08-25 00:00:00'),(7,86,52,'教学价值很高，推荐给同事了。','2025-01-15 00:00:00'),(8,73,30,'实验步骤讲解很到位，适合初学者。','2024-04-05 00:00:00'),(9,31,53,'资源结构组织合理，逻辑清晰。','2024-09-07 00:00:00'),(10,11,9,'作为教学辅助工具，这个资源太有价值了。','2024-10-20 00:00:00'),(11,52,53,'实验安全考虑周到。','2025-01-30 00:00:00'),(12,87,10,'这个虚拟实验比传统实验更有趣。','2024-12-25 00:00:00'),(13,16,44,'界面设计简洁大方，操作方便。','2025-02-18 00:00:00'),(14,12,17,'配套学习材料很全面。','2025-02-17 00:00:00'),(15,26,1,'这个资源让我对复杂概念有了直观理解。','2025-02-27 00:00:00'),(16,66,52,'教师用这个做课堂演示效果很好。','2025-03-03 00:00:00'),(17,90,8,'这个实验解决了我课堂上的疑惑，感谢分享！','2024-03-14 00:00:00'),(18,31,7,'实验步骤讲解很到位，适合初学者。','2024-10-29 00:00:00'),(19,30,44,'如果能提供更多背景知识会更好。','2024-10-10 00:00:00'),(20,100,24,'实验设计很有创意。','2025-01-22 00:00:00'),(21,54,29,'实验难度适中，适合目标学生。','2024-04-12 00:00:00'),(22,66,38,'教学价值很高，推荐给同事了。','2024-12-16 00:00:00'),(23,63,12,'配套学习材料很全面。','2024-07-10 00:00:00'),(24,62,2,'这个资源让我对复杂概念有了直观理解。','2025-04-19 00:00:00'),(25,5,33,'数据分析工具很强大。','2024-02-02 00:00:00'),(26,73,24,'作为翻转课堂资源很理想。','2025-04-17 00:00:00'),(27,46,37,'资源内容更新及时，保持前沿。','2024-02-12 00:00:00'),(28,92,19,'这个虚拟实验设计得非常直观，操作流畅！','2025-05-06 00:00:00'),(29,8,38,'实验步骤讲解很到位，适合初学者。','2024-04-22 00:00:00'),(30,95,6,'作为课外拓展资源非常合适。','2025-04-29 00:00:00'),(31,16,6,'技术支持响应及时。','2024-01-19 00:00:00'),(32,27,12,'资源加载速度很快，体验流畅。','2024-11-18 00:00:00'),(33,3,19,'实验指导步骤详细，易于跟随。','2025-04-24 00:00:00'),(34,37,11,'资源内容丰富，不枯燥。','2024-09-19 00:00:00'),(35,89,53,'实验参数设置灵活，可探索性强。','2024-09-13 00:00:00'),(36,88,52,'教学价值很高，推荐给同事了。','2024-03-17 00:00:00'),(37,82,35,'这个资源改变了我的教学方式。','2024-03-11 00:00:00'),(38,32,10,'作为教学辅助工具，这个资源太有价值了。','2025-04-12 00:00:00'),(39,26,39,'资源内容丰富，不枯燥。','2024-08-25 00:00:00'),(40,30,9,'实验步骤讲解很到位，适合初学者。','2024-05-30 00:00:00'),(41,62,13,'实验步骤讲解很到位，适合初学者。','2024-01-09 00:00:00'),(42,21,52,'对自主学习者来说是不可多得的资源。','2025-06-28 00:00:00'),(43,53,36,'这个实验让我真正理解了抽象理论。','2024-01-07 00:00:00'),(44,65,10,'操作界面很友好，导航清晰。','2024-06-13 00:00:00'),(45,64,15,'视觉效果很棒，沉浸感强。','2024-01-24 00:00:00'),(46,67,11,'如果能提供更多背景知识会更好。','2024-01-24 00:00:00'),(47,37,38,'如果能提供更多背景知识会更好。','2024-07-21 00:00:00'),(48,98,42,'实验参数设置灵活，可探索性强。','2025-04-27 00:00:00'),(49,96,9,'视觉效果很棒，沉浸感强。','2024-09-15 00:00:00'),(50,67,49,'实验反馈及时，有助于改进。','2025-01-26 00:00:00'),(64,66,21,'回复@s_20230014: 教师用这个做课堂演示效果很好。','2024-12-22 00:00:00'),(65,53,10,'回复@s_20230012: 实验指导步骤详细，易于跟随。','2024-01-14 00:00:00'),(66,26,13,'回复@小愿: 界面设计简洁大方，操作方便。','2025-03-06 00:00:00'),(67,32,38,'回复@t_zhangwei: 这个实验让我真正理解了抽象理论。','2025-04-17 00:00:00'),(68,73,22,'回复@s_20230006: 数据可视化做得很好。','2024-04-08 00:00:00'),(69,73,29,'回复@t_linna: 资源结构组织合理，逻辑清晰。','2025-04-24 00:00:00'),(70,54,12,'回复@s_20230005: 使用过程中没有遇到技术问题。','2024-04-19 00:00:00'),(71,5,28,'回复@s_20230009: 教学价值很高，推荐给同事了。','2024-02-07 00:00:00'),(72,62,25,'回复@小原: 这个虚拟实验比传统实验更有趣。','2025-04-22 00:00:00'),(73,74,31,'回复@t_wangfang: 视觉效果吸引人，提高学习兴趣。','2025-06-03 00:00:00'),(74,65,26,'回复@s_20230027: 对准备实验考试很有帮助。','2024-08-27 00:00:00'),(75,37,32,'回复@s_20230014: 这个资源让我对复杂概念有了直观理解。','2024-07-23 00:00:00'),(76,63,41,'回复@t_wangfang: 虚拟实验环境很逼真。','2024-07-13 00:00:00'),(77,96,7,'回复@sysadmin5: 实验步骤讲解很到位，适合初学者。','2024-09-18 00:00:00'),(78,67,14,'回复@t_lihua: 这个资源让我对复杂概念有了直观理解。','2024-01-27 00:00:00'),(79,66,29,'回复@s_20230028: 技术支持响应及时。','2025-03-08 00:00:00'),(80,95,8,'回复@sysadmin2: 教师用这个做课堂演示效果很好。','2025-04-30 00:00:00'),(81,44,26,'回复@t_sunyan: 数据可视化做得很好。','2024-05-09 00:00:00'),(82,64,40,'回复@t_chenlei: 技术支持响应及时。','2024-01-25 00:00:00'),(83,27,41,'回复@t_wangfang: 实验安全考虑周到。','2024-11-21 00:00:00'),(84,62,1,'回复@t_liuming: 这个资源大大提高了学习效率。','2024-01-16 00:00:00'),(85,16,41,'回复@sysadmin2: 资源加载速度很快，体验流畅。','2024-01-22 00:00:00'),(86,90,49,'回复@sysadmin4: 资源加载速度很快，体验流畅。','2024-03-19 00:00:00'),(87,37,30,'回复@t_lihua: 交互设计人性化，操作流畅。','2024-09-25 00:00:00'),(88,26,4,'回复@s_20230015: 实验难度适中，适合目标学生。','2024-08-28 00:00:00'),(89,65,10,'回复@t_zhangwei: 实验结果分析部分很有启发性。','2024-06-18 00:00:00'),(90,31,10,'回复@s_20230029: 交互设计人性化，操作流畅。','2024-09-13 00:00:00'),(91,11,41,'回复@sysadmin5: 视觉效果吸引人，提高学习兴趣。','2024-10-25 00:00:00'),(92,30,14,'回复@sysadmin5: 希望能增加更多实验案例。','2024-06-04 00:00:00'),(94,82,15,'回复@s_20230011: 学习曲线设计合理。','2024-03-18 00:00:00'),(95,89,15,'回复@s_20230029: 这个资源让我对复杂概念有了直观理解。','2024-09-18 00:00:00'),(96,3,22,'回复@t_sunyan: 视觉效果吸引人，提高学习兴趣。','2025-04-25 00:00:00'),(97,46,11,'回复@s_20230013: 实验安全考虑周到。','2024-02-14 00:00:00'),(98,67,1,'回复@s_20230025: 如果能提供更多背景知识会更好。','2025-01-31 00:00:00'),(99,100,10,'回复@t_linna: 资源加载速度很快，体验流畅。','2025-01-28 00:00:00'),(100,92,28,'回复@t_sunyan: 作为教学辅助工具，这个资源太有价值了。','2025-05-10 00:00:00'),(101,30,10,'回复@s_20230020: 使用过程中没有遇到技术问题。','2024-10-11 00:00:00'),(102,52,39,'回复@s_20230029: 如果能添加小组协作功能就更好了。','2025-02-03 00:00:00'),(103,88,48,'回复@s_20230028: 数据分析工具很强大。','2024-03-23 00:00:00');
/*!40000 ALTER TABLE `resource_comment` ENABLE KEYS */;
UNLOCK TABLES;

--
-- Table structure for table `resource_copy`
--

DROP TABLE IF EXISTS `resource_copy`;
/*!40101 SET @saved_cs_client     = @@character_set_client */;
/*!50503 SET character_set_client = utf8mb4 */;
CREATE TABLE `resource_copy` (
  `id` bigint NOT NULL AUTO_INCREMENT COMMENT '副本ID',
  `original_id` bigint NOT NULL COMMENT '原始资源ID',
  `copy_id` bigint NOT NULL COMMENT '副本资源ID',
  `user_id` bigint NOT NULL COMMENT '创建副本的用户ID',
  `copy_reason` varchar(255) DEFAULT NULL COMMENT '复制原因',
  `create_time` datetime DEFAULT CURRENT_TIMESTAMP COMMENT '创建时间',
  PRIMARY KEY (`id`),
  KEY `idx_original_id` (`original_id`),
  KEY `idx_copy_id` (`copy_id`),
  KEY `idx_user_id` (`user_id`)
) ENGINE=InnoDB DEFAULT CHARSET=utf8mb4 COLLATE=utf8mb4_0900_ai_ci COMMENT='资源副本表';
/*!40101 SET character_set_client = @saved_cs_client */;

--
-- Dumping data for table `resource_copy`
--

LOCK TABLES `resource_copy` WRITE;
/*!40000 ALTER TABLE `resource_copy` DISABLE KEYS */;
/*!40000 ALTER TABLE `resource_copy` ENABLE KEYS */;
UNLOCK TABLES;

--
-- Table structure for table `resource_favorite`
--

DROP TABLE IF EXISTS `resource_favorite`;
/*!40101 SET @saved_cs_client     = @@character_set_client */;
/*!50503 SET character_set_client = utf8mb4 */;
CREATE TABLE `resource_favorite` (
  `id` bigint NOT NULL AUTO_INCREMENT,
  `user_id` bigint NOT NULL,
  `resource_id` bigint NOT NULL,
  `created_at` datetime DEFAULT CURRENT_TIMESTAMP,
  PRIMARY KEY (`id`),
  UNIQUE KEY `uk_user_resource` (`user_id`,`resource_id`)
) ENGINE=InnoDB AUTO_INCREMENT=2 DEFAULT CHARSET=utf8mb4 COLLATE=utf8mb4_unicode_ci;
/*!40101 SET character_set_client = @saved_cs_client */;

--
-- Dumping data for table `resource_favorite`
--

LOCK TABLES `resource_favorite` WRITE;
/*!40000 ALTER TABLE `resource_favorite` DISABLE KEYS */;
INSERT INTO `resource_favorite` VALUES (1,61,2,NULL);
/*!40000 ALTER TABLE `resource_favorite` ENABLE KEYS */;
UNLOCK TABLES;

--
-- Table structure for table `resource_interaction`
--

DROP TABLE IF EXISTS `resource_interaction`;
/*!40101 SET @saved_cs_client     = @@character_set_client */;
/*!50503 SET character_set_client = utf8mb4 */;
CREATE TABLE `resource_interaction` (
  `id` bigint NOT NULL AUTO_INCREMENT COMMENT '互动ID',
  `resource_id` bigint NOT NULL COMMENT '资源ID',
  `user_id` bigint NOT NULL COMMENT '用户ID',
  `interaction_type` varchar(20) NOT NULL COMMENT '互动类型：like-点赞 collect-收藏 comment-评论 download-下载',
  `content` text COMMENT '评论内容',
  `rating` tinyint DEFAULT NULL COMMENT '评分(1-5)',
  `create_time` datetime DEFAULT CURRENT_TIMESTAMP COMMENT '创建时间',
  `update_time` datetime DEFAULT CURRENT_TIMESTAMP ON UPDATE CURRENT_TIMESTAMP COMMENT '更新时间',
  PRIMARY KEY (`id`),
  UNIQUE KEY `uk_resource_user_interaction` (`resource_id`,`user_id`,`interaction_type`) COMMENT '同一用户对同一资源的同类型互动唯一',
  KEY `idx_resource_id` (`resource_id`),
  KEY `idx_user_id` (`user_id`),
  KEY `idx_interaction_type` (`interaction_type`)
) ENGINE=InnoDB DEFAULT CHARSET=utf8mb4 COLLATE=utf8mb4_0900_ai_ci COMMENT='资源互动表';
/*!40101 SET character_set_client = @saved_cs_client */;

--
-- Dumping data for table `resource_interaction`
--

LOCK TABLES `resource_interaction` WRITE;
/*!40000 ALTER TABLE `resource_interaction` DISABLE KEYS */;
/*!40000 ALTER TABLE `resource_interaction` ENABLE KEYS */;
UNLOCK TABLES;

--
-- Table structure for table `resource_like`
--

DROP TABLE IF EXISTS `resource_like`;
/*!40101 SET @saved_cs_client     = @@character_set_client */;
/*!50503 SET character_set_client = utf8mb4 */;
CREATE TABLE `resource_like` (
  `id` bigint NOT NULL AUTO_INCREMENT,
  `user_id` bigint NOT NULL,
  `resource_id` bigint NOT NULL,
  `created_at` datetime DEFAULT CURRENT_TIMESTAMP,
  PRIMARY KEY (`id`),
  UNIQUE KEY `uk_user_resource` (`user_id`,`resource_id`)
) ENGINE=InnoDB DEFAULT CHARSET=utf8mb4 COLLATE=utf8mb4_unicode_ci;
/*!40101 SET character_set_client = @saved_cs_client */;

--
-- Dumping data for table `resource_like`
--

LOCK TABLES `resource_like` WRITE;
/*!40000 ALTER TABLE `resource_like` DISABLE KEYS */;
/*!40000 ALTER TABLE `resource_like` ENABLE KEYS */;
UNLOCK TABLES;

--
-- Table structure for table `resource_share`
--

DROP TABLE IF EXISTS `resource_share`;
/*!40101 SET @saved_cs_client     = @@character_set_client */;
/*!50503 SET character_set_client = utf8mb4 */;
CREATE TABLE `resource_share` (
  `id` bigint NOT NULL AUTO_INCREMENT,
  `resource_id` bigint NOT NULL COMMENT '资源ID',
  `shared_by` varchar(50) CHARACTER SET utf8mb4 COLLATE utf8mb4_unicode_ci NOT NULL COMMENT '分享者用户名',
  `shared_with` varchar(50) CHARACTER SET utf8mb4 COLLATE utf8mb4_unicode_ci DEFAULT NULL COMMENT '被分享者用户名',
  `permission` varchar(20) CHARACTER SET utf8mb4 COLLATE utf8mb4_unicode_ci DEFAULT 'read' COMMENT '权限级别：read/write/admin',
  `status` varchar(20) CHARACTER SET utf8mb4 COLLATE utf8mb4_unicode_ci DEFAULT 'active' COMMENT '状态：active/inactive/expired',
  `share_link` varchar(255) CHARACTER SET utf8mb4 COLLATE utf8mb4_unicode_ci DEFAULT NULL COMMENT '分享链接',
  `created_at` datetime DEFAULT CURRENT_TIMESTAMP COMMENT '创建时间',
  `updated_at` datetime DEFAULT CURRENT_TIMESTAMP ON UPDATE CURRENT_TIMESTAMP COMMENT '更新时间',
  `expires_at` datetime DEFAULT NULL COMMENT '过期时间',
  `share_type` varchar(20) CHARACTER SET utf8mb4 COLLATE utf8mb4_unicode_ci DEFAULT NULL COMMENT '分享类型',
  `share_code` varchar(50) CHARACTER SET utf8mb4 COLLATE utf8mb4_unicode_ci DEFAULT NULL COMMENT '分享码',
  `share_title` varchar(100) CHARACTER SET utf8mb4 COLLATE utf8mb4_unicode_ci DEFAULT NULL COMMENT '分享标题',
  `share_description` varchar(255) CHARACTER SET utf8mb4 COLLATE utf8mb4_unicode_ci DEFAULT NULL COMMENT '分享描述',
  `share_image` varchar(255) CHARACTER SET utf8mb4 COLLATE utf8mb4_unicode_ci DEFAULT NULL COMMENT '分享图片',
  `view_count` int DEFAULT '0' COMMENT '浏览次数',
  `download_count` int DEFAULT '0' COMMENT '下载次数',
  PRIMARY KEY (`id`),
  KEY `idx_resource_id` (`resource_id`),
  KEY `idx_shared_by` (`shared_by`),
  KEY `idx_shared_with` (`shared_with`),
  KEY `idx_share_link` (`share_link`)
) ENGINE=InnoDB DEFAULT CHARSET=utf8mb4 COLLATE=utf8mb4_unicode_ci;
/*!40101 SET character_set_client = @saved_cs_client */;

--
-- Dumping data for table `resource_share`
--

LOCK TABLES `resource_share` WRITE;
/*!40000 ALTER TABLE `resource_share` DISABLE KEYS */;
/*!40000 ALTER TABLE `resource_share` ENABLE KEYS */;
UNLOCK TABLES;

--
-- Table structure for table `role`
--

DROP TABLE IF EXISTS `role`;
/*!40101 SET @saved_cs_client     = @@character_set_client */;
/*!50503 SET character_set_client = utf8mb4 */;
CREATE TABLE `role` (
  `id` bigint NOT NULL AUTO_INCREMENT COMMENT '角色ID',
  `name` varchar(50) NOT NULL COMMENT '角色名称',
  `code` varchar(50) NOT NULL COMMENT '角色编码',
  `description` varchar(255) DEFAULT NULL COMMENT '角色描述',
  `type` tinyint DEFAULT '1' COMMENT '角色类型：1-系统角色 2-自定义角色',
  `level` tinyint DEFAULT '4' COMMENT '权限级别：1-系统管理员 2-院系管理员 3-教师 4-学生 5-访客',
  `status` tinyint DEFAULT '1' COMMENT '状态：0-禁用 1-启用',
  `parent_id` bigint DEFAULT NULL COMMENT '父角色ID',
  `create_time` datetime DEFAULT CURRENT_TIMESTAMP COMMENT '创建时间',
  `update_time` datetime DEFAULT CURRENT_TIMESTAMP ON UPDATE CURRENT_TIMESTAMP COMMENT '更新时间',
  PRIMARY KEY (`id`),
  UNIQUE KEY `code` (`code`),
  KEY `idx_code` (`code`),
  KEY `idx_type` (`type`),
  KEY `idx_level` (`level`),
  KEY `idx_status` (`status`),
  KEY `idx_parent_id` (`parent_id`)
) ENGINE=InnoDB AUTO_INCREMENT=6 DEFAULT CHARSET=utf8mb4 COLLATE=utf8mb4_0900_ai_ci COMMENT='角色表';
/*!40101 SET character_set_client = @saved_cs_client */;

--
-- Dumping data for table `role`
--

LOCK TABLES `role` WRITE;
/*!40000 ALTER TABLE `role` DISABLE KEYS */;
INSERT INTO `role` VALUES (1,'系统管理员','SYSTEM_ADMIN','系统管理员，拥有所有权限',1,1,1,NULL,'2025-06-27 09:02:43','2025-06-27 09:02:43'),(2,'院系管理员','DEPARTMENT_ADMIN','院系管理员，管理本院系相关事务',1,2,1,NULL,'2025-06-27 09:02:43','2025-06-27 09:02:43'),(3,'教师','TEACHER','教师，管理课程和实验',1,3,1,NULL,'2025-06-27 09:02:43','2025-06-27 09:02:43'),(4,'学生','STUDENT','学生，参与实验和学习',1,4,1,NULL,'2025-06-27 09:02:43','2025-06-27 09:02:43'),(5,'访客','GUEST','访客，只读权限',1,5,1,NULL,'2025-06-27 09:02:43','2025-06-27 09:02:43');
/*!40000 ALTER TABLE `role` ENABLE KEYS */;
UNLOCK TABLES;

--
-- Table structure for table `role_permission`
--

DROP TABLE IF EXISTS `role_permission`;
/*!40101 SET @saved_cs_client     = @@character_set_client */;
/*!50503 SET character_set_client = utf8mb4 */;
CREATE TABLE `role_permission` (
  `id` bigint NOT NULL AUTO_INCREMENT COMMENT 'ID',
  `role_id` bigint NOT NULL COMMENT '角色ID',
  `permission_id` bigint NOT NULL COMMENT '权限ID',
  `create_time` datetime DEFAULT CURRENT_TIMESTAMP COMMENT '创建时间',
  PRIMARY KEY (`id`),
  UNIQUE KEY `uk_role_permission` (`role_id`,`permission_id`),
  KEY `idx_role_id` (`role_id`),
  KEY `idx_permission_id` (`permission_id`)
) ENGINE=InnoDB AUTO_INCREMENT=201 DEFAULT CHARSET=utf8mb4 COLLATE=utf8mb4_0900_ai_ci COMMENT='角色权限关联表';
/*!40101 SET character_set_client = @saved_cs_client */;

--
-- Dumping data for table `role_permission`
--

LOCK TABLES `role_permission` WRITE;
/*!40000 ALTER TABLE `role_permission` DISABLE KEYS */;
INSERT INTO `role_permission` VALUES (1,1,1,'2025-06-27 09:02:43'),(2,1,2,'2025-06-27 09:02:43'),(3,1,3,'2025-06-27 09:02:43'),(4,1,4,'2025-06-27 09:02:43'),(5,1,5,'2025-06-27 09:02:43'),(6,1,6,'2025-06-27 09:02:43'),(7,1,7,'2025-06-27 09:02:43'),(8,1,8,'2025-06-27 09:02:43'),(9,1,9,'2025-06-27 09:02:43'),(10,1,10,'2025-06-27 09:02:43'),(11,1,11,'2025-06-27 09:02:43'),(12,1,12,'2025-06-27 09:02:43'),(13,1,13,'2025-06-27 09:02:43'),(14,1,14,'2025-06-27 09:02:43'),(15,1,15,'2025-06-27 09:02:43'),(16,1,16,'2025-06-27 09:02:43'),(17,1,17,'2025-06-27 09:02:43'),(18,1,18,'2025-06-27 09:02:43'),(19,1,19,'2025-06-27 09:02:43'),(20,1,20,'2025-06-27 09:02:43'),(21,1,21,'2025-06-27 09:02:43'),(22,1,22,'2025-06-27 09:02:43'),(23,1,23,'2025-06-27 09:02:43'),(24,1,24,'2025-06-27 09:02:43'),(25,1,25,'2025-06-27 09:02:43'),(26,1,26,'2025-06-27 09:02:43'),(27,1,27,'2025-06-27 09:02:43'),(28,1,28,'2025-06-27 09:02:43'),(29,1,29,'2025-06-27 09:02:43'),(30,1,30,'2025-06-27 09:02:43'),(31,1,31,'2025-06-27 09:02:43'),(32,1,32,'2025-06-27 09:02:43'),(33,1,33,'2025-06-27 09:02:43'),(64,2,1,'2025-06-27 09:02:43'),(65,2,2,'2025-06-27 09:02:43'),(66,2,3,'2025-06-27 09:02:43'),(67,2,4,'2025-06-27 09:02:43'),(68,2,5,'2025-06-27 09:02:43'),(69,2,6,'2025-06-27 09:02:43'),(70,2,7,'2025-06-27 09:02:43'),(71,2,8,'2025-06-27 09:02:43'),(72,2,9,'2025-06-27 09:02:43'),(73,2,10,'2025-06-27 09:02:43'),(74,2,11,'2025-06-27 09:02:43'),(75,2,12,'2025-06-27 09:02:43'),(76,2,13,'2025-06-27 09:02:43'),(77,2,14,'2025-06-27 09:02:43'),(83,2,20,'2025-06-27 09:02:43'),(84,2,21,'2025-06-27 09:02:43'),(85,2,22,'2025-06-27 09:02:43'),(86,2,23,'2025-06-27 09:02:43'),(87,2,24,'2025-06-27 09:02:43'),(88,2,25,'2025-06-27 09:02:43'),(89,2,26,'2025-06-27 09:02:43'),(90,2,27,'2025-06-27 09:02:43'),(91,2,28,'2025-06-27 09:02:43'),(92,2,29,'2025-06-27 09:02:43'),(95,3,1,'2025-06-27 09:02:43'),(96,3,2,'2025-06-27 09:02:43'),(97,3,3,'2025-06-27 09:02:43'),(98,3,4,'2025-06-27 09:02:43'),(99,3,5,'2025-06-27 09:02:43'),(100,3,6,'2025-06-27 09:02:43'),(101,3,7,'2025-06-27 09:02:43'),(102,3,8,'2025-06-27 09:02:43'),(103,3,9,'2025-06-27 09:02:43'),(104,3,10,'2025-06-27 09:02:43'),(105,3,11,'2025-06-27 09:02:43'),(106,3,12,'2025-06-27 09:02:43'),(107,3,13,'2025-06-27 09:02:43'),(108,3,14,'2025-06-27 09:02:43'),(109,3,15,'2025-06-27 09:02:43'),(110,3,16,'2025-06-27 09:02:43'),(111,3,17,'2025-06-27 09:02:43'),(112,3,18,'2025-06-27 09:02:43'),(113,3,19,'2025-06-27 09:02:43'),(114,3,20,'2025-06-27 09:02:43'),(115,3,21,'2025-06-27 09:02:43'),(116,3,22,'2025-06-27 09:02:43'),(117,3,23,'2025-06-27 09:02:43'),(118,3,24,'2025-06-27 09:02:43'),(126,4,1,'2025-06-27 09:02:43'),(127,4,2,'2025-06-27 09:02:43'),(128,4,6,'2025-06-27 09:02:43'),(129,4,7,'2025-06-27 09:02:43'),(130,4,10,'2025-06-27 09:02:43'),(131,4,11,'2025-06-27 09:02:43'),(132,4,15,'2025-06-27 09:02:43'),(133,4,16,'2025-06-27 09:02:43'),(141,5,1,'2025-06-27 09:02:43'),(142,5,6,'2025-06-27 09:02:43'),(143,5,10,'2025-06-27 09:02:43'),(144,5,15,'2025-06-27 09:02:43'),(145,5,20,'2025-06-27 09:02:43'),(146,5,25,'2025-06-27 09:02:43'),(147,5,33,'2025-06-27 09:02:43'),(148,3,34,'2025-06-27 09:24:55'),(149,2,35,'2025-06-27 09:24:55'),(150,1,35,'2025-06-27 09:24:55'),(152,2,36,'2025-06-27 09:24:55'),(153,1,36,'2025-06-27 09:24:55'),(155,3,38,'2025-06-27 10:17:08'),(156,3,37,'2025-06-27 10:17:08'),(157,3,41,'2025-06-27 10:17:08'),(158,3,40,'2025-06-27 10:17:08'),(159,3,39,'2025-06-27 10:17:08'),(177,4,43,'2025-06-27 10:36:19'),(178,4,44,'2025-06-27 10:36:19'),(179,4,45,'2025-06-27 10:36:19'),(180,4,42,'2025-06-27 10:36:19'),(184,3,43,'2025-06-27 10:36:19'),(185,3,44,'2025-06-27 10:36:19'),(186,3,45,'2025-06-27 10:36:19'),(187,3,42,'2025-06-27 10:36:19'),(188,3,46,'2025-06-27 10:36:19'),(191,2,15,'2025-06-27 10:36:19'),(192,2,16,'2025-06-27 10:36:19'),(193,2,17,'2025-06-27 10:36:19'),(194,2,18,'2025-06-27 10:36:19'),(195,2,19,'2025-06-27 10:36:19'),(196,2,42,'2025-06-27 10:36:19'),(197,2,43,'2025-06-27 10:36:19'),(198,2,44,'2025-06-27 10:36:19'),(199,2,45,'2025-06-27 10:36:19'),(200,2,46,'2025-06-27 10:36:19');
/*!40000 ALTER TABLE `role_permission` ENABLE KEYS */;
UNLOCK TABLES;

--
-- Table structure for table `score`
--

DROP TABLE IF EXISTS `score`;
/*!40101 SET @saved_cs_client     = @@character_set_client */;
/*!50503 SET character_set_client = utf8mb4 */;
CREATE TABLE `score` (
  `id` bigint NOT NULL AUTO_INCREMENT,
  `student_id` bigint NOT NULL,
  `project_id` bigint NOT NULL,
  `auto_score` double DEFAULT NULL,
  `manual_score` double DEFAULT NULL,
  `feedback` text CHARACTER SET utf8mb4 COLLATE utf8mb4_unicode_ci,
  `report_id` bigint DEFAULT NULL COMMENT '关联的实验报告ID',
  PRIMARY KEY (`id`),
  KEY `project_id` (`project_id`),
  KEY `report_id` (`report_id`),
  CONSTRAINT `score_ibfk_1` FOREIGN KEY (`project_id`) REFERENCES `project` (`id`) ON DELETE CASCADE,
  CONSTRAINT `score_ibfk_2` FOREIGN KEY (`report_id`) REFERENCES `experiment_report` (`id`) ON DELETE SET NULL
) ENGINE=InnoDB DEFAULT CHARSET=utf8mb4 COLLATE=utf8mb4_unicode_ci;
/*!40101 SET character_set_client = @saved_cs_client */;

--
-- Dumping data for table `score`
--

LOCK TABLES `score` WRITE;
/*!40000 ALTER TABLE `score` DISABLE KEYS */;
/*!40000 ALTER TABLE `score` ENABLE KEYS */;
UNLOCK TABLES;

--
-- Table structure for table `share_notification`
--

DROP TABLE IF EXISTS `share_notification`;
/*!40101 SET @saved_cs_client     = @@character_set_client */;
/*!50503 SET character_set_client = utf8mb4 */;
CREATE TABLE `share_notification` (
  `id` bigint NOT NULL AUTO_INCREMENT,
  `username` varchar(64) CHARACTER SET utf8mb4 COLLATE utf8mb4_unicode_ci NOT NULL,
  `message` varchar(255) CHARACTER SET utf8mb4 COLLATE utf8mb4_unicode_ci NOT NULL,
  `is_read` tinyint(1) DEFAULT '0',
  `created_at` datetime DEFAULT CURRENT_TIMESTAMP,
  PRIMARY KEY (`id`)
) ENGINE=InnoDB DEFAULT CHARSET=utf8mb4 COLLATE=utf8mb4_unicode_ci;
/*!40101 SET character_set_client = @saved_cs_client */;

--
-- Dumping data for table `share_notification`
--

LOCK TABLES `share_notification` WRITE;
/*!40000 ALTER TABLE `share_notification` DISABLE KEYS */;
/*!40000 ALTER TABLE `share_notification` ENABLE KEYS */;
UNLOCK TABLES;

--
-- Table structure for table `student_class`
--

DROP TABLE IF EXISTS `student_class`;
/*!40101 SET @saved_cs_client     = @@character_set_client */;
/*!50503 SET character_set_client = utf8mb4 */;
CREATE TABLE `student_class` (
  `id` bigint NOT NULL AUTO_INCREMENT COMMENT '主键',
  `student_id` bigint NOT NULL COMMENT '学生ID',
  `class_id` bigint NOT NULL COMMENT '班级ID',
  PRIMARY KEY (`id`),
  UNIQUE KEY `uq_student_class` (`student_id`,`class_id`)
) ENGINE=InnoDB AUTO_INCREMENT=10 DEFAULT CHARSET=utf8mb4 COLLATE=utf8mb4_unicode_ci;
/*!40101 SET character_set_client = @saved_cs_client */;

--
-- Dumping data for table `student_class`
--

LOCK TABLES `student_class` WRITE;
/*!40000 ALTER TABLE `student_class` DISABLE KEYS */;
INSERT INTO `student_class` VALUES (9,1,3),(2,2,1),(8,8,4),(4,56,3),(5,57,3),(6,58,3),(7,59,3),(3,60,3);
/*!40000 ALTER TABLE `student_class` ENABLE KEYS */;
UNLOCK TABLES;

--
-- Table structure for table `student_project_progress`
--

DROP TABLE IF EXISTS `student_project_progress`;
/*!40101 SET @saved_cs_client     = @@character_set_client */;
/*!50503 SET character_set_client = utf8mb4 */;
CREATE TABLE `student_project_progress` (
  `id` bigint NOT NULL AUTO_INCREMENT,
  `student_id` bigint NOT NULL,
  `project_id` bigint NOT NULL,
  `status` varchar(20) CHARACTER SET utf8mb4 COLLATE utf8mb4_unicode_ci DEFAULT '未开始',
  `submit_time` datetime DEFAULT NULL,
  `score` double DEFAULT NULL,
  `comment` text CHARACTER SET utf8mb4 COLLATE utf8mb4_unicode_ci,
  PRIMARY KEY (`id`),
  KEY `student_id` (`student_id`),
  KEY `student_project_progress_ibfk_2` (`project_id`),
  CONSTRAINT `student_project_progress_ibfk_1` FOREIGN KEY (`student_id`) REFERENCES `user` (`id`),
  CONSTRAINT `student_project_progress_ibfk_2` FOREIGN KEY (`project_id`) REFERENCES `experiment_project` (`id`)
) ENGINE=InnoDB AUTO_INCREMENT=40 DEFAULT CHARSET=utf8mb4 COLLATE=utf8mb4_unicode_ci;
/*!40101 SET character_set_client = @saved_cs_client */;

--
-- Dumping data for table `student_project_progress`
--

LOCK TABLES `student_project_progress` WRITE;
/*!40000 ALTER TABLE `student_project_progress` DISABLE KEYS */;
INSERT INTO `student_project_progress` VALUES (1,55,18,'not_started',NULL,NULL,NULL),(2,56,18,'not_started',NULL,NULL,NULL),(3,57,18,'not_started',NULL,NULL,NULL),(4,58,18,'not_started',NULL,NULL,NULL),(5,59,18,'not_started',NULL,NULL,NULL),(6,1,2,'not_started',NULL,NULL,NULL),(7,1,8,'not_started',NULL,NULL,NULL),(8,1,1,'not_started',NULL,NULL,NULL),(9,1,5,'not_started',NULL,NULL,NULL),(10,1,7,'not_started',NULL,NULL,NULL),(11,1,14,'not_started',NULL,NULL,NULL),(12,1,16,'not_started',NULL,NULL,NULL),(13,1,19,'in_progress',NULL,NULL,NULL),(14,1,20,'completed',NULL,NULL,NULL),(15,2,16,'not_started',NULL,NULL,NULL),(16,2,17,'not_started',NULL,NULL,NULL),(17,2,18,'not_started',NULL,NULL,NULL),(18,2,19,'not_started',NULL,NULL,NULL),(19,2,20,'not_started',NULL,NULL,NULL),(20,2,23,'not_started',NULL,NULL,NULL),(21,2,24,'not_started',NULL,NULL,NULL),(22,2,25,'not_started',NULL,NULL,NULL),(23,2,26,'not_started',NULL,NULL,NULL),(24,1,27,'not_started',NULL,NULL,NULL),(25,56,27,'not_started',NULL,NULL,NULL),(26,57,27,'not_started',NULL,NULL,NULL),(27,58,27,'not_started',NULL,NULL,NULL),(28,59,27,'not_started',NULL,NULL,NULL),(29,60,27,'not_started',NULL,NULL,NULL),(30,1,28,'not_started',NULL,NULL,NULL),(31,56,28,'not_started',NULL,NULL,NULL),(32,57,28,'not_started',NULL,NULL,NULL),(33,58,28,'not_started',NULL,NULL,NULL),(34,59,28,'not_started',NULL,NULL,NULL),(35,60,28,'not_started',NULL,NULL,NULL),(36,2,29,'not_started',NULL,NULL,NULL),(37,2,31,'not_started',NULL,NULL,NULL),(38,2,34,'not_started',NULL,NULL,NULL),(39,2,35,'not_started',NULL,NULL,NULL);
/*!40000 ALTER TABLE `student_project_progress` ENABLE KEYS */;
UNLOCK TABLES;

--
-- Table structure for table `temp_permission`
--

DROP TABLE IF EXISTS `temp_permission`;
/*!40101 SET @saved_cs_client     = @@character_set_client */;
/*!50503 SET character_set_client = utf8mb4 */;
CREATE TABLE `temp_permission` (
  `id` bigint NOT NULL AUTO_INCREMENT COMMENT '临时权限ID',
  `user_id` bigint NOT NULL COMMENT '用户ID',
  `role_id` bigint DEFAULT NULL COMMENT '角色ID',
  `permission_id` bigint DEFAULT NULL COMMENT '权限ID',
  `reason` varchar(255) DEFAULT NULL COMMENT '权限分配原因',
  `start_time` datetime NOT NULL COMMENT '权限生效时间',
  `end_time` datetime NOT NULL COMMENT '权限失效时间',
  `status` tinyint DEFAULT '0' COMMENT '状态：0-待生效 1-生效中 2-已失效',
  `grant_by` bigint DEFAULT NULL COMMENT '授权人ID',
  `grant_reason` varchar(255) DEFAULT NULL COMMENT '授权原因',
  `create_time` datetime DEFAULT CURRENT_TIMESTAMP COMMENT '创建时间',
  `update_time` datetime DEFAULT CURRENT_TIMESTAMP ON UPDATE CURRENT_TIMESTAMP COMMENT '更新时间',
  PRIMARY KEY (`id`),
  KEY `idx_user_id` (`user_id`),
  KEY `idx_role_id` (`role_id`),
  KEY `idx_permission_id` (`permission_id`),
  KEY `idx_status` (`status`),
  KEY `idx_start_time` (`start_time`),
  KEY `idx_end_time` (`end_time`)
) ENGINE=InnoDB DEFAULT CHARSET=utf8mb4 COLLATE=utf8mb4_0900_ai_ci COMMENT='临时权限表';
/*!40101 SET character_set_client = @saved_cs_client */;

--
-- Dumping data for table `temp_permission`
--

LOCK TABLES `temp_permission` WRITE;
/*!40000 ALTER TABLE `temp_permission` DISABLE KEYS */;
/*!40000 ALTER TABLE `temp_permission` ENABLE KEYS */;
UNLOCK TABLES;

--
-- Table structure for table `user`
--

DROP TABLE IF EXISTS `user`;
/*!40101 SET @saved_cs_client     = @@character_set_client */;
/*!50503 SET character_set_client = utf8mb4 */;
CREATE TABLE `user` (
  `id` bigint NOT NULL AUTO_INCREMENT COMMENT '用户ID',
  `username` varchar(50) NOT NULL COMMENT '用户名',
  `password` varchar(255) NOT NULL COMMENT '密码',
  `phone` varchar(20) DEFAULT NULL COMMENT '手机号',
  `email` varchar(100) DEFAULT NULL COMMENT '邮箱',
  `real_name` varchar(50) DEFAULT NULL COMMENT '真实姓名',
  `student_id` varchar(50) DEFAULT NULL COMMENT '学号/工号',
  `department` varchar(100) DEFAULT NULL COMMENT '院系',
  `major` varchar(100) DEFAULT NULL COMMENT '专业',
  `status` tinyint DEFAULT '1' COMMENT '状态：0-禁用 1-正常 2-锁定',
  `login_attempts` int DEFAULT '0' COMMENT '登录尝试次数',
  `last_login_time` datetime DEFAULT NULL COMMENT '最后登录时间',
  `last_login_ip` varchar(50) DEFAULT NULL COMMENT '最后登录IP',
  `lock_time` datetime DEFAULT NULL COMMENT '锁定时间',
  `create_time` datetime DEFAULT CURRENT_TIMESTAMP COMMENT '创建时间',
  `update_time` datetime DEFAULT CURRENT_TIMESTAMP ON UPDATE CURRENT_TIMESTAMP COMMENT '更新时间',
  PRIMARY KEY (`id`),
  UNIQUE KEY `username` (`username`),
  UNIQUE KEY `unique_email` (`email`),
  KEY `idx_username` (`username`),
  KEY `idx_phone` (`phone`),
  KEY `idx_email` (`email`),
  KEY `idx_student_id` (`student_id`),
  KEY `idx_department` (`department`),
  KEY `idx_status` (`status`)
) ENGINE=InnoDB AUTO_INCREMENT=63 DEFAULT CHARSET=utf8mb4 COLLATE=utf8mb4_0900_ai_ci COMMENT='用户表';
/*!40101 SET character_set_client = @saved_cs_client */;

--
-- Dumping data for table `user`
--

LOCK TABLES `user` WRITE;
/*!40000 ALTER TABLE `user` DISABLE KEYS */;
INSERT INTO `user` VALUES (1,'小愿','123456','18731088966','1990763880@qq.com','小愿','1','计算机学院','软工',1,0,NULL,NULL,NULL,'2025-06-27 09:02:43','2025-07-08 17:03:12'),(2,'小原','123456',NULL,NULL,'小原',NULL,'计算机学院',NULL,1,0,NULL,NULL,NULL,'2025-07-02 13:35:02','2025-07-08 17:09:40'),(3,'student01','$2a$10$E3DVLXl2g5L2Z7v3Y0JQ.Ou6Y7v7t8d9c0d1b2c3d4e5f6g7h8i9j0k1l','13800138000','student01@virtuallab.edu.cn','张明','20230001','计算机科学与技术学院','软件工程',1,0,NULL,NULL,NULL,'2025-07-02 14:03:09','2025-07-02 14:03:09'),(4,'teacher01','$2a$10$N.zmdr9k7uOCQb376NoUnuTJ8iAt6Z5EHsM8lE9lBOsl7iKTVEFDa','13900139000','teacher01@virtuallab.edu.cn','李教授',NULL,'电子工程学院',NULL,1,0,NULL,NULL,NULL,'2025-07-02 14:03:09','2025-07-02 14:03:09'),(5,'sysadmin1','$2a$10$N.zmdr9k7uOCQb376NoUnuTJ8iAt6Z5EHsM8lE9lBOsl7iKTVEFDa','13800010001','admin1@virtuallab.edu.cn','王管理员',NULL,'校办',NULL,1,0,'2025-07-02 14:03:10','192.168.1.100',NULL,'2025-07-02 14:03:10','2025-07-02 14:03:10'),(6,'sysadmin2','$2a$10$N.zmdr9k7uOCQb376NoUnuTJ8iAt6Z5EHsM8lE9lBOsl7iKTVEFDa','13800010002','admin2@virtuallab.edu.cn','李管理员',NULL,'教务处',NULL,1,0,'2025-07-02 14:03:10','192.168.1.101',NULL,'2025-07-02 14:03:10','2025-07-02 14:03:10'),(7,'sysadmin3','$2a$10$N.zmdr9k7uOCQb376NoUnuTJ8iAt6Z5EHsM8lE9lBOsl7iKTVEFDa','13800010003','admin3@virtuallab.edu.cn','张管理员',NULL,'学工处',NULL,1,0,'2025-07-02 14:03:10','192.168.1.102',NULL,'2025-07-02 14:03:10','2025-07-02 14:03:10'),(8,'sysadmin4','$2a$10$N.zmdr9k7uOCQb376NoUnuTJ8iAt6Z5EHsM8lE9lBOsl7iKTVEFDa','13800010004','admin4@virtuallab.edu.cn','刘管理员',NULL,'信息中心',NULL,1,0,'2025-07-02 14:03:10','192.168.1.103',NULL,'2025-07-02 14:03:10','2025-07-02 14:03:10'),(9,'sysadmin5','$2a$10$N.zmdr9k7uOCQb376NoUnuTJ8iAt6Z5EHsM8lE9lBOsl7iKTVEFDa','13800010005','admin5@virtuallab.edu.cn','陈管理员',NULL,'后勤处',NULL,1,0,'2025-07-02 14:03:10','192.168.1.104',NULL,'2025-07-02 14:03:10','2025-07-02 14:03:10'),(10,'t_zhangwei','$2a$10$E3DVLXl2g5L2Z7v3Y0JQ.Ou6Y7v7t8d9c0d1b2c3d4e5f6g7h8i9j0k1l','13900020001','zhangw@virtuallab.edu.cn','张伟',NULL,'计算机科学与技术学院',NULL,1,0,'2025-07-02 14:03:10','192.168.2.201',NULL,'2025-07-02 14:03:10','2025-07-02 14:03:10'),(11,'t_lihua','$2a$10$E3DVLXl2g5L2Z7v3Y0JQ.Ou6Y7v7t8d9c0d1b2c3d4e5f6g7h8i9j0k1l','13900020002','lihua@virtuallab.edu.cn','李华',NULL,'电子工程学院',NULL,1,0,'2025-07-02 14:03:10','192.168.2.202',NULL,'2025-07-02 14:03:10','2025-07-02 14:03:10'),(12,'t_wangfang','$2a$10$E3DVLXl2g5L2Z7v3Y0JQ.Ou6Y7v7t8d9c0d1b2c3d4e5f6g7h8i9j0k1l','13900020003','wangf@virtuallab.edu.cn','王芳',NULL,'机械工程学院',NULL,1,0,'2025-07-02 14:03:10','192.168.2.203',NULL,'2025-07-02 14:03:10','2025-07-02 14:03:10'),(13,'t_liuming','$2a$10$E3DVLXl2g5L2Z7v3Y0JQ.Ou6Y7v7t8d9c0d1b2c3d4e5f6g7h8i9j0k1l','13900020004','liuming@virtuallab.edu.cn','刘明',NULL,'材料科学与工程学院',NULL,1,0,'2025-07-02 14:03:10','192.168.2.204',NULL,'2025-07-02 14:03:10','2025-07-02 14:03:10'),(14,'t_zhaoxin','$2a$10$E3DVLXl2g5L2Z7v3Y0JQ.Ou6Y7v7t8d9c0d1b2c3d4e5f6g7h8i9j0k1l','13900020005','zhaox@virtuallab.edu.cn','赵欣',NULL,'生物医学工程学院',NULL,1,0,'2025-07-02 14:03:10','192.168.2.205',NULL,'2025-07-02 14:03:10','2025-07-02 14:03:10'),(15,'t_chenlei','$2a$10$E3DVLXl2g5L2Z7v3Y0JQ.Ou6Y7v7t8d9c0d1b2c3d4e5f6g7h8i9j0k1l','13900020006','chenl@virtuallab.edu.cn','陈磊',NULL,'计算机科学与技术学院',NULL,1,0,'2025-07-02 14:03:10','192.168.2.206',NULL,'2025-07-02 14:03:10','2025-07-02 14:03:10'),(16,'t_zhoumin','$2a$10$E3DVLXl2g5L2Z7v3Y0JQ.Ou6Y7v7t8d9c0d1b2c3d4e5f6g7h8i9j0k1l','13900020007','zhoum@virtuallab.edu.cn','周敏',NULL,'电子工程学院',NULL,1,0,'2025-07-02 14:03:10','192.168.2.207',NULL,'2025-07-02 14:03:10','2025-07-02 14:03:10'),(17,'t_wuyu','$2a$10$E3DVLXl2g5L2Z7v3Y0JQ.Ou6Y7v7t8d9c0d1b2c3d4e5f6g7h8i9j0k1l','13900020008','wuyu@virtuallab.edu.cn','吴宇',NULL,'机械工程学院',NULL,1,0,'2025-07-02 14:03:10','192.168.2.208',NULL,'2025-07-02 14:03:10','2025-07-02 14:03:10'),(18,'t_zhengtao','$2a$10$E3DVLXl2g5L2Z7v3Y0JQ.Ou6Y7v7t8d9c0d1b2c3d4e5f6g7h8i9j0k1l','13900020009','zhengt@virtuallab.edu.cn','郑涛',NULL,'材料科学与工程学院',NULL,1,0,'2025-07-02 14:03:10','192.168.2.209',NULL,'2025-07-02 14:03:10','2025-07-02 14:03:10'),(19,'t_sunyan','$2a$10$E3DVLXl2g5L2Z7v3Y0JQ.Ou6Y7v7t8d9c0d1b2c3d4e5f6g7h8i9j0k1l','13900020010','sunyan@virtuallab.edu.cn','孙燕',NULL,'生物医学工程学院',NULL,1,0,'2025-07-02 14:03:10','192.168.2.210',NULL,'2025-07-02 14:03:10','2025-07-02 14:03:10'),(20,'t_qianbo','$2a$10$E3DVLXl2g5L2Z7v3Y0JQ.Ou6Y7v7t8d9c0d1b2c3d4e5f6g7h8i9j0k1l','13900020011','qianb@virtuallab.edu.cn','钱博',NULL,'计算机科学与技术学院',NULL,1,0,'2025-07-02 14:03:10','192.168.2.211',NULL,'2025-07-02 14:03:10','2025-07-02 14:03:10'),(21,'t_fengjie','$2a$10$E3DVLXl2g5L2Z7v3Y0JQ.Ou6Y7v7t8d9c0d1b2c3d4e5f6g7h8i9j0k1l','13900020012','fengj@virtuallab.edu.cn','冯杰',NULL,'电子工程学院',NULL,1,0,'2025-07-02 14:03:10','192.168.2.212',NULL,'2025-07-02 14:03:10','2025-07-02 14:03:10'),(22,'t_chenxi','$2a$10$E3DVLXl2g5L2Z7v3Y0JQ.Ou6Y7v7t8d9c0d1b2c3d4e5f6g7h8i9j0k1l','13900020013','chenxi@virtuallab.edu.cn','陈曦',NULL,'机械工程学院',NULL,1,0,'2025-07-02 14:03:10','192.168.2.213',NULL,'2025-07-02 14:03:10','2025-07-02 14:03:10'),(23,'t_huanglei','$2a$10$E3DVLXl2g5L2Z7v3Y0JQ.Ou6Y7v7t8d9c0d1b2c3d4e5f6g7h8i9j0k1l','13900020014','huangl@virtuallab.edu.cn','黄磊',NULL,'材料科学与工程学院',NULL,1,0,'2025-07-02 14:03:10','192.168.2.214',NULL,'2025-07-02 14:03:10','2025-07-02 14:03:10'),(24,'t_linna','$2a$10$E3DVLXl2g5L2Z7v3Y0JQ.Ou6Y7v7t8d9c0d1b2c3d4e5f6g7h8i9j0k1l','13900020015','linna@virtuallab.edu.cn','林娜',NULL,'生物医学工程学院',NULL,1,0,'2025-07-02 14:03:10','192.168.2.215',NULL,'2025-07-02 14:03:10','2025-07-02 14:03:10'),(25,'s_20230001','$2a$10$E3DVLXl2g5L2Z7v3Y0JQ.Ou6Y7v7t8d9c0d1b2c3d4e5f6g7h8i9j0k1l','15800030001','stu01@virtuallab.edu.cn','张明','20230001','计算机科学与技术学院','软件工程',1,0,'2025-07-02 14:03:10','192.168.3.101',NULL,'2025-07-02 14:03:10','2025-07-02 14:03:10'),(26,'s_20230002','$2a$10$E3DVLXl2g5L2Z7v3Y0JQ.Ou6Y7v7t8d9c0d1b2c3d4e5f6g7h8i9j0k1l','15800030002','stu02@virtuallab.edu.cn','李红','20230002','计算机科学与技术学院','计算机科学与技术',1,0,'2025-07-02 14:03:10','192.168.3.102',NULL,'2025-07-02 14:03:10','2025-07-02 14:03:10'),(27,'s_20230003','$2a$10$E3DVLXl2g5L2Z7v3Y0JQ.Ou6Y7v7t8d9c0d1b2c3d4e5f6g7h8i9j0k1l','15800030003','stu03@virtuallab.edu.cn','王刚','20230003','计算机科学与技术学院','网络工程',1,0,'2025-07-02 14:03:10','192.168.3.103',NULL,'2025-07-02 14:03:10','2025-07-02 14:03:10'),(28,'s_20230004','$2a$10$E3DVLXl2g5L2Z7v3Y0JQ.Ou6Y7v7t8d9c0d1b2c3d4e5f6g7h8i9j0k1l','15800030004','stu04@virtuallab.edu.cn','刘芳','20230004','电子工程学院','电子信息工程',1,0,'2025-07-02 14:03:10','192.168.3.104',NULL,'2025-07-02 14:03:10','2025-07-02 14:03:10'),(29,'s_20230005','$2a$10$E3DVLXl2g5L2Z7v3Y0JQ.Ou6Y7v7t8d9c0d1b2c3d4e5f6g7h8i9j0k1l','15800030005','stu05@virtuallab.edu.cn','陈伟','20230005','电子工程学院','通信工程',1,0,'2025-07-02 14:03:10','192.168.3.105',NULL,'2025-07-02 14:03:10','2025-07-02 14:03:10'),(30,'s_20230006','$2a$10$E3DVLXl2g5L2Z7v3Y0JQ.Ou6Y7v7t8d9c0d1b2c3d4e5f6g7h8i9j0k1l','15800030006','stu06@virtuallab.edu.cn','杨阳','20230006','电子工程学院','电子科学与技术',1,0,'2025-07-02 14:03:10','192.168.3.106',NULL,'2025-07-02 14:03:10','2025-07-02 14:03:10'),(31,'s_20230007','$2a$10$E3DVLXl2g5L2Z7v3Y0JQ.Ou6Y7v7t8d9c0d1b2c3d4e5f6g7h8i9j0k1l','15800030007','stu07@virtuallab.edu.cn','赵静','20230007','机械工程学院','机械工程',1,0,'2025-07-02 14:03:10','192.168.3.107',NULL,'2025-07-02 14:03:10','2025-07-02 14:03:10'),(32,'s_20230008','$2a$10$E3DVLXl2g5L2Z7v3Y0JQ.Ou6Y7v7t8d9c0d1b2c3d4e5f6g7h8i9j0k1l','15800030008','stu08@virtuallab.edu.cn','钱勇','20230008','机械工程学院','车辆工程',1,0,'2025-07-02 14:03:10','192.168.3.108',NULL,'2025-07-02 14:03:10','2025-07-02 14:03:10'),(33,'s_20230009','$2a$10$E3DVLXl2g5L2Z7v3Y0JQ.Ou6Y7v7t8d9c0d1b2c3d4e5f6g7h8i9j0k1l','15800030009','stu09@virtuallab.edu.cn','孙强','20230009','机械工程学院','工业设计',1,0,'2025-07-02 14:03:10','192.168.3.109',NULL,'2025-07-02 14:03:10','2025-07-02 14:03:10'),(34,'s_20230010','$2a$10$E3DVLXl2g5L2Z7v3Y0JQ.Ou6Y7v7t8d9c0d1b2c3d4e5f6g7h8i9j0k1l','15800030010','stu10@virtuallab.edu.cn','周琳','20230010','材料科学与工程学院','材料科学与工程',1,0,'2025-07-02 14:03:10','192.168.3.110',NULL,'2025-07-02 14:03:10','2025-07-02 14:03:10'),(35,'s_20230011','$2a$10$E3DVLXl2g5L2Z7v3Y0JQ.Ou6Y7v7t8d9c0d1b2c3d4e5f6g7h8i9j0k1l','15800030011','stu11@virtuallab.edu.cn','吴浩','20230011','材料科学与工程学院','高分子材料与工程',1,0,'2025-07-02 14:03:10','192.168.3.111',NULL,'2025-07-02 14:03:10','2025-07-02 14:03:10'),(36,'s_20230012','$2a$10$E3DVLXl2g5L2Z7v3Y0JQ.Ou6Y7v7t8d9c0d1b2c3d4e5f6g7h8i9j0k1l','15800030012','stu12@virtuallab.edu.cn','郑婷','20230012','材料科学与工程学院','材料物理',1,0,'2025-07-02 14:03:10','192.168.3.112',NULL,'2025-07-02 14:03:10','2025-07-02 14:03:10'),(37,'s_20230013','$2a$10$E3DVLXl2g5L2Z7v3Y0JQ.Ou6Y7v7t8d9c0d1b2c3d4e5f6g7h8i9j0k1l','15800030013','stu13@virtuallab.edu.cn','王磊','20230013','生物医学工程学院','生物医学工程',1,0,'2025-07-02 14:03:10','192.168.3.113',NULL,'2025-07-02 14:03:10','2025-07-02 14:03:10'),(38,'s_20230014','$2a$10$E3DVLXl2g5L2Z7v3Y0JQ.Ou6Y7v7t8d9c0d1b2c3d4e5f6g7h8i9j0k1l','15800030014','stu14@virtuallab.edu.cn','冯雪','20230014','生物医学工程学院','生物信息学',1,0,'2025-07-02 14:03:10','192.168.3.114',NULL,'2025-07-02 14:03:10','2025-07-02 14:03:10'),(39,'s_20230015','$2a$10$E3DVLXl2g5L2Z7v3Y0JQ.Ou6Y7v7t8d9c0d1b2c3d4e5f6g7h8i9j0k1l','15800030015','stu15@virtuallab.edu.cn','陈思','20230015','生物医学工程学院','医学影像技术',1,0,'2025-07-02 14:03:10','192.168.3.115',NULL,'2025-07-02 14:03:10','2025-07-02 14:03:10'),(40,'s_20230016','$2a$10$E3DVLXl2g5L2Z7v3Y0JQ.Ou6Y7v7t8d9c0d1b2c3d4e5f6g7h8i9j0k1l','15800030016','stu16@virtuallab.edu.cn','朱伟','20230016','计算机科学与技术学院','软件工程',1,0,'2025-07-02 14:03:10','192.168.3.116',NULL,'2025-07-02 14:03:10','2025-07-02 14:03:10'),(41,'s_20230017','$2a$10$E3DVLXl2g5L2Z7v3Y0JQ.Ou6Y7v7t8d9c0d1b2c3d4e5f6g7h8i9j0k1l','15800030017','stu17@virtuallab.edu.cn','秦明','20230017','计算机科学与技术学院','计算机科学与技术',1,0,'2025-07-02 14:03:10','192.168.3.117',NULL,'2025-07-02 14:03:10','2025-07-02 14:03:10'),(42,'s_20230018','$2a$10$E3DVLXl2g5L2Z7v3Y0JQ.Ou6Y7v7t8d9c0d1b2c3d4e5f6g7h8i9j0k1l','15800030018','stu18@virtuallab.edu.cn','何静','20230018','计算机科学与技术学院','网络工程',1,0,'2025-07-02 14:03:10','192.168.3.118',NULL,'2025-07-02 14:03:10','2025-07-02 14:03:10'),(43,'s_20230019','$2a$10$E3DVLXl2g5L2Z7v3Y0JQ.Ou6Y7v7t8d9c0d1b2c3d4e5f6g7h8i9j0k1l','15800030019','stu19@virtuallab.edu.cn','沈浩','20230019','电子工程学院','电子信息工程',1,0,'2025-07-02 14:03:10','192.168.3.119',NULL,'2025-07-02 14:03:10','2025-07-02 14:03:10'),(44,'s_20230020','$2a$10$E3DVLXl2g5L2Z7v3Y0JQ.Ou6Y7v7t8d9c0d1b2c3d4e5f6g7h8i9j0k1l','15800030020','stu20@virtuallab.edu.cn','韩梅','20230020','电子工程学院','通信工程',1,0,'2025-07-02 14:03:10','192.168.3.120',NULL,'2025-07-02 14:03:10','2025-07-02 14:03:10'),(45,'s_20230021','$2a$10$E3DVLXl2g5L2Z7v3Y0JQ.Ou6Y7v7t8d9c0d1b2c3d4e5f6g7h8i9j0k1l','15800030021','stu21@virtuallab.edu.cn','董杰','20230021','电子工程学院','电子科学与技术',1,0,'2025-07-02 14:03:10','192.168.3.121',NULL,'2025-07-02 14:03:10','2025-07-02 14:03:10'),(46,'s_20230022','$2a$10$E3DVLXl2g5L2Z7v3Y0JQ.Ou6Y7v7t8d9c0d1b2c3d4e5f6g7h8i9j0k1l','15800030022','stu22@virtuallab.edu.cn','徐阳','20230022','机械工程学院','机械工程',1,0,'2025-07-02 14:03:10','192.168.3.122',NULL,'2025-07-02 14:03:10','2025-07-02 14:03:10'),(47,'s_20230023','$2a$10$E3DVLXl2g5L2Z7v3Y0JQ.Ou6Y7v7t8d9c0d1b2c3d4e5f6g7h8i9j0k1l','15800030023','stu23@virtuallab.edu.cn','谢琳','20230023','机械工程学院','车辆工程',1,0,'2025-07-02 14:03:10','192.168.3.123',NULL,'2025-07-02 14:03:10','2025-07-02 14:03:10'),(48,'s_20230024','$2a$10$E3DVLXl2g5L2Z7v3Y0JQ.Ou6Y7v7t8d9c0d1b2c3d4e5f6g7h8i9j0k1l','15800030024','stu24@virtuallab.edu.cn','苏强','20230024','机械工程学院','工业设计',1,0,'2025-07-02 14:03:10','192.168.3.124',NULL,'2025-07-02 14:03:10','2025-07-02 14:03:10'),(49,'s_20230025','$2a$10$E3DVLXl2g5L2Z7v3Y0JQ.Ou6Y7v7t8d9c0d1b2c3d4e5f6g7h8i9j0k1l','15800030025','stu25@virtuallab.edu.cn','潘婷','20230025','材料科学与工程学院','材料科学与工程',1,0,'2025-07-02 14:03:10','192.168.3.125',NULL,'2025-07-02 14:03:10','2025-07-02 14:03:10'),(50,'s_20230026','$2a$10$E3DVLXl2g5L2Z7v3Y0JQ.Ou6Y7v7t8d9c0d1b2c3d4e5f6g7h8i9j0k1l','15800030026','stu26@virtuallab.edu.cn','范伟','20230026','材料科学与工程学院','高分子材料与工程',1,0,'2025-07-02 14:03:10','192.168.3.126',NULL,'2025-07-02 14:03:10','2025-07-02 14:03:10'),(51,'s_20230027','$2a$10$E3DVLXl2g5L2Z7v3Y0JQ.Ou6Y7v7t8d9c0d1b2c3d4e5f6g7h8i9j0k1l','15800030027','stu27@virtuallab.edu.cn','彭雪','20230027','材料科学与工程学院','材料物理',1,0,'2025-07-02 14:03:10','192.168.3.127',NULL,'2025-07-02 14:03:10','2025-07-02 14:03:10'),(52,'s_20230028','$2a$10$E3DVLXl2g5L2Z7v3Y0JQ.Ou6Y7v7t8d9c0d1b2c3d4e5f6g7h8i9j0k1l','15800030028','stu28@virtuallab.edu.cn','蒋思','20230028','生物医学工程学院','生物医学工程',1,0,'2025-07-02 14:03:10','192.168.3.128',NULL,'2025-07-02 14:03:10','2025-07-02 14:03:10'),(53,'s_20230029','$2a$10$E3DVLXl2g5L2Z7v3Y0JQ.Ou6Y7v7t8d9c0d1b2c3d4e5f6g7h8i9j0k1l','15800030029','stu29@virtuallab.edu.cn','蔡明','20230029','生物医学工程学院','生物信息学',1,0,'2025-07-02 14:03:10','192.168.3.129',NULL,'2025-07-02 14:03:10','2025-07-02 14:03:10'),(54,'s_20230030','$2a$10$E3DVLXl2g5L2Z7v3Y0JQ.Ou6Y7v7t8d9c0d1b2c3d4e5f6g7h8i9j0k1l','15800030030','stu30@virtuallab.edu.cn','魏杰','20230030','生物医学工程学院','医学影像技术',1,0,'2025-07-02 14:03:10','192.168.3.130',NULL,'2025-07-02 14:03:10','2025-07-02 14:03:10'),(55,'小','123456',NULL,NULL,NULL,NULL,'计算机学院',NULL,1,0,NULL,NULL,NULL,'2025-07-03 18:42:57','2025-07-08 17:04:10'),(56,'学生1','123456',NULL,NULL,NULL,'56',NULL,NULL,1,0,NULL,NULL,NULL,'2025-07-03 18:57:08','2025-07-03 18:57:08'),(57,'学生2','123456',NULL,NULL,NULL,'57',NULL,NULL,1,0,NULL,NULL,NULL,'2025-07-03 18:57:08','2025-07-03 18:57:08'),(58,'学生3','123456',NULL,NULL,NULL,'58',NULL,NULL,1,0,NULL,NULL,NULL,'2025-07-03 18:57:08','2025-07-03 18:57:08'),(59,'学生4','123456',NULL,NULL,NULL,'59',NULL,NULL,1,0,NULL,NULL,NULL,'2025-07-03 18:57:08','2025-07-03 18:57:08'),(60,'学生5','123456',NULL,NULL,NULL,'60',NULL,NULL,1,0,NULL,NULL,NULL,'2025-07-03 18:57:08','2025-07-03 18:57:08'),(61,'admin','123456',NULL,'3278281361@qq.com','jz','8209230225','计算机学院','软件工程',1,NULL,NULL,NULL,NULL,'2025-07-09 18:44:55','2025-07-09 18:44:55'),(62,'teacher','123456',NULL,'3278281372@qq.com','张老师','22559','计算机学院','软件工程',1,NULL,NULL,NULL,NULL,'2025-07-10 15:06:32','2025-07-10 15:06:32');
/*!40000 ALTER TABLE `user` ENABLE KEYS */;
UNLOCK TABLES;

--
-- Table structure for table `user_class`
--

DROP TABLE IF EXISTS `user_class`;
/*!40101 SET @saved_cs_client     = @@character_set_client */;
/*!50503 SET character_set_client = utf8mb4 */;
CREATE TABLE `user_class` (
  `user_id` bigint NOT NULL COMMENT '用户ID',
  `class_id` bigint NOT NULL COMMENT '班级ID',
  `role` enum('student','monitor') DEFAULT 'student' COMMENT '班级角色',
  PRIMARY KEY (`user_id`,`class_id`),
  KEY `class_id` (`class_id`),
  CONSTRAINT `user_class_ibfk_1` FOREIGN KEY (`user_id`) REFERENCES `user` (`id`) ON DELETE CASCADE,
  CONSTRAINT `user_class_ibfk_2` FOREIGN KEY (`class_id`) REFERENCES `class` (`id`) ON DELETE CASCADE
) ENGINE=InnoDB DEFAULT CHARSET=utf8mb4 COLLATE=utf8mb4_0900_ai_ci COMMENT='用户班级关联表';
/*!40101 SET character_set_client = @saved_cs_client */;

--
-- Dumping data for table `user_class`
--

LOCK TABLES `user_class` WRITE;
/*!40000 ALTER TABLE `user_class` DISABLE KEYS */;
INSERT INTO `user_class` VALUES (1,1,'monitor'),(1,2,'student'),(1,3,'student'),(1,4,'student'),(1,5,'student'),(1,6,'student'),(3,1,'student'),(4,1,'monitor'),(5,1,'student'),(6,1,'student'),(7,1,'student'),(8,1,'student'),(9,2,'student'),(10,2,'monitor'),(11,3,'monitor'),(12,4,'monitor'),(13,5,'monitor'),(14,6,'monitor'),(25,2,'student'),(26,2,'student'),(27,2,'student'),(28,2,'student'),(29,3,'student'),(30,3,'student'),(31,3,'student'),(32,3,'student'),(33,3,'student'),(34,4,'student'),(35,4,'student'),(36,4,'student'),(37,4,'student'),(38,4,'student'),(39,5,'student'),(40,5,'student'),(41,5,'student'),(42,5,'student'),(43,5,'student'),(44,6,'student'),(45,6,'student'),(46,6,'student'),(47,6,'student'),(48,6,'student');
/*!40000 ALTER TABLE `user_class` ENABLE KEYS */;
UNLOCK TABLES;

--
-- Table structure for table `user_role`
--

DROP TABLE IF EXISTS `user_role`;
/*!40101 SET @saved_cs_client     = @@character_set_client */;
/*!50503 SET character_set_client = utf8mb4 */;
CREATE TABLE `user_role` (
  `id` bigint NOT NULL AUTO_INCREMENT COMMENT 'ID',
  `user_id` bigint NOT NULL COMMENT '用户ID',
  `role_id` bigint NOT NULL COMMENT '角色ID',
  `create_time` datetime DEFAULT CURRENT_TIMESTAMP COMMENT '创建时间',
  PRIMARY KEY (`id`),
  UNIQUE KEY `uk_user_role` (`user_id`,`role_id`),
  KEY `idx_user_id` (`user_id`),
  KEY `idx_role_id` (`role_id`)
) ENGINE=InnoDB AUTO_INCREMENT=9 DEFAULT CHARSET=utf8mb4 COLLATE=utf8mb4_0900_ai_ci COMMENT='用户角色关联表';
/*!40101 SET character_set_client = @saved_cs_client */;

--
-- Dumping data for table `user_role`
--

LOCK TABLES `user_role` WRITE;
/*!40000 ALTER TABLE `user_role` DISABLE KEYS */;
INSERT INTO `user_role` VALUES (1,1,4,'2025-06-27 09:02:43'),(2,2,3,'2025-07-02 13:35:15'),(3,3,1,'2025-07-03 18:42:33'),(4,56,4,'2025-07-03 18:59:21'),(5,59,4,'2025-07-03 18:59:23'),(6,55,2,'2025-07-03 18:59:23'),(7,61,1,'2025-07-09 18:44:55'),(8,62,3,'2025-07-10 15:06:32');
/*!40000 ALTER TABLE `user_role` ENABLE KEYS */;
UNLOCK TABLES;
/*!40103 SET TIME_ZONE=@OLD_TIME_ZONE */;

/*!40101 SET SQL_MODE=@OLD_SQL_MODE */;
/*!40014 SET FOREIGN_KEY_CHECKS=@OLD_FOREIGN_KEY_CHECKS */;
/*!40014 SET UNIQUE_CHECKS=@OLD_UNIQUE_CHECKS */;
/*!40101 SET CHARACTER_SET_CLIENT=@OLD_CHARACTER_SET_CLIENT */;
/*!40101 SET CHARACTER_SET_RESULTS=@OLD_CHARACTER_SET_RESULTS */;
/*!40101 SET COLLATION_CONNECTION=@OLD_COLLATION_CONNECTION */;
/*!40111 SET SQL_NOTES=@OLD_SQL_NOTES */;

-- Dump completed on 2026-01-03 16:54:22
